System : AssetRipper
System : System Version: Microsoft Windows NT 10.0.26200.0
System : Operating System: Windows x64
System : AssetRipper Version: 1.3.10.0
System : AssetRipper Build Type: Release Published
System : UTC Current Time: Sat Sep 26 14:12:39 UTC 2026
System : UTC Compile Time: Tue Jan 27 05:03:03 UTC 2026
General : Configuration Settings:
General : ExportRootPath: D:\FallenFlower\work\uncensor-mod\tools\AssetRipper_1.3.10\Ripped
General : ScriptContentLevel: Level2
General : StreamingAssetsMode: Extract
General : DefaultVersion: 0.0.0a0
General : TargetVersion: 0.0.0a0
General : EnablePrefabOutlining: False
General : EnableStaticMeshSeparation: True
General : EnableAssetDeduplication: False
General : BundledAssetsExportMode: DirectExport
General : AudioExportFormat: Default
General : ImageExportFormat: Png
General : LightmapTextureExportFormat: Yaml
General : ScriptExportMode: Hybrid
General : ScriptLanguageVersion: AutoSafe
General : ShaderExportMode: Dummy
General : SpriteExportMode: Yaml
General : TextExportMode: Parse
General : ExportUnreadableAssets: False
Import : Attempting to read files from D:\FallenFlower
Import : Windows game structure has been found at 'D:\FallenFlower'
Import : Collecting game files...
Import : Game file 'globalgamemanagers' has been found
Import : Game file 'level0' has been found
Import : Game file 'level1' has been found
Import : Game file 'level2' has been found
Import : Game file 'level3' has been found
Import : Game file 'level4' has been found
Import : Game file 'level5' has been found
Import : Game file 'level6' has been found
Import : Collecting Streaming Assets...
Import : Files use the 'IL2Cpp' scripting backend.
Import : During Il2Cpp initialization, found Unity version: 2022.3.62f3
Cpp2IL : Initializing Metadata...
Import [Error] : Could not initialize assembly manager. Switching to the 'Unknown' scripting backend.
[Error] : Cpp2IL.Core.Exceptions.LibCpp2ILInitializationException: Fatal Exception initializing LibCpp2IL!
 ---> System.FormatException: Invalid or corrupt metadata (magic number check failed)
   at LibCpp2IL.Metadata.Il2CppMetadata.ReadFrom(Byte[], UnityVersion) + 0x471
   at LibCpp2IL.LibCpp2IlMain.Initialize(Byte[], Byte[], UnityVersion) + 0x68
   at Cpp2IL.Core.Cpp2IlApi.InitializeLibCpp2Il(String assemblyPath, String metadataPath, UnityVersion unityVersion, Boolean allowUserToInputAddresses) + 0x41
   --- End of inner exception stack trace ---
   at Cpp2IL.Core.Cpp2IlApi.InitializeLibCpp2Il(String assemblyPath, String metadataPath, UnityVersion unityVersion, Boolean allowUserToInputAddresses) + 0xab
   at AssetRipper.Import.Structure.Assembly.Managers.IL2CppManager.Initialize(PlatformGameStructure) + 0x1ac
   at AssetRipper.Import.Structure.GameStructure.InitializeAssemblyManager(CoreConfiguration) + 0x286

Import : Finished reading files
Processing : Processing loaded assets...
Processing : Creating Scene Definitions
Processing : Main Asset Pairing
Processing : Reconstruct AnimatorController Assets
Processing : Reconstruct AudioMixer Assets
Processing : Editor Format Conversion
Processing : Lighting Data Assets
Processing : Processing Scriptable Object Groups
Processing : Finished processing assets
Export : Starting export
Export : Attempting to export assets to D:\FallenFlower\work\uncensor-mod\assetripper-export...
Export : Game files have these Unity versions: 2022.3.62f3 2022.3.54f1
Export : Exporting to Unity version 2022.3.62f3
Import : Resource file 'sharedassets4.resource' has been loaded
Import : Resource file 'sharedassets3.resource' has been loaded
Import : Resource file 'resources.resource' has been loaded
Import : Resource file 'sharedassets0.resource' has been loaded
Import : Resource file 'sharedassets1.resource' has been loaded
ExportProgress : (1/6690) Exporting 'Default'
ExportProgress : (2/6690) Exporting 'attendancebook01_1'
ExportProgress : (3/6690) Exporting 'bag01_1'
ExportProgress : (4/6690) Exporting 'blackboard01_1'
ExportProgress : (5/6690) Exporting 'book01_1'
ExportProgress : (6/6690) Exporting 'book02_1'
ExportProgress : (7/6690) Exporting 'book02_1_Blue'
ExportProgress : (8/6690) Exporting 'book02_2'
ExportProgress : (9/6690) Exporting 'book03_1'
ExportProgress : (10/6690) Exporting 'broom01_1'
ExportProgress : (11/6690) Exporting 'chair01_1'
ExportProgress : (12/6690) Exporting 'chalk01_1'
ExportProgress : (13/6690) Exporting 'chalk01_2'
ExportProgress : (14/6690) Exporting 'classroom_ceiling01'
ExportProgress : (15/6690) Exporting 'classroom_floor01_7'
ExportProgress : (16/6690) Exporting 'classroom_wall01 1'
ExportProgress : (17/6690) Exporting 'classroom_wall01'
ExportProgress : (18/6690) Exporting 'clock01_1'
ExportProgress : (19/6690) Exporting 'clock01_glass'
ExportProgress : (20/6690) Exporting 'counter01_1'
ExportProgress : (21/6690) Exporting 'curtain01_1'
ExportProgress : (22/6690) Exporting 'desk01_2'
ExportProgress : (23/6690) Exporting 'desk02_1'
ExportProgress : (24/6690) Exporting 'desk02_2'
ExportProgress : (25/6690) Exporting 'desk02_3'
ExportProgress : (26/6690) Exporting 'desk02_4'
ExportProgress : (27/6690) Exporting 'door01_1'
ExportProgress : (28/6690) Exporting 'drink01_1'
ExportProgress : (29/6690) Exporting 'dustpan01_1'
ExportProgress : (30/6690) Exporting 'eraser01_1'
ExportProgress : (31/6690) Exporting 'eraser01_2'
ExportProgress : (32/6690) Exporting 'erasercleaner01_1'
ExportProgress : (33/6690) Exporting 'glass01_1'
ExportProgress : (34/6690) Exporting 'glass02_1'
ExportProgress : (35/6690) Exporting 'lamp01_1'
ExportProgress : (36/6690) Exporting 'lamp01_1_ILM'
ExportProgress : (37/6690) Exporting 'lamp02_1'
ExportProgress : (38/6690) Exporting 'locker01_1'
ExportProgress : (39/6690) Exporting 'platform01_2'
ExportProgress : (40/6690) Exporting 'poster-frame01_1'
ExportProgress : (41/6690) Exporting 'poster01_1'
ExportProgress : (42/6690) Exporting 'poster02_1'
ExportProgress : (43/6690) Exporting 'projector01_1'
ExportProgress : (44/6690) Exporting 'ruler01_1'
ExportProgress : (45/6690) Exporting 'screen01_1'
ExportProgress : (46/6690) Exporting 'shelf01_1'
ExportProgress : (47/6690) Exporting 'shelf01_2'
ExportProgress : (48/6690) Exporting 'speaker01_1'
ExportProgress : (49/6690) Exporting 'switch01_1'
ExportProgress : (50/6690) Exporting 'trashbox01_1'
ExportProgress : (51/6690) Exporting 'trashbox01_2'
ExportProgress : (52/6690) Exporting 'window01_1'
ExportProgress : (53/6690) Exporting 'writing_implements01_1'
ExportProgress : (54/6690) Exporting 'Default'
ExportProgress : (55/6690) Exporting 'corridor_ceiling01_1'
ExportProgress : (56/6690) Exporting 'corridor_ceiling02_1'
ExportProgress : (57/6690) Exporting 'corridor_firedoor01_1'
ExportProgress : (58/6690) Exporting 'corridor_floor01_1'
ExportProgress : (59/6690) Exporting 'corridor_floor02_1'
ExportProgress : (60/6690) Exporting 'corridor_floor04_1'
ExportProgress : (61/6690) Exporting 'corridor_stairs01_1'
ExportProgress : (62/6690) Exporting 'corridor_wall01_1'
ExportProgress : (63/6690) Exporting 'corridor_wall02_1'
ExportProgress : (64/6690) Exporting 'door01_1'
ExportProgress : (65/6690) Exporting 'door02_1'
ExportProgress : (66/6690) Exporting 'door03_1'
ExportProgress : (67/6690) Exporting 'door03_3'
ExportProgress : (68/6690) Exporting 'faucet01_1'
ExportProgress : (69/6690) Exporting 'fire-extinguisher01_1'
ExportProgress : (70/6690) Exporting 'fireplug01_1'
ExportProgress : (71/6690) Exporting 'glass01_1'
ExportProgress : (72/6690) Exporting 'lamp01_1'
ExportProgress : (73/6690) Exporting 'lamp01_ILM'
ExportProgress : (74/6690) Exporting 'plate01_0'
ExportProgress : (75/6690) Exporting 'shelf01_1'
ExportProgress : (76/6690) Exporting 'sign01_1_ILM'
ExportProgress : (77/6690) Exporting 'sign02_1'
ExportProgress : (78/6690) Exporting 'sink01_1'
ExportProgress : (79/6690) Exporting 'umbrella-stand01_1'
ExportProgress : (80/6690) Exporting 'window01_1'
ExportProgress : (81/6690) Exporting 'classroom_ceiling01'
ExportProgress : (82/6690) Exporting 'classroom_wall01'
ExportProgress : (83/6690) Exporting 'classroom_wall02'
ExportProgress : (84/6690) Exporting 'AE_Wall_Standart_Plate'
ExportProgress : (85/6690) Exporting 'Nobody_Mtl 1'
ExportProgress : (86/6690) Exporting 'Nobody_Mtl'
ExportProgress : (87/6690) Exporting 'Bamboo'
ExportProgress : (88/6690) Exporting 'Rope_OCC'
ExportProgress : (89/6690) Exporting 'corridor_wall02_1'
Import : Resource file 'sharedassets5.assets.resS' has been loaded
ExportProgress : (90/6690) Exporting 'corridor_ceiling02_1_MaskMap'
ExportProgress : (91/6690) Exporting 'sink01_NRM'
ExportProgress : (92/6690) Exporting 'book02_1_MaskMap'
ExportProgress : (93/6690) Exporting 'book03_NRM'
ExportProgress : (94/6690) Exporting 'lamp01_ILM'
ExportProgress : (95/6690) Exporting 'drink01_1'
ExportProgress : (96/6690) Exporting 'broom01_NRM'
ExportProgress : (97/6690) Exporting 'classroom_wall03_1'
ExportProgress : (98/6690) Exporting 'broom01_1_MaskMap'
ExportProgress : (99/6690) Exporting 'Bamboo_2048_MaskMap'
ExportProgress : (100/6690) Exporting 'desk02_1'
ExportProgress : (101/6690) Exporting 'faucet01_1_MaskMap'
ExportProgress : (102/6690) Exporting 'book01_1'
ExportProgress : (103/6690) Exporting 'window01_1_MaskMap'
ExportProgress : (104/6690) Exporting 'classroom_wall01_1'
ExportProgress : (105/6690) Exporting 'door03_1_MaskMap'
ExportProgress : (106/6690) Exporting 'lamp01_1_MaskMap'
ExportProgress : (107/6690) Exporting 'shelf01_1'
ExportProgress : (108/6690) Exporting 'corridor_floor01_1_DetailMap'
ExportProgress : (109/6690) Exporting 'door03_3'
ExportProgress : (110/6690) Exporting 'attendancebook01_1'
ExportProgress : (111/6690) Exporting 'Bamboo_2048_Normal'
ExportProgress : (112/6690) Exporting 'sign02_1_MaskMap'
ExportProgress : (113/6690) Exporting 'book02_NRM'
ExportProgress : (114/6690) Exporting 'corridor_ceiling02_NRM'
ExportProgress : (115/6690) Exporting 'counter01_NRM'
ExportProgress : (116/6690) Exporting 'shelf01_1_MaskMap'
ExportProgress : (117/6690) Exporting 'counter01_1_MaskMap'
ExportProgress : (118/6690) Exporting 'fire-extinguisher01_1'
ExportProgress : (119/6690) Exporting 'dustpan01_1_MaskMap'
ExportProgress : (120/6690) Exporting 'ruler01_NRM'
ExportProgress : (121/6690) Exporting 'broom01_1'
ExportProgress : (122/6690) Exporting 'locker01_NRM'
ExportProgress : (123/6690) Exporting 'desk01_NRM'
ExportProgress : (124/6690) Exporting 'clock01_1'
ExportProgress : (125/6690) Exporting 'shelf01_NRM'
ExportProgress : (126/6690) Exporting 'classroom_ceiling01_MaskMap'
ExportProgress : (127/6690) Exporting 'dustpan01_NRM'
ExportProgress : (128/6690) Exporting 'poster01_1'
ExportProgress : (129/6690) Exporting 'door03_NRM'
ExportProgress : (130/6690) Exporting 'chalk01_2'
ExportProgress : (131/6690) Exporting 'switch01_NRM'
ExportProgress : (132/6690) Exporting 'door01_1_MaskMap'
ExportProgress : (133/6690) Exporting 'classroom_wall01_MaskMap'
ExportProgress : (134/6690) Exporting 'door01_NRM'
ExportProgress : (135/6690) Exporting 'corridor_ceiling02_1'
ExportProgress : (136/6690) Exporting 'erasercleaner01_1_MaskMap'
ExportProgress : (137/6690) Exporting 'sign01_NRM'
ExportProgress : (138/6690) Exporting 'door01_1'
ExportProgress : (139/6690) Exporting 'book02_1_Blue_MaskMap'
ExportProgress : (140/6690) Exporting 'sign01_1'
ExportProgress : (141/6690) Exporting 'desk02_4'
ExportProgress : (142/6690) Exporting 'book02_1'
ExportProgress : (143/6690) Exporting 'screen01_1_MaskMap'
ExportProgress : (144/6690) Exporting 'window01_1'
ExportProgress : (145/6690) Exporting 'lamp01_1'
ExportProgress : (146/6690) Exporting 'locker01_1'
ExportProgress : (147/6690) Exporting 'umbrella-stand01_1'
ExportProgress : (148/6690) Exporting 'book02_2'
ExportProgress : (149/6690) Exporting 'corridor_floor01_1'
ExportProgress : (150/6690) Exporting 'book03_1'
ExportProgress : (151/6690) Exporting 'bag01_NRM'
ExportProgress : (152/6690) Exporting 'clock01_1_MaskMap'
ExportProgress : (153/6690) Exporting 'sign01_1_ILM'
ExportProgress : (154/6690) Exporting 'corridor_firedoor01_NRM'
ExportProgress : (155/6690) Exporting 'curtain01_NRM'
ExportProgress : (156/6690) Exporting 'chair01_1_MaskMap'
ExportProgress : (157/6690) Exporting 'poster-frame01_1_MaskMap'
ExportProgress : (158/6690) Exporting 'faucet01_1'
ExportProgress : (159/6690) Exporting 'projector01_1'
ExportProgress : (160/6690) Exporting 'corridor_stairs01_1_MaskMap'
ExportProgress : (161/6690) Exporting 'trashbox01_NRM'
ExportProgress : (162/6690) Exporting 'lamp01_NRM'
ExportProgress : (163/6690) Exporting 'eraser01_2'
ExportProgress : (164/6690) Exporting 'switch01_1'
ExportProgress : (165/6690) Exporting 'clock01_NRM'
ExportProgress : (166/6690) Exporting 'ruler01_1'
ExportProgress : (167/6690) Exporting 'sink01_1_MaskMap'
ExportProgress : (168/6690) Exporting 'corridor_wall01_1_MaskMap'
ExportProgress : (169/6690) Exporting 'desk02_2_MaskMap'
ExportProgress : (170/6690) Exporting 'AE_Wall_Cast_Concrete_A'
ExportProgress : (171/6690) Exporting 'classroom_wall01_NRM'
ExportProgress : (172/6690) Exporting 'lamp01_ILM'
ExportProgress : (173/6690) Exporting 'sign02_1'
ExportProgress : (174/6690) Exporting 'door01_1'
ExportProgress : (175/6690) Exporting 'dustpan01_HIG'
ExportProgress : (176/6690) Exporting 'fire-extinguisher01_1_MaskMap'
ExportProgress : (177/6690) Exporting 'lamp01_1_MaskMap'
ExportProgress : (178/6690) Exporting 'eraser01_NRM'
ExportProgress : (179/6690) Exporting 'corridor_firedoor01_1'
ExportProgress : (180/6690) Exporting 'lamp01_ILM_MaskMap'
ExportProgress : (181/6690) Exporting 'lamp02_ILM'
ExportProgress : (182/6690) Exporting 'corridor_floor02_1_MaskMap'
ExportProgress : (183/6690) Exporting 'corridor_wall01_NRM'
ExportProgress : (184/6690) Exporting 'shelf01_2_MaskMap'
ExportProgress : (185/6690) Exporting 'door02_1_MaskMap'
ExportProgress : (186/6690) Exporting 'umbrella-stand01_1_MaskMap'
ExportProgress : (187/6690) Exporting 'classroom_floor01_NRM2'
ExportProgress : (188/6690) Exporting 'classroom_wall01_NRM'
ExportProgress : (189/6690) Exporting 'door03_3_MaskMap'
ExportProgress : (190/6690) Exporting 'erasercleaner01_1'
ExportProgress : (191/6690) Exporting 'speaker01_1_MaskMap'
ExportProgress : (192/6690) Exporting 'blackboard01_1_MaskMap'
ExportProgress : (193/6690) Exporting 'attendancebook01_NRM'
ExportProgress : (194/6690) Exporting 'dustpan01_1'
ExportProgress : (195/6690) Exporting 'bag01_1_MaskMap'
ExportProgress : (196/6690) Exporting 'locker01_1_MaskMap'
ExportProgress : (197/6690) Exporting 'AE_Wall_Cast_Concrete_N'
ExportProgress : (198/6690) Exporting 'desk02_NRM'
ExportProgress : (199/6690) Exporting 'door03_1'
ExportProgress : (200/6690) Exporting 'writing_implements01_1_MaskMap'
ExportProgress : (201/6690) Exporting 'lamp01_NRM'
ExportProgress : (202/6690) Exporting 'window01_1'
ExportProgress : (203/6690) Exporting 'eraser01_1'
ExportProgress : (204/6690) Exporting 'counter01_1'
ExportProgress : (205/6690) Exporting 'platform01_2_MaskMap'
ExportProgress : (206/6690) Exporting 'curtain01_1'
ExportProgress : (207/6690) Exporting 'desk02_4_MaskMap'
ExportProgress : (208/6690) Exporting 'Ring_T_Flare'
ExportProgress : (209/6690) Exporting 'screen01_NRM'
ExportProgress : (210/6690) Exporting 'desk01_2_MaskMap'
ExportProgress : (211/6690) Exporting 'corridor_stairs01_1'
ExportProgress : (212/6690) Exporting 'blackboard01_NRM'
ExportProgress : (213/6690) Exporting 'platform01_NRM'
ExportProgress : (214/6690) Exporting 'door02_1'
ExportProgress : (215/6690) Exporting 'desk02_1_MaskMap'
ExportProgress : (216/6690) Exporting 'classroom_floor01_7'
ExportProgress : (217/6690) Exporting 'poster02_1_MaskMap'
ExportProgress : (218/6690) Exporting 'Bamboo_2048_BaseMap'
ExportProgress : (219/6690) Exporting 'book03_1_MaskMap'
ExportProgress : (220/6690) Exporting 'curtain01_1_MaskMap'
ExportProgress : (221/6690) Exporting 'writing_implements01_NRM'
ExportProgress : (222/6690) Exporting 'corridor_floor04_1'
ExportProgress : (223/6690) Exporting 'corridor_floor02_1'
ExportProgress : (224/6690) Exporting 'projector01_NRM'
ExportProgress : (225/6690) Exporting 'lamp02_1_MaskMap'
ExportProgress : (226/6690) Exporting 'desk01_2'
ExportProgress : (227/6690) Exporting 'corridor_floor02_NRM'
ExportProgress : (228/6690) Exporting 'corridor_ceiling01_1_MaskMap'
ExportProgress : (229/6690) Exporting 'desk02_3'
ExportProgress : (230/6690) Exporting 'corridor_firedoor01_1_MaskMap'
ExportProgress : (231/6690) Exporting 'platform01_2'
ExportProgress : (232/6690) Exporting 'corridor_stairs01_NRM'
ExportProgress : (233/6690) Exporting 'chair01_1'
ExportProgress : (234/6690) Exporting 'PartialRIng_T_Flare'
ExportProgress : (235/6690) Exporting 'lamp01_1_ILM_MaskMap'
ExportProgress : (236/6690) Exporting 'door02_NRM'
ExportProgress : (237/6690) Exporting 'fireplug01_NRM'
ExportProgress : (238/6690) Exporting 'plate01_0_MaskMap'
ExportProgress : (239/6690) Exporting 'umbrella-stand01_NRM'
ExportProgress : (240/6690) Exporting 'corridor_floor01_1_MaskMap'
ExportProgress : (241/6690) Exporting 'sign01_1_ILM_MaskMap'
ExportProgress : (242/6690) Exporting 'blackboard01_1'
ExportProgress : (243/6690) Exporting 'writing_implements01_1'
ExportProgress : (244/6690) Exporting 'erasercleaner01_NRM'
ExportProgress : (245/6690) Exporting 'corridor_floor04_1_DetailMap'
ExportProgress : (246/6690) Exporting 'corridor_ceiling01_NRM'
ExportProgress : (247/6690) Exporting 'lamp01_1'
ExportProgress : (248/6690) Exporting 'fireplug01_1_MaskMap'
ExportProgress : (249/6690) Exporting 'ruler01_1_MaskMap'
ExportProgress : (250/6690) Exporting 'eraser01_1_MaskMap'
ExportProgress : (251/6690) Exporting 'fire-extinguisher01_NRM'
ExportProgress : (252/6690) Exporting 'corridor_ceiling01_1'
ExportProgress : (253/6690) Exporting 'shelf01_1_MaskMap'
ExportProgress : (254/6690) Exporting 'shelf01_2'
ExportProgress : (255/6690) Exporting 'window01_1_MaskMap'
ExportProgress : (256/6690) Exporting 'window01_NRM'
ExportProgress : (257/6690) Exporting 'chair01_NRM'
ExportProgress : (258/6690) Exporting 'poster-frame01_1'
ExportProgress : (259/6690) Exporting 'poster-frame01_NRM'
ExportProgress : (260/6690) Exporting 'plate01_0'
ExportProgress : (261/6690) Exporting 'speaker01_NRM'
ExportProgress : (262/6690) Exporting 'screen01_1'
ExportProgress : (263/6690) Exporting 'classroom_wall01_2'
ExportProgress : (264/6690) Exporting 'lamp02_1'
ExportProgress : (265/6690) Exporting 'classroom_wall01_MaskMap'
ExportProgress : (266/6690) Exporting 'poster02_1'
ExportProgress : (267/6690) Exporting 'faucet01_NRM'
ExportProgress : (268/6690) Exporting 'trashbox01_2'
ExportProgress : (269/6690) Exporting 'shelf01_1'
ExportProgress : (270/6690) Exporting 'lamp02_NRM'
ExportProgress : (271/6690) Exporting 'door01_NRM'
ExportProgress : (272/6690) Exporting 'desk02_3_MaskMap'
ExportProgress : (273/6690) Exporting 'corridor_floor04_1_MaskMap'
ExportProgress : (274/6690) Exporting 'classroom_wall03_NRM'
ExportProgress : (275/6690) Exporting 'book02_1_B'
ExportProgress : (276/6690) Exporting 'sink01_1'
ExportProgress : (277/6690) Exporting 'classroom_wall02_MaskMap'
ExportProgress : (278/6690) Exporting 'bag01_1'
ExportProgress : (279/6690) Exporting 'projector01_1_MaskMap'
ExportProgress : (280/6690) Exporting 'chalk01_1'
ExportProgress : (281/6690) Exporting 'desk02_2'
ExportProgress : (282/6690) Exporting 'corridor_wall02_1_MaskMap'
ExportProgress : (283/6690) Exporting 'speaker01_1'
ExportProgress : (284/6690) Exporting 'book02_2_MaskMap'
ExportProgress : (285/6690) Exporting 'shelf01_NRM'
ExportProgress : (286/6690) Exporting 'door01_1_MaskMap'
ExportProgress : (287/6690) Exporting 'Shimmer_T_Flare'
ExportProgress : (288/6690) Exporting 'corridor_wall01_1'
ExportProgress : (289/6690) Exporting 'window01_NRM'
ExportProgress : (290/6690) Exporting 'classroom_floor01_7_MaskMap'
ExportProgress : (291/6690) Exporting 'trashbox01_1'
ExportProgress : (292/6690) Exporting 'fireplug01_1'
ExportProgress : (293/6690) Exporting 'eraser01_2_MaskMap'
ExportProgress : (294/6690) Exporting 'attendancebook01_1_MaskMap'
ExportProgress : (295/6690) Exporting 'npc_haircut_c_02_lod1'
ExportProgress : (296/6690) Exporting 'npc_hmn_01f_lod1'
ExportProgress : (297/6690) Exporting 'npc_haircut_d_01_lod1'
ExportProgress : (298/6690) Exporting 'npc_csl_raglanrolled_01f_sleeves_lod1'
ExportProgress : (299/6690) Exporting 'erasercleaner01'
ExportProgress : (300/6690) Exporting 'dustpan01_brush'
ExportProgress : (301/6690) Exporting 'book01_b2'
ExportProgress : (302/6690) Exporting 'door03_2_door'
ExportProgress : (303/6690) Exporting 'corridor_pillar_B'
ExportProgress : (304/6690) Exporting 'board01_long'
ExportProgress : (305/6690) Exporting 'sign02_men2'
ExportProgress : (306/6690) Exporting 'poster-frame01_1'
ExportProgress : (307/6690) Exporting 'pencil'
ExportProgress : (308/6690) Exporting 'book03'
ExportProgress : (309/6690) Exporting 'AE_House_01_Parapet_05_LOD0'
ExportProgress : (310/6690) Exporting 'dustpan01'
ExportProgress : (311/6690) Exporting 'corridor_beams_stairs'
ExportProgress : (312/6690) Exporting 'screen01_1'
ExportProgress : (313/6690) Exporting 'corridor_ceiling-hatch'
ExportProgress : (314/6690) Exporting 'stairs_handrail'
ExportProgress : (315/6690) Exporting 'floor_C'
ExportProgress : (316/6690) Exporting 'sign01_2'
ExportProgress : (317/6690) Exporting 'sign03_floor-level1'
ExportProgress : (318/6690) Exporting 'dustpan01_hook'
ExportProgress : (319/6690) Exporting 'chair01'
ExportProgress : (320/6690) Exporting 'fireplug01_box'
ExportProgress : (321/6690) Exporting 'distribution-box02'
ExportProgress : (322/6690) Exporting 'blackboard01_3'
ExportProgress : (323/6690) Exporting 'desk01'
ExportProgress : (324/6690) Exporting 'setsquare1'
ExportProgress : (325/6690) Exporting 'door01_frame'
ExportProgress : (326/6690) Exporting 'broom01_1'
ExportProgress : (327/6690) Exporting 'AE_Parapet_02'
ExportProgress : (328/6690) Exporting 'wall'
ExportProgress : (329/6690) Exporting 'corridor_wall_A_window'
ExportProgress : (330/6690) Exporting 'eraser01'
ExportProgress : (331/6690) Exporting 'bag01_3'
ExportProgress : (332/6690) Exporting 'corridor_beams_long'
ExportProgress : (333/6690) Exporting 'setsquare2'
ExportProgress : (334/6690) Exporting 'attendancebook01_2'
ExportProgress : (335/6690) Exporting 'platform01'
ExportProgress : (336/6690) Exporting 'sign03_floor-levelR'
ExportProgress : (337/6690) Exporting 'drink01'
ExportProgress : (338/6690) Exporting 'AE_House_01_Parapet_04_LOD0'
ExportProgress : (339/6690) Exporting 'AE_Parapet_01'
ExportProgress : (340/6690) Exporting 'plate01'
ExportProgress : (341/6690) Exporting 'fireplug01_pipe'
ExportProgress : (342/6690) Exporting 'AE_House_01_Roof'
ExportProgress : (343/6690) Exporting 'AE_House_01_Parapet_03'
ExportProgress : (344/6690) Exporting 'umbrella-stand01'
ExportProgress : (345/6690) Exporting 'sign03_floor-level2'
ExportProgress : (346/6690) Exporting 'ceiling_sink'
ExportProgress : (347/6690) Exporting 'speaker01_code1'
ExportProgress : (348/6690) Exporting 'switch'
ExportProgress : (349/6690) Exporting 'shadow'
ExportProgress : (350/6690) Exporting 'TreeSmall_Static'
ExportProgress : (351/6690) Exporting 'poster01_1'
ExportProgress : (352/6690) Exporting 'bag01_2'
ExportProgress : (353/6690) Exporting 'sink01_1'
ExportProgress : (354/6690) Exporting 'poster02_pin'
ExportProgress : (355/6690) Exporting 'fire-extinguisher01_2'
ExportProgress : (356/6690) Exporting 'door01_frame'
ExportProgress : (357/6690) Exporting 'poster02_1'
ExportProgress : (358/6690) Exporting 'poster01_3'
ExportProgress : (359/6690) Exporting 'projector01'
ExportProgress : (360/6690) Exporting 'chalk01_pink'
ExportProgress : (361/6690) Exporting 'stairs_top'
ExportProgress : (362/6690) Exporting 'AE_House_04_Wall_01_LOD0'
ExportProgress : (363/6690) Exporting 'sign02_women1'
ExportProgress : (364/6690) Exporting 'corridor_wall_A_classroom02'
ExportProgress : (365/6690) Exporting 'corridor_wall_C2'
ExportProgress : (366/6690) Exporting 'board01_short'
ExportProgress : (367/6690) Exporting 'book02'
ExportProgress : (368/6690) Exporting 'ceiling_stairs_bottom_B'
ExportProgress : (369/6690) Exporting 'outlet'
ExportProgress : (370/6690) Exporting 'lamp02'
ExportProgress : (371/6690) Exporting 'ceiling_restroom'
ExportProgress : (372/6690) Exporting 'trashbox01'
ExportProgress : (373/6690) Exporting 'AE_House_01_Wall_02_LOD0'
ExportProgress : (374/6690) Exporting 'shelf01_1'
ExportProgress : (375/6690) Exporting 'firedoor_A'
ExportProgress : (376/6690) Exporting 'corridor_wall_end_A5'
ExportProgress : (377/6690) Exporting 'blackboard01_1'
ExportProgress : (378/6690) Exporting 'poster-frame01_2'
ExportProgress : (379/6690) Exporting 'classroom02_shadow'
ExportProgress : (380/6690) Exporting 'corridor_pillar_A'
ExportProgress : (381/6690) Exporting 'speaker01'
ExportProgress : (382/6690) Exporting 'cable01_1'
ExportProgress : (383/6690) Exporting 'poster01_2'
ExportProgress : (384/6690) Exporting 'locker01_open'
ExportProgress : (385/6690) Exporting 'corridor_wall_C3'
ExportProgress : (386/6690) Exporting 'broom01_2'
ExportProgress : (387/6690) Exporting 'paper'
ExportProgress : (388/6690) Exporting 'door02_frame'
ExportProgress : (389/6690) Exporting 'eraser'
ExportProgress : (390/6690) Exporting 'switch01'
ExportProgress : (391/6690) Exporting 'window01_2_frame'
ExportProgress : (392/6690) Exporting 'door03_1_door'
ExportProgress : (393/6690) Exporting 'sign03_floor-level4'
ExportProgress : (394/6690) Exporting 'AE_House_01_Column_01'
ExportProgress : (395/6690) Exporting 'fire-extinguisher01_1'
ExportProgress : (396/6690) Exporting 'screen01_2'
ExportProgress : (397/6690) Exporting 'book01_b1'
ExportProgress : (398/6690) Exporting 'sign02_women2'
ExportProgress : (399/6690) Exporting 'poster02_2'
ExportProgress : (400/6690) Exporting 'curtain01_rail'
ExportProgress : (401/6690) Exporting 'shelf01'
ExportProgress : (402/6690) Exporting 'floor_B'
ExportProgress : (403/6690) Exporting 'AE_House_01_Parapet_01'
ExportProgress : (404/6690) Exporting 'desk02'
ExportProgress : (405/6690) Exporting 'door01_frame'
ExportProgress : (406/6690) Exporting 'lamp01'
ExportProgress : (407/6690) Exporting 'window01'
ExportProgress : (408/6690) Exporting 'sink01_pipe'
ExportProgress : (409/6690) Exporting 'chalk01_white'
ExportProgress : (410/6690) Exporting 'compass'
ExportProgress : (411/6690) Exporting 'pointer1'
ExportProgress : (412/6690) Exporting 'counter01_2'
ExportProgress : (413/6690) Exporting 'protractor'
ExportProgress : (414/6690) Exporting 'blackboard01_2'
ExportProgress : (415/6690) Exporting 'screen01_hook'
ExportProgress : (416/6690) Exporting 'cable01_2'
ExportProgress : (417/6690) Exporting 'curtain01_1'
ExportProgress : (418/6690) Exporting 'board01'
ExportProgress : (419/6690) Exporting 'curtain01_winframe'
ExportProgress : (420/6690) Exporting 'lamp01_1'
ExportProgress : (421/6690) Exporting 'window01_1_frame'
ExportProgress : (422/6690) Exporting 'door02_frame'
ExportProgress : (423/6690) Exporting 'AE_Wall_2.5'
ExportProgress : (424/6690) Exporting 'ceiling_A'
ExportProgress : (425/6690) Exporting 'book01_a1'
ExportProgress : (426/6690) Exporting 'sign02_men1'
ExportProgress : (427/6690) Exporting 'stairs_concrete'
ExportProgress : (428/6690) Exporting 'attendancebook01_1'
ExportProgress : (429/6690) Exporting 'wall_C1'
ExportProgress : (430/6690) Exporting 'faucet01_1'
ExportProgress : (431/6690) Exporting 'clock01'
ExportProgress : (432/6690) Exporting 'door03_2_frame'
ExportProgress : (433/6690) Exporting 'AE_House_01_Parapet_05_LOD1'
ExportProgress : (434/6690) Exporting 'ceiling'
ExportProgress : (435/6690) Exporting 'ceiling_C'
ExportProgress : (436/6690) Exporting 'door01_door1'
ExportProgress : (437/6690) Exporting 'ceiling'
ExportProgress : (438/6690) Exporting 'AE_House_01_Parapet_04_LOD1'
ExportProgress : (439/6690) Exporting 'floor_sink'
ExportProgress : (440/6690) Exporting 'Tree_Grate'
ExportProgress : (441/6690) Exporting 'door01_1'
ExportProgress : (442/6690) Exporting 'poster02_circle'
ExportProgress : (443/6690) Exporting 'frame_B_floor'
ExportProgress : (444/6690) Exporting 'ceiling_stair_top'
ExportProgress : (445/6690) Exporting 'wall_stairs_bottom_B'
ExportProgress : (446/6690) Exporting 'floor_restroom'
ExportProgress : (447/6690) Exporting 'blackboard01_drawer1'
ExportProgress : (448/6690) Exporting 'door'
ExportProgress : (449/6690) Exporting 'door02_door1'
ExportProgress : (450/6690) Exporting 'window01_2_win1'
ExportProgress : (451/6690) Exporting 'door03_1_frame'
ExportProgress : (452/6690) Exporting 'ceiling_B'
ExportProgress : (453/6690) Exporting 'door01_1'
ExportProgress : (454/6690) Exporting 'window01_1'
ExportProgress : (455/6690) Exporting 'door1'
ExportProgress : (456/6690) Exporting 'window01_1_win1'
ExportProgress : (457/6690) Exporting 'door02_door1'
ExportProgress : (458/6690) Exporting 'floor_A'
ExportProgress : (459/6690) Exporting 'long'
ExportProgress : (460/6690) Exporting 'floor'
ExportProgress : (461/6690) Exporting 'door01_door2'
ExportProgress : (462/6690) Exporting 'floor'
ExportProgress : (463/6690) Exporting 'wall_sink'
ExportProgress : (464/6690) Exporting 'Tree_Groundplane'
ExportProgress : (465/6690) Exporting 'door01_2'
ExportProgress : (466/6690) Exporting 'floor_stairs_top'
ExportProgress : (467/6690) Exporting 'stairs_bottom_B'
ExportProgress : (468/6690) Exporting 'wall_restroom'
ExportProgress : (469/6690) Exporting 'blackboard01_drawer2'
ExportProgress : (470/6690) Exporting 'door02_door2'
ExportProgress : (471/6690) Exporting 'window01_2_win2'
ExportProgress : (472/6690) Exporting 'door01_2'
ExportProgress : (473/6690) Exporting 'window01_2'
ExportProgress : (474/6690) Exporting 'door2'
ExportProgress : (475/6690) Exporting 'window01_1_win2'
ExportProgress : (476/6690) Exporting 'door02_door2'
ExportProgress : (477/6690) Exporting 'short'
ExportProgress : (478/6690) Exporting 'beams'
ExportProgress : (479/6690) Exporting 'door01_win1'
ExportProgress : (480/6690) Exporting 'wall_stairs_top'
ExportProgress : (481/6690) Exporting 'floor_stairs_bottom_B'
ExportProgress : (482/6690) Exporting 'wall_restroom_window'
ExportProgress : (483/6690) Exporting 'door02_door3'
ExportProgress : (484/6690) Exporting 'door01_win1'
ExportProgress : (485/6690) Exporting 'window01_3'
ExportProgress : (486/6690) Exporting 'window01_1_win3'
ExportProgress : (487/6690) Exporting 'door02_door3'
ExportProgress : (488/6690) Exporting 'door01_win2'
ExportProgress : (489/6690) Exporting 'door02_door4'
ExportProgress : (490/6690) Exporting 'door01_win2'
ExportProgress : (491/6690) Exporting 'window01_4'
ExportProgress : (492/6690) Exporting 'window01_1_win4'
ExportProgress : (493/6690) Exporting 'door02_door4'
ExportProgress : (494/6690) Exporting 'door01_win3'
ExportProgress : (495/6690) Exporting 'door02_win1'
ExportProgress : (496/6690) Exporting 'door01_win3'
ExportProgress : (497/6690) Exporting 'window01_5'
ExportProgress : (498/6690) Exporting 'door02_win1'
ExportProgress : (499/6690) Exporting 'door01_win4'
ExportProgress : (500/6690) Exporting 'door02_win2'
ExportProgress : (501/6690) Exporting 'door01_win4'
ExportProgress : (502/6690) Exporting 'window01_6'
ExportProgress : (503/6690) Exporting 'door02_win2'
ExportProgress : (504/6690) Exporting 'door01_win5'
ExportProgress : (505/6690) Exporting 'door02_win3'
ExportProgress : (506/6690) Exporting 'door01_win5'
ExportProgress : (507/6690) Exporting 'window01_7'
ExportProgress : (508/6690) Exporting 'door02_win3'
ExportProgress : (509/6690) Exporting 'door01_win6'
ExportProgress : (510/6690) Exporting 'door02_win4'
ExportProgress : (511/6690) Exporting 'door01_win6'
ExportProgress : (512/6690) Exporting 'window01_8'
ExportProgress : (513/6690) Exporting 'door02_win4'
ExportProgress : (514/6690) Exporting 'npc_hmn_01m_lod1'
ExportProgress : (515/6690) Exporting 'Bamboo_Rope'
ExportProgress : (516/6690) Exporting 'Bamboo'
ExportProgress : (517/6690) Exporting 'npc_csl_skirt_01_lod1'
ExportProgress : (518/6690) Exporting 'wall_out'
ExportProgress : (519/6690) Exporting 'npc_csl_raglanrolled_01f_torso_lod1'
ExportProgress : (520/6690) Exporting 'ReflectionProbe-AfterClass 1'
ExportProgress : (521/6690) Exporting 'ReflectionProbe-AfterClass'
ExportProgress : (522/6690) Exporting 'ReflectionProbe-1'
ExportProgress : (523/6690) Exporting 'ReflectionProbe-0'
ExportProgress : (524/6690) Exporting 'ReflectionProbe-Night'
ExportProgress : (525/6690) Exporting 'ReflectionProbe-Day'
ExportProgress : (526/6690) Exporting 'ReflectionProbe-AfterClass 2'
ExportProgress : (527/6690) Exporting 'npc_hmn_01fAvatar'
ExportProgress : (528/6690) Exporting 'npc_hmn_01m 1Avatar'
ExportProgress : (529/6690) Exporting 'NavMesh-School'
ExportProgress : (530/6690) Exporting 'IndirectLightingController'
ExportProgress : (531/6690) Exporting 'Class'
ExportProgress : (532/6690) Exporting 'SchoolExposure'
ExportProgress : (533/6690) Exporting 'OasisSun_Flare'
ExportProgress : (534/6690) Exporting 'ClassRoom Volume Profile'
ExportProgress : (535/6690) Exporting 'ColorAdjustments'
ExportProgress : (536/6690) Exporting 'DecalPuddle_Mat'
ExportProgress : (537/6690) Exporting 'Fabric061_1K-JPG_Color'
ExportProgress : (538/6690) Exporting 'SubwayAD 1'
ExportProgress : (539/6690) Exporting 'SubwayAD 2'
ExportProgress : (540/6690) Exporting 'SubwayAD 3'
ExportProgress : (541/6690) Exporting 'SubwayAD'
ExportProgress : (542/6690) Exporting 'SubwayWall'
ExportProgress : (543/6690) Exporting 'SubwayWindow'
ExportProgress : (544/6690) Exporting 'Terrazzo019L_1K-JPG_Color'
ExportProgress : (545/6690) Exporting 'Wood066_1K-JPG_Color'
ExportProgress : (546/6690) Exporting '海〇線'
Import : Resource file 'sharedassets4.assets.resS' has been loaded
ExportProgress : (547/6690) Exporting 'Fabric061_1K-JPG_Color'
ExportProgress : (548/6690) Exporting '秘境の湯'
ExportProgress : (549/6690) Exporting 'SubwayWall'
ExportProgress : (550/6690) Exporting 'Terrazzo019L_1K-JPG_Color'
ExportProgress : (551/6690) Exporting 'Wood066_1K-JPG_NormalGL'
ExportProgress : (552/6690) Exporting 'Terrazzo019L_1K-JPG_Roughness'
ExportProgress : (553/6690) Exporting '花火大祭'
ExportProgress : (554/6690) Exporting 'マナー'
ExportProgress : (555/6690) Exporting 'Wood066_1K-JPG_Color'
ExportProgress : (556/6690) Exporting 'DecalPuddle_01_Albedo'
ExportProgress : (557/6690) Exporting 'SubwayProp'
ExportProgress : (558/6690) Exporting 'SubwayConditioner'
ExportProgress : (559/6690) Exporting 'SubwayDoorProp'
ExportProgress : (560/6690) Exporting 'SubwayAD_3'
ExportProgress : (561/6690) Exporting 'SubwayAD_2'
ExportProgress : (562/6690) Exporting 'SubwayBase'
ExportProgress : (563/6690) Exporting 'SubwayAD'
ExportProgress : (564/6690) Exporting 'SubwayDoor'
ExportProgress : (565/6690) Exporting 'SubwayAD_1'
ExportProgress : (566/6690) Exporting 'SubwayDoorColl'
ExportProgress : (567/6690) Exporting 'SubwayColl'
ExportProgress : (568/6690) Exporting 'freesound_community-subway-sound-38903'
ExportProgress : (569/6690) Exporting 'on_a_bullet_train1'
ExportProgress : (570/6690) Exporting 'Interior_E'
ExportProgress : (571/6690) Exporting 'CharacterFriction'
ExportProgress : (572/6690) Exporting 'VisualEnvironment'
ExportProgress : (573/6690) Exporting 'HDRISky'
ExportProgress : (574/6690) Exporting 'Exposure'
ExportProgress : (575/6690) Exporting 'SitOnSubway'
ExportProgress : (576/6690) Exporting 'SubwayScene Profile'
ExportProgress : (577/6690) Exporting 'GlobalIllumination'
ExportProgress : (578/6690) Exporting 'MotionBlur'
ExportProgress : (579/6690) Exporting 'ScreenSpaceReflection'
ExportProgress : (580/6690) Exporting 'ScreenSpaceRefraction'
ExportProgress : (581/6690) Exporting 'Fog'
ExportProgress : (582/6690) Exporting 'HDShadowSettings'
ExportProgress : (583/6690) Exporting 'Architectural'
ExportProgress : (584/6690) Exporting 'Hospital_Props'
ExportProgress : (585/6690) Exporting 'Toilet_Props'
ExportProgress : (586/6690) Exporting 'toilet02_2'
ExportProgress : (587/6690) Exporting 'WhiteWood_Tiled 2'
ExportProgress : (588/6690) Exporting 'Splash'
ExportProgress : (589/6690) Exporting 'WaterDropSmall'
ExportProgress : (590/6690) Exporting 'StickyNote'
ExportProgress : (591/6690) Exporting 'Toilet_Combined_basecolor'
Import : Resource file 'sharedassets3.assets.resS' has been loaded
ExportProgress : (592/6690) Exporting 'Hospital_Props_BASE'
ExportProgress : (593/6690) Exporting 'Hospital_Props_MaskMap'
ExportProgress : (594/6690) Exporting 'Architect_NM'
ExportProgress : (595/6690) Exporting 'StickyNote'
ExportProgress : (596/6690) Exporting 'toilet02_2_MaskMap'
ExportProgress : (597/6690) Exporting 'Hospital_Props_NM'
ExportProgress : (598/6690) Exporting 'toilet02_2'
ExportProgress : (599/6690) Exporting 'Toilet_Combined_normal'
ExportProgress : (600/6690) Exporting 'Architectural_MaskMap'
ExportProgress : (601/6690) Exporting 'Architect_ALB'
ExportProgress : (602/6690) Exporting 'Toilet_Props_MaskMap'
ExportProgress : (603/6690) Exporting 'Plane'
ExportProgress : (604/6690) Exporting 'Surgery_Tray_Smooth'
ExportProgress : (605/6690) Exporting 'AirVentGrid'
ExportProgress : (606/6690) Exporting 'Envelope_Knife'
ExportProgress : (607/6690) Exporting 'Scoop'
ExportProgress : (608/6690) Exporting 'Surgery_Tray_Square_large'
ExportProgress : (609/6690) Exporting 'Purse'
ExportProgress : (610/6690) Exporting 'Curtains_Holder'
ExportProgress : (611/6690) Exporting 'Door_Metal_Grid'
ExportProgress : (612/6690) Exporting 'BenkiPillory'
ExportProgress : (613/6690) Exporting 'BeWhip'
ExportProgress : (614/6690) Exporting 'Punishment_2'
ExportProgress : (615/6690) Exporting 'DrinkPiss'
ExportProgress : (616/6690) Exporting '堸擜侾俆'
ExportProgress : (617/6690) Exporting 'ReflectionProbe-0'
ExportProgress : (618/6690) Exporting 'Punishment_1'
ExportProgress : (619/6690) Exporting 'Punishment_2'
ExportProgress : (620/6690) Exporting 'PunishmentRoomSceneProfile'
ExportProgress : (621/6690) Exporting 'VisualEnvironment'
ExportProgress : (622/6690) Exporting 'ColorAdjustments'
ExportProgress : (623/6690) Exporting 'Exposure'
ExportProgress : (624/6690) Exporting 'FlipHorizontal'
ExportProgress : (625/6690) Exporting 'Additional_SmallProps'
ExportProgress : (626/6690) Exporting 'Mirror'
ExportProgress : (627/6690) Exporting 'WashingMachine'
ExportProgress : (628/6690) Exporting 'Material'
ExportProgress : (629/6690) Exporting 'AE_Concrete_01 1'
ExportProgress : (630/6690) Exporting 'Door_Panaled'
ExportProgress : (631/6690) Exporting 'In_Floor_Garage'
ExportProgress : (632/6690) Exporting 'In_Floor_Tiles'
ExportProgress : (633/6690) Exporting 'In_Floor_WoodFine 1'
ExportProgress : (634/6690) Exporting 'WhiteWood_Tiled'
ExportProgress : (635/6690) Exporting 'Pillory'
ExportProgress : (636/6690) Exporting 'Door_Paneled_d'
Import : Resource file 'sharedassets2.assets.resS' has been loaded
ExportProgress : (637/6690) Exporting 'Mirror_MaskMap'
ExportProgress : (638/6690) Exporting 'In_Floor_Tiles_n'
ExportProgress : (639/6690) Exporting 'Door_Paneled_n'
ExportProgress : (640/6690) Exporting 'Pillory_Pillory_MaskMap'
ExportProgress : (641/6690) Exporting 'Additional_SmallProps_MaskMap'
ExportProgress : (642/6690) Exporting 'Mirror_Normal'
ExportProgress : (643/6690) Exporting 'WashingMachine_MaskMap'
ExportProgress : (644/6690) Exporting 'Additional_SmallProps_BaseColor'
ExportProgress : (645/6690) Exporting 'Pillory_Pillory_BaseMap'
ExportProgress : (646/6690) Exporting 'Door_Panaled_MaskMap'
ExportProgress : (647/6690) Exporting 'WashingMachine_BaseColor'
ExportProgress : (648/6690) Exporting 'WashingMachine_Normal'
ExportProgress : (649/6690) Exporting 'Floor_GaragePaint_d'
ExportProgress : (650/6690) Exporting 'Floor_GaragePaint_n'
ExportProgress : (651/6690) Exporting 'Whitewood_Tiled_n'
ExportProgress : (652/6690) Exporting 'Whitewood_Tiled_d'
ExportProgress : (653/6690) Exporting 'Pillory_Pillory_Normal'
ExportProgress : (654/6690) Exporting 'In_Floor_Tiles_d'
ExportProgress : (655/6690) Exporting 'Additional_SmallProps_Normal'
ExportProgress : (656/6690) Exporting 'T_sink_door_L'
ExportProgress : (657/6690) Exporting 'Pillory'
ExportProgress : (658/6690) Exporting 'Washingmachine'
ExportProgress : (659/6690) Exporting 'Ventilationgrid'
ExportProgress : (660/6690) Exporting 'KP_storagecup_small'
ExportProgress : (661/6690) Exporting 'Washingpowder'
ExportProgress : (662/6690) Exporting 'T_toilet_lid'
ExportProgress : (663/6690) Exporting 'T_soap'
ExportProgress : (664/6690) Exporting 'Mirror'
ExportProgress : (665/6690) Exporting 'To_showercurtain_pole'
ExportProgress : (666/6690) Exporting 'Garage_table'
ExportProgress : (667/6690) Exporting 'To_showercurtain'
ExportProgress : (668/6690) Exporting 'T_sink'
ExportProgress : (669/6690) Exporting 'Mirror'
ExportProgress : (670/6690) Exporting 'In_Wall_Door_Single_A_3x_COL'
ExportProgress : (671/6690) Exporting 'Shelf_B'
ExportProgress : (672/6690) Exporting 'Wall_Door_Single_A_3x'
ExportProgress : (673/6690) Exporting 'Door_Paneled'
ExportProgress : (674/6690) Exporting 'Shelf_A'
ExportProgress : (675/6690) Exporting 'To_ToiletShelf_COL'
ExportProgress : (676/6690) Exporting 'In_3x3_Floor'
ExportProgress : (677/6690) Exporting 'AE_House_08_LOD0'
ExportProgress : (678/6690) Exporting 'T_Sink_COL'
ExportProgress : (679/6690) Exporting 'AE_House_08_LOD0.001'
ExportProgress : (680/6690) Exporting 'AE_House_08_LOD0.002'
ExportProgress : (681/6690) Exporting 'AE_Door_03_LOD0.006'
ExportProgress : (682/6690) Exporting 'AE_Door_03_LOD1.006'
ExportProgress : (683/6690) Exporting 'AE_House_08_LOD1'
ExportProgress : (684/6690) Exporting 'Porch_Rail_2x'
ExportProgress : (685/6690) Exporting 'T_toilet'
ExportProgress : (686/6690) Exporting 'Garage_plastic_box'
ExportProgress : (687/6690) Exporting 'T_toilet_seat'
ExportProgress : (688/6690) Exporting 'LP_candle_small'
ExportProgress : (689/6690) Exporting 'T_bathtub'
ExportProgress : (690/6690) Exporting 'MidIn_Wall_3x'
ExportProgress : (691/6690) Exporting 'T_sink_door_R'
ExportProgress : (692/6690) Exporting 'To_toilet_shelf'
ExportProgress : (693/6690) Exporting 'To_towel_table_A'
ExportProgress : (694/6690) Exporting 'Garage_cardboardbox'
ExportProgress : (695/6690) Exporting 'T_toiletpaper'
ExportProgress : (696/6690) Exporting 'KP_glass_black'
ExportProgress : (697/6690) Exporting 'To_laundrybasket'
ExportProgress : (698/6690) Exporting 'Shader Graphs/FlipHorizontal'
ExportProgress : (699/6690) Exporting 'NavMesh'
ExportProgress : (700/6690) Exporting 'DepthOfField'
ExportProgress : (701/6690) Exporting 'CannotSleep'
ExportProgress : (702/6690) Exporting 'RoomDoor'
ExportProgress : (703/6690) Exporting 'Global Volume Profile'
ExportProgress : (704/6690) Exporting 'RoomSceneProfile'
ExportProgress : (705/6690) Exporting 'Exposure'
ExportProgress : (706/6690) Exporting 'ColorAdjustments'
ExportProgress : (707/6690) Exporting 'Bed 2'
ExportProgress : (708/6690) Exporting 'Bed 3'
ExportProgress : (709/6690) Exporting 'Bed 4'
ExportProgress : (710/6690) Exporting 'BedStool'
ExportProgress : (711/6690) Exporting 'NightTable 1'
ExportProgress : (712/6690) Exporting 'PillowLarge 1'
ExportProgress : (713/6690) Exporting 'PillowSmall 1'
ExportProgress : (714/6690) Exporting 'House_Exterior_Equip 1'
ExportProgress : (715/6690) Exporting 'WhiteWood_Tiled 1'
ExportProgress : (716/6690) Exporting 'NightTable_MaskMap'
Import : Resource file 'sharedassets6.assets.resS' has been loaded
ExportProgress : (717/6690) Exporting 'BedStool_MaskMap'
ExportProgress : (718/6690) Exporting 'BedStool_Normal'
ExportProgress : (719/6690) Exporting 'NightTable_Normal'
ExportProgress : (720/6690) Exporting 'NightTable_BaseColor'
ExportProgress : (721/6690) Exporting 'BedStool_BaseColor'
ExportProgress : (722/6690) Exporting 'Lamp_wall_chan'
ExportProgress : (723/6690) Exporting 'Nightstand'
ExportProgress : (724/6690) Exporting 'Bedstool_A'
ExportProgress : (725/6690) Exporting 'Painting_large_A'
ExportProgress : (726/6690) Exporting 'Couch_2seat'
ExportProgress : (727/6690) Exporting 'Nightstand_door_A'
ExportProgress : (728/6690) Exporting 'NightTable_Drawer_COL'
ExportProgress : (729/6690) Exporting 'Couch_Fabric_2seat_COL'
ExportProgress : (730/6690) Exporting 'WallDown_3x'
ExportProgress : (731/6690) Exporting 'NightTable_COL'
ExportProgress : (732/6690) Exporting 'Nightstand_door_B'
ExportProgress : (733/6690) Exporting 'LP_candle_triple'
ExportProgress : (734/6690) Exporting 'Bed_queen'
ExportProgress : (735/6690) Exporting 'D_TV_wall'
ExportProgress : (736/6690) Exporting 'Bed_queen.001'
ExportProgress : (737/6690) Exporting 'Nightstand_drawer'
ExportProgress : (738/6690) Exporting 'Bed_queen.002'
ExportProgress : (739/6690) Exporting 'HDRP/Fabric/Silk'
ExportProgress : (740/6690) Exporting 'BlowjobNew_2'
ExportProgress : (741/6690) Exporting 'BlowjobNew_2_male_copy'
ExportProgress : (742/6690) Exporting 'DogTraining_1'
ExportProgress : (743/6690) Exporting 'ReflectionProbe-0'
ExportProgress : (744/6690) Exporting 'SexTicketHotel'
ExportProgress : (745/6690) Exporting 'Key'
ExportProgress : (746/6690) Exporting 'Material'
ExportProgress : (747/6690) Exporting 'Sweat'
ExportProgress : (748/6690) Exporting 'Ring'
ExportProgress : (749/6690) Exporting 'Goblin1'
ExportProgress : (750/6690) Exporting 'Goblin2'
ExportProgress : (751/6690) Exporting 'Prop1'
ExportProgress : (752/6690) Exporting 'Prop2'
ExportProgress : (753/6690) Exporting 'EmberPile'
ExportProgress : (754/6690) Exporting 'EmberPileFlames'
ExportProgress : (755/6690) Exporting 'FloorFireB'
ExportProgress : (756/6690) Exporting 'Glow'
ExportProgress : (757/6690) Exporting 'LargeFlameLoopSoft'
ExportProgress : (758/6690) Exporting 'SmallFlame'
ExportProgress : (759/6690) Exporting 'SmokePuff'
ExportProgress : (760/6690) Exporting 'Spark'
ExportProgress : (761/6690) Exporting 'RockURP'
ExportProgress : (762/6690) Exporting 'Hair'
ExportProgress : (763/6690) Exporting 'NippleShield'
ExportProgress : (764/6690) Exporting 'ElectricalSparks 1'
ExportProgress : (765/6690) Exporting 'DustPuffParticle 1'
ExportProgress : (766/6690) Exporting 'BulletTrail'
ExportProgress : (767/6690) Exporting 'New Material 1'
ExportProgress : (768/6690) Exporting 'New Material'
ExportProgress : (769/6690) Exporting 'DistortionSmoke18'
ExportProgress : (770/6690) Exporting 'Flare3cg'
ExportProgress : (771/6690) Exporting 'Flash7bcg'
ExportProgress : (772/6690) Exporting 'Glow1cg'
ExportProgress : (773/6690) Exporting 'Impact1dn'
ExportProgress : (774/6690) Exporting 'Lightning17bcg'
ExportProgress : (775/6690) Exporting 'Smoke24cg'
ExportProgress : (776/6690) Exporting 'Stone3bcg'
ExportProgress : (777/6690) Exporting 'Trail21bcg'
ExportProgress : (778/6690) Exporting 'Trail81bcg'
ExportProgress : (779/6690) Exporting 'mtl_npc_csl_breeches_01_01_01'
ExportProgress : (780/6690) Exporting 'mtl_npc_csl_breeches_01_01_01bw'
ExportProgress : (781/6690) Exporting 'mtl_npc_csl_breeches_01_01_01camo'
ExportProgress : (782/6690) Exporting 'mtl_npc_csl_breeches_01_01_02'
ExportProgress : (783/6690) Exporting 'mtl_npc_csl_coat_01_01_01'
ExportProgress : (784/6690) Exporting 'mtl_npc_csl_coat_01_01_01bw'
ExportProgress : (785/6690) Exporting 'mtl_npc_csl_coat_01_01_02'
ExportProgress : (786/6690) Exporting 'mtl_npc_csl_coat_01_01_03'
ExportProgress : (787/6690) Exporting 'mtl_npc_csl_hoodie_01_01_02'
ExportProgress : (788/6690) Exporting 'mtl_npc_csl_hoodie_01_01_02bw'
ExportProgress : (789/6690) Exporting 'mtl_npc_csl_hoodie_01_01_03'
ExportProgress : (790/6690) Exporting 'mtl_npc_csl_pants_01_01_01'
ExportProgress : (791/6690) Exporting 'mtl_npc_csl_pants_01_01_02'
ExportProgress : (792/6690) Exporting 'mtl_npc_csl_pants_01_01_03'
ExportProgress : (793/6690) Exporting 'mtl_npc_csl_raglan_01m_01_01'
ExportProgress : (794/6690) Exporting 'mtl_npc_csl_raglan_01m_01_01bw'
ExportProgress : (795/6690) Exporting 'mtl_npc_csl_raglan_01m_01_02'
ExportProgress : (796/6690) Exporting 'mtl_npc_csl_raglan_01m_01_02bw'
ExportProgress : (797/6690) Exporting 'mtl_npc_csl_raglan_01m_01_03'
ExportProgress : (798/6690) Exporting 'mtl_npc_csl_shirtrolled_01m_01_01'
ExportProgress : (799/6690) Exporting 'mtl_npc_csl_shirtrolled_01m_01_01bw'
ExportProgress : (800/6690) Exporting 'mtl_npc_csl_shirtrolled_01m_01_02'
ExportProgress : (801/6690) Exporting 'mtl_npc_csl_shirtrolled_01m_01_02bw'
ExportProgress : (802/6690) Exporting 'mtl_npc_csl_shoe_01_01_01'
ExportProgress : (803/6690) Exporting 'mtl_npc_csl_shoe_01_01_01bw'
ExportProgress : (804/6690) Exporting 'mtl_npc_csl_shoe_01_01_02'
ExportProgress : (805/6690) Exporting 'mtl_npc_csl_shoe_01_01_03'
ExportProgress : (806/6690) Exporting 'mtl_npc_csl_shoe_01_02_01'
ExportProgress : (807/6690) Exporting 'mtl_npc_csl_shoe_01_02_01bw'
ExportProgress : (808/6690) Exporting 'mtl_npc_csl_shoe_01_02_02'
ExportProgress : (809/6690) Exporting 'mtl_npc_csl_shoe_01_02_03'
ExportProgress : (810/6690) Exporting 'mtl_npc_csl_shoe_01_03_01'
ExportProgress : (811/6690) Exporting 'mtl_npc_csl_shoe_01_03_01bw'
ExportProgress : (812/6690) Exporting 'mtl_npc_csl_shoe_01_03_02'
ExportProgress : (813/6690) Exporting 'mtl_npc_csl_shoe_01_03_03'
ExportProgress : (814/6690) Exporting 'mtl_npc_csl_shoe_02_01_01'
ExportProgress : (815/6690) Exporting 'mtl_npc_csl_shoe_02_01_01bw'
ExportProgress : (816/6690) Exporting 'mtl_npc_csl_shoe_02_01_02'
ExportProgress : (817/6690) Exporting 'mtl_npc_csl_shoe_02_01_03'
ExportProgress : (818/6690) Exporting 'mtl_npc_csl_shoe_02_02_01'
ExportProgress : (819/6690) Exporting 'mtl_npc_csl_shoe_02_02_01bw'
ExportProgress : (820/6690) Exporting 'mtl_npc_csl_shoe_02_02_02'
ExportProgress : (821/6690) Exporting 'mtl_npc_csl_shoe_02_02_03'
ExportProgress : (822/6690) Exporting 'mtl_npc_hair_01'
ExportProgress : (823/6690) Exporting 'mtl_npc_hmn_uv0_csl_body_01m_01_01 1'
ExportProgress : (824/6690) Exporting 'mtl_npc_hmn_uv0_csl_body_01m_01_01'
ExportProgress : (825/6690) Exporting 'Ammo'
ExportProgress : (826/6690) Exporting 'AmmoPacks'
ExportProgress : (827/6690) Exporting 'M_Barghest'
ExportProgress : (828/6690) Exporting 'M_BarghestHair 1'
ExportProgress : (829/6690) Exporting 'M_BarghestHair'
ExportProgress : (830/6690) Exporting 'Orc_1_cloth_D'
ExportProgress : (831/6690) Exporting 'eye_khisimat'
ExportProgress : (832/6690) Exporting 'hair_D'
ExportProgress : (833/6690) Exporting 'man_eye_lash'
ExportProgress : (834/6690) Exporting 'orc_1_body_D'
ExportProgress : (835/6690) Exporting 'orc_4_eye_2'
ExportProgress : (836/6690) Exporting 'orc_teeth_2'
ExportProgress : (837/6690) Exporting 'orc_1_hummer'
ExportProgress : (838/6690) Exporting 'armor_Coats_BaseColor'
ExportProgress : (839/6690) Exporting 'Goblin'
ExportProgress : (840/6690) Exporting 'brown_eye 1'
ExportProgress : (841/6690) Exporting 'brown_eye'
ExportProgress : (842/6690) Exporting 'eyebrow009'
ExportProgress : (843/6690) Exporting 'eyelashes01'
ExportProgress : (844/6690) Exporting 'teeth'
ExportProgress : (845/6690) Exporting 'tongue01_diffuse'
ExportProgress : (846/6690) Exporting 'Giant Worm Black'
ExportProgress : (847/6690) Exporting 'Orc_1_cloth_D'
ExportProgress : (848/6690) Exporting 'brown_eye'
ExportProgress : (849/6690) Exporting 'eyebrow009 1'
ExportProgress : (850/6690) Exporting 'eyebrow009'
ExportProgress : (851/6690) Exporting 'eyelashes01'
ExportProgress : (852/6690) Exporting 'middleage_lightskinned_male_diffuse2 1'
ExportProgress : (853/6690) Exporting 'middleage_lightskinned_male_diffuse2 2'
ExportProgress : (854/6690) Exporting 'middleage_lightskinned_male_diffuse2'
ExportProgress : (855/6690) Exporting 'short02_diffuse 1'
ExportProgress : (856/6690) Exporting 'short02_diffuse'
ExportProgress : (857/6690) Exporting 'teeth'
ExportProgress : (858/6690) Exporting 'tongue01_diffuse'
ExportProgress : (859/6690) Exporting 'Killer_03'
ExportProgress : (860/6690) Exporting 'PlateCarrier'
ExportProgress : (861/6690) Exporting 'Kos 1'
ExportProgress : (862/6690) Exporting 'Kos'
ExportProgress : (863/6690) Exporting 'Lia'
ExportProgress : (864/6690) Exporting 'BenkiPillory'
ExportProgress : (865/6690) Exporting 'Door_01'
ExportProgress : (866/6690) Exporting 'Trims'
ExportProgress : (867/6690) Exporting 'sample 3_fantasy horde-goblin_mage-B'
ExportProgress : (868/6690) Exporting '#VAS0001_Textures'
ExportProgress : (869/6690) Exporting 'Key_Albedo'
ExportProgress : (870/6690) Exporting 'CATA_FloorB 4'
ExportProgress : (871/6690) Exporting 'Desk_Props_Combined_BASE'
ExportProgress : (872/6690) Exporting 'Old_Chest_basecolor'
ExportProgress : (873/6690) Exporting 'New Material 1'
ExportProgress : (874/6690) Exporting 'New Material'
ExportProgress : (875/6690) Exporting 'Penis_A 1'
ExportProgress : (876/6690) Exporting 'Penis_A 2'
ExportProgress : (877/6690) Exporting 'Penis_A 3'
ExportProgress : (878/6690) Exporting 'Penis_A 4'
ExportProgress : (879/6690) Exporting 'Penis_A 5'
ExportProgress : (880/6690) Exporting 'decor'
ExportProgress : (881/6690) Exporting 'vessel 1'
ExportProgress : (882/6690) Exporting 'vessel'
ExportProgress : (883/6690) Exporting 'pCube5Mat'
ExportProgress : (884/6690) Exporting 'polySurface5Mat'
ExportProgress : (885/6690) Exporting 'bucket_Substance_M_Bucket_Color'
ExportProgress : (886/6690) Exporting 'M_bottle'
ExportProgress : (887/6690) Exporting 'M_cap'
ExportProgress : (888/6690) Exporting 'M_fluid'
ExportProgress : (889/6690) Exporting 'AnalHook'
ExportProgress : (890/6690) Exporting 'Binder'
ExportProgress : (891/6690) Exporting 'BitchSuit'
ExportProgress : (892/6690) Exporting 'Blindfold'
ExportProgress : (893/6690) Exporting 'CatSuit'
ExportProgress : (894/6690) Exporting 'CatSuit_boot'
ExportProgress : (895/6690) Exporting 'CatSuit_main'
ExportProgress : (896/6690) Exporting 'Collar'
ExportProgress : (897/6690) Exporting 'FaceMask'
ExportProgress : (898/6690) Exporting 'FullMask'
ExportProgress : (899/6690) Exporting 'Gag'
ExportProgress : (900/6690) Exporting 'HighHeeledSandals'
ExportProgress : (901/6690) Exporting 'MAT_BUNNY_COSTUME'
ExportProgress : (902/6690) Exporting 'MAT_BUNNY_COSTUME_Black'
ExportProgress : (903/6690) Exporting 'MAT_SUN_CASUAL 1'
ExportProgress : (904/6690) Exporting 'MAT_SUN_CASUAL'
ExportProgress : (905/6690) Exporting 'MAT_SUN_SHOE'
ExportProgress : (906/6690) Exporting 'MHXX_Bikini_BaseColor'
ExportProgress : (907/6690) Exporting 'Net 1'
ExportProgress : (908/6690) Exporting 'Net 2'
ExportProgress : (909/6690) Exporting 'Net'
ExportProgress : (910/6690) Exporting 'P08_Sneakers'
ExportProgress : (911/6690) Exporting 'Rope_OCC'
ExportProgress : (912/6690) Exporting 'SailorBasic'
ExportProgress : (913/6690) Exporting 'SailorZipper'
ExportProgress : (914/6690) Exporting 'Scarf'
ExportProgress : (915/6690) Exporting 'SchoolSkirt'
ExportProgress : (916/6690) Exporting 'SwimSuit_D'
ExportProgress : (917/6690) Exporting 'Vibrator 1'
ExportProgress : (918/6690) Exporting 'Vibrator'
ExportProgress : (919/6690) Exporting 'WhitePantyhose'
ExportProgress : (920/6690) Exporting 'DistanceFieldRendering'
ExportProgress : (921/6690) Exporting 'FluidColorBlend'
ExportProgress : (922/6690) Exporting 'FluidColorOpaque'
ExportProgress : (923/6690) Exporting 'InstancedStandard'
ExportProgress : (924/6690) Exporting 'Particle'
ExportProgress : (925/6690) Exporting 'ChainWhite'
ExportProgress : (926/6690) Exporting 'worldUIMaterial'
ExportProgress : (927/6690) Exporting 'PerfectDOSVGA437'
ExportProgress : (928/6690) Exporting 'LiberationSans SDF Material'
ExportProgress : (929/6690) Exporting 'Head.001'
ExportProgress : (930/6690) Exporting 'Head'
ExportProgress : (931/6690) Exporting 'ribs'
ExportProgress : (932/6690) Exporting 'KeyTag'
ExportProgress : (933/6690) Exporting 'P08_Sneakers'
Import : Resource file 'resources.assets.resS' has been loaded
ExportProgress : (934/6690) Exporting 'mtl_npc_csl_shirtrolled_01m_01_02bw_MaskMap'
ExportProgress : (935/6690) Exporting 'T_Ring_Albedo'
ExportProgress : (936/6690) Exporting 'Goblin_body_male_generic.001_BaseMap'
ExportProgress : (937/6690) Exporting 'vessel_albedo'
ExportProgress : (938/6690) Exporting 'EmberPileNormal'
ExportProgress : (939/6690) Exporting 'Golds_ambientocclusion'
ExportProgress : (940/6690) Exporting 'mtl_npc_csl_hoodie_01_01_03_MaskMap'
ExportProgress : (941/6690) Exporting 'IN_BUNNY_IN_BUNNY_MaskMap'
ExportProgress : (942/6690) Exporting 'npc_csl_breeches_01_01_02_c'
ExportProgress : (943/6690) Exporting 'scroll_peg'
ExportProgress : (944/6690) Exporting 'Flare3'
ExportProgress : (945/6690) Exporting 'npc_csl_shoe_01_03_01bw_c'
ExportProgress : (946/6690) Exporting 'IN_BUNNY_IN_BUNNY_BaseMap'
ExportProgress : (947/6690) Exporting 'BenkiPillory_Pillory_BaseMap'
ExportProgress : (948/6690) Exporting 'T_BunnyGirl_COSTUME_BaseColor_Black'
ExportProgress : (949/6690) Exporting 'Giant Worm Default_MaskMap'
ExportProgress : (950/6690) Exporting 'scroll-arrow'
ExportProgress : (951/6690) Exporting 'Rope_NRM'
ExportProgress : (952/6690) Exporting 'decor_normal'
ExportProgress : (953/6690) Exporting 'mtl_npc_csl_coat_01_01_01bw_MaskMap'
ExportProgress : (954/6690) Exporting 'npc_csl_breeches_01_01_01_c'
ExportProgress : (955/6690) Exporting 'White1px'
ExportProgress : (956/6690) Exporting 'teeth'
ExportProgress : (957/6690) Exporting 'npc_csl_shirtrolled_01m_01_02bw_c'
ExportProgress : (958/6690) Exporting 'mtl_npc_csl_pants_01_01_01_MaskMap'
ExportProgress : (959/6690) Exporting 'npc_csl_shoe_02_02_01_c'
ExportProgress : (960/6690) Exporting 'AmmoPacks'
ExportProgress : (961/6690) Exporting 'Vibrator'
ExportProgress : (962/6690) Exporting 'elm_helm_Normal'
ExportProgress : (963/6690) Exporting 'Trims_basecolor'
ExportProgress : (964/6690) Exporting 'SchoolShoes'
ExportProgress : (965/6690) Exporting 'Ammo_NRM'
ExportProgress : (966/6690) Exporting 'T_KeyTag_Albedo'
ExportProgress : (967/6690) Exporting 'mtl_npc_csl_shoe_01_01_02_MaskMap'
ExportProgress : (968/6690) Exporting 'npc_csl_shoe_02_02_01_n'
ExportProgress : (969/6690) Exporting 'T_Key_Albedo'
ExportProgress : (970/6690) Exporting 'Door_01_normal'
ExportProgress : (971/6690) Exporting 'mtl_npc_csl_shoe_02_02_02_MaskMap'
ExportProgress : (972/6690) Exporting 'GraffitiPen'
ExportProgress : (973/6690) Exporting 'eyelashes01'
ExportProgress : (974/6690) Exporting 'man_eye_lash'
ExportProgress : (975/6690) Exporting 'mtl_npc_csl_raglan_01m_01_02_MaskMap'
ExportProgress : (976/6690) Exporting 'AmmoPacks_MASK'
ExportProgress : (977/6690) Exporting 'Binder'
ExportProgress : (978/6690) Exporting 'mtl_npc_csl_pants_01_01_03_MaskMap'
ExportProgress : (979/6690) Exporting 'M_cap_albedo'
ExportProgress : (980/6690) Exporting 'FaceMask_FaceMask_MaskMap'
ExportProgress : (981/6690) Exporting 'Catsuit_n'
ExportProgress : (982/6690) Exporting 'npc_csl_shoe_02_02_01bw_c'
ExportProgress : (983/6690) Exporting '#VAS0001_Textures_COL_4k'
ExportProgress : (984/6690) Exporting 'mtl_npc_csl_hoodie_01_01_02bw_MaskMap'
ExportProgress : (985/6690) Exporting 'radio-bullet'
ExportProgress : (986/6690) Exporting 'npc_csl_shoe_02_01_02_c'
ExportProgress : (987/6690) Exporting 'npc_csl_pants_01_01_01_n'
ExportProgress : (988/6690) Exporting 'npc_csl_shirtrolled_01m_01_01_c'
ExportProgress : (989/6690) Exporting 'P08_Sneakers_Normal'
ExportProgress : (990/6690) Exporting 'mtl_npc_csl_shoe_01_03_02_MaskMap'
ExportProgress : (991/6690) Exporting 'npc_csl_coat_01_01_01_n'
ExportProgress : (992/6690) Exporting 'SmokePuff'
ExportProgress : (993/6690) Exporting 'fantasy horde-goblin_mage B'
ExportProgress : (994/6690) Exporting 'teeth'
ExportProgress : (995/6690) Exporting 'Binder_Binder_BaseMap'
ExportProgress : (996/6690) Exporting 'Pantyhose'
ExportProgress : (997/6690) Exporting 'vessel_normal'
ExportProgress : (998/6690) Exporting 'mtl_npc_csl_raglan_01m_01_02bw_MaskMap'
ExportProgress : (999/6690) Exporting 'EmberPile'
ExportProgress : (1000/6690) Exporting 'orc_1_body_N_(Y+)'
ExportProgress : (1001/6690) Exporting 'npc_csl_raglan_01m_01_01_n'
ExportProgress : (1002/6690) Exporting 'eyebrow001'
ExportProgress : (1003/6690) Exporting 'orc_1_hummer_N_(Y+)'
ExportProgress : (1004/6690) Exporting 'Gemini_Generated_Image_svcd8esvcd8esvcd'
ExportProgress : (1005/6690) Exporting 'eyebrow009'
ExportProgress : (1006/6690) Exporting 'MAT_SUN_CASUAL_Beige_MaskMap'
ExportProgress : (1007/6690) Exporting 'Glow'
ExportProgress : (1008/6690) Exporting 'bin'
ExportProgress : (1009/6690) Exporting 'tongue01_diffuse'
ExportProgress : (1010/6690) Exporting 'Pillory'
ExportProgress : (1011/6690) Exporting 'Gemini_Generated_Image_umxs3wumxs3wumxs 3'
ExportProgress : (1012/6690) Exporting 'EmberPile - 副本'
ExportProgress : (1013/6690) Exporting 'orc_1_body_D_MaskMap'
ExportProgress : (1014/6690) Exporting 'Lightning17'
ExportProgress : (1015/6690) Exporting 'npc_csl_breeches_01_01_01_n'
ExportProgress : (1016/6690) Exporting 'npc_csl_shoe_02_02_02_c'
ExportProgress : (1017/6690) Exporting 'SwimSuit_D'
ExportProgress : (1018/6690) Exporting 'middleage_lightskinned_female_diffuse2'
ExportProgress : (1019/6690) Exporting 'MC_Collar_1024_Normal'
ExportProgress : (1020/6690) Exporting 'Blindfold_Blindfold_BaseMap'
ExportProgress : (1021/6690) Exporting 'T_BunnyGirl_COSTUME_Normal'
ExportProgress : (1022/6690) Exporting 'SailorD'
ExportProgress : (1023/6690) Exporting 'BenkiPillory_Pillory_MaskMap'
ExportProgress : (1024/6690) Exporting 'SwimSuit_N'
ExportProgress : (1025/6690) Exporting 'ElfPaladin_Armor'
ExportProgress : (1026/6690) Exporting 'npc_hair_01_n'
ExportProgress : (1027/6690) Exporting 'npc_csl_shirtrolled_01m_01_02_811'
ExportProgress : (1028/6690) Exporting 'npc_csl_shoe_01_03_03_c'
ExportProgress : (1029/6690) Exporting 'npc_hmn_uv0_csl_body_01m_01_01_c 1'
ExportProgress : (1030/6690) Exporting 'SailorSkirtN'
ExportProgress : (1031/6690) Exporting 'Spark'
ExportProgress : (1032/6690) Exporting 'T_BarghestHair_Normal'
ExportProgress : (1033/6690) Exporting 'pwub_builtin_16_c5'
ExportProgress : (1034/6690) Exporting 'Key_Norm'
ExportProgress : (1035/6690) Exporting 'mtl_npc_csl_breeches_01_01_01bw_MaskMap'
ExportProgress : (1036/6690) Exporting 'Dubina_Lia_Normal'
ExportProgress : (1037/6690) Exporting 'npc_csl_shoe_01_02_03_c'
ExportProgress : (1038/6690) Exporting 'Lake'
ExportProgress : (1039/6690) Exporting 'mtl_npc_csl_shoe_01_03_01_MaskMap'
ExportProgress : (1040/6690) Exporting 'FenceNet_d'
ExportProgress : (1041/6690) Exporting 'buttonBG'
ExportProgress : (1042/6690) Exporting 'mtl_npc_csl_coat_01_01_01_MaskMap'
ExportProgress : (1043/6690) Exporting 'T_Killer_01_D'
ExportProgress : (1044/6690) Exporting 'Smoke24'
ExportProgress : (1045/6690) Exporting 'AmmoPacks_NRM'
ExportProgress : (1046/6690) Exporting 'npc_csl_coat_01_01_01bw_c'
ExportProgress : (1047/6690) Exporting 'mtl_npc_csl_shoe_02_02_03_MaskMap'
ExportProgress : (1048/6690) Exporting 'npc_csl_hoodie_01_01_03_c'
ExportProgress : (1049/6690) Exporting 'HighHeeledSandals'
ExportProgress : (1050/6690) Exporting 'T_Killer_N'
ExportProgress : (1051/6690) Exporting 'Goblin_body_male_generic.001_MaskMap'
ExportProgress : (1052/6690) Exporting 'Trail70'
ExportProgress : (1053/6690) Exporting 'old_lightskinned_male_diffuse'
ExportProgress : (1054/6690) Exporting 'FullMask'
ExportProgress : (1055/6690) Exporting 'npc_csl_raglan_01m_01_01bw_c'
ExportProgress : (1056/6690) Exporting 'T_KeyTag_Normal'
ExportProgress : (1057/6690) Exporting 'particle'
ExportProgress : (1058/6690) Exporting 'FaceMask_FaceMask_BaseMap'
ExportProgress : (1059/6690) Exporting 'mtl_npc_csl_shoe_01_03_03_MaskMap'
ExportProgress : (1060/6690) Exporting 'orc_1_hummer_S'
ExportProgress : (1061/6690) Exporting 'npc_csl_shoe_01_01_02'
ExportProgress : (1062/6690) Exporting 'T_SUN_CASUAL_BaseColor_01'
ExportProgress : (1063/6690) Exporting 'mtl_npc_csl_shoe_01_02_01_MaskMap'
ExportProgress : (1064/6690) Exporting 'Trail80'
ExportProgress : (1065/6690) Exporting 'npc_csl_shoe_01_02_01bw_c'
ExportProgress : (1066/6690) Exporting 'orc_teeth_2'
ExportProgress : (1067/6690) Exporting 'Blindfold_Blindfold_Normal'
ExportProgress : (1068/6690) Exporting 'decor_albedo'
ExportProgress : (1069/6690) Exporting 'npc_csl_shoe_01_01_01bw'
ExportProgress : (1070/6690) Exporting 'Gemini_Generated_Image_umxs3wumxs3wumxs 1'
ExportProgress : (1071/6690) Exporting 'mtl_npc_csl_shoe_01_02_01bw_MaskMap'
ExportProgress : (1072/6690) Exporting 'npc_csl_shoe_02_01_01_n'
ExportProgress : (1073/6690) Exporting 'Key_Metel'
ExportProgress : (1074/6690) Exporting 'T_Barghest_BaseColor'
ExportProgress : (1075/6690) Exporting 'Gag'
ExportProgress : (1076/6690) Exporting 'npc_csl_shoe_01_01_01_n'
ExportProgress : (1077/6690) Exporting 'T_SUN_CASUAL_Normal'
ExportProgress : (1078/6690) Exporting 'Rope_OCC'
ExportProgress : (1079/6690) Exporting 'Stone3'
ExportProgress : (1080/6690) Exporting 'npc_csl_shoe_01_01_03'
ExportProgress : (1081/6690) Exporting 'M_cap_normal'
ExportProgress : (1082/6690) Exporting 'SmallFlame'
ExportProgress : (1083/6690) Exporting 'G_Icon_button_ready'
ExportProgress : (1084/6690) Exporting 'Door_01_basecolor'
ExportProgress : (1085/6690) Exporting 'T_Ring_Normal'
ExportProgress : (1086/6690) Exporting 'M_Barghest_MaskMap'
ExportProgress : (1087/6690) Exporting 'T_Killer_MS'
ExportProgress : (1088/6690) Exporting 'npc_csl_shirtrolled_01m_01_01_n'
ExportProgress : (1089/6690) Exporting 'elm_helm_BaseColor'
ExportProgress : (1090/6690) Exporting 'npc_csl_shoe_01_03_01_c'
ExportProgress : (1091/6690) Exporting 'Button_medium'
ExportProgress : (1092/6690) Exporting 'mtl_npc_csl_raglan_01m_01_03_MaskMap'
ExportProgress : (1093/6690) Exporting 'brown_eye'
ExportProgress : (1094/6690) Exporting 'orc_teeth_2_S'
ExportProgress : (1095/6690) Exporting 'Glow1'
ExportProgress : (1096/6690) Exporting 'npc_csl_shoe_01_03_02_c'
ExportProgress : (1097/6690) Exporting 'FaceMask_FaceMask_Normal'
ExportProgress : (1098/6690) Exporting 'Old_Chest_metallic'
ExportProgress : (1099/6690) Exporting 'Orc_1_cloth_S'
ExportProgress : (1100/6690) Exporting 'npc_csl_hoodie_01_01_01_n'
ExportProgress : (1101/6690) Exporting 'mtl_npc_csl_raglan_01m_01_01bw_MaskMap'
ExportProgress : (1102/6690) Exporting 'IN_BUNNY_IN_BUNNY_Normal'
ExportProgress : (1103/6690) Exporting 'mtl_npc_csl_shoe_02_02_01bw_MaskMap'
ExportProgress : (1104/6690) Exporting 'mtl_npc_csl_shoe_02_01_03_MaskMap'
ExportProgress : (1105/6690) Exporting 'elm_helm_AO'
ExportProgress : (1106/6690) Exporting 'UIFoldoutClosed'
ExportProgress : (1107/6690) Exporting 'Door_01_MaskMap'
ExportProgress : (1108/6690) Exporting 'mtl_npc_csl_shoe_01_01_01bw_MaskMap'
ExportProgress : (1109/6690) Exporting 'mtl_npc_csl_breeches_01_01_01camo_MaskMap'
ExportProgress : (1110/6690) Exporting 'mtl_npc_csl_raglan_01m_01_01_MaskMap'
ExportProgress : (1111/6690) Exporting 'button_line2_polygon1_30 1'
ExportProgress : (1112/6690) Exporting 'orc_1_body_D'
ExportProgress : (1113/6690) Exporting 'Key_Albedo'
ExportProgress : (1114/6690) Exporting 'PlateCarrier_Rough_4k'
ExportProgress : (1115/6690) Exporting 'checkbox'
ExportProgress : (1116/6690) Exporting 'Old_Chest_basecolor'
ExportProgress : (1117/6690) Exporting 'orc_teeth_2_MaskMap'
ExportProgress : (1118/6690) Exporting 'npc_csl_coat_01_01_02_c'
ExportProgress : (1119/6690) Exporting 'mtl_npc_csl_shoe_01_02_02_MaskMap'
ExportProgress : (1120/6690) Exporting 'Gag_DefaultMaterial_Normal'
ExportProgress : (1121/6690) Exporting 'Gag_DefaultMaterial_MaskMap'
ExportProgress : (1122/6690) Exporting 'T_Barghest_Normal'
ExportProgress : (1123/6690) Exporting 'mtl_npc_csl_shoe_01_02_03_MaskMap'
ExportProgress : (1124/6690) Exporting 'mtl_npc_csl_coat_01_01_03_MaskMap'
ExportProgress : (1125/6690) Exporting 'Dubina_Lia_AlbedoTransparency'
ExportProgress : (1126/6690) Exporting 'SchoolSkirt'
ExportProgress : (1127/6690) Exporting 'thread_bck'
ExportProgress : (1128/6690) Exporting 'Binder_Binder_MaskMap'
ExportProgress : (1129/6690) Exporting 'Key_Roughness'
ExportProgress : (1130/6690) Exporting 'tongue01_diffuse'
ExportProgress : (1131/6690) Exporting 'npc_csl_raglan_01m_01_03_c'
ExportProgress : (1132/6690) Exporting 'Dubina_Kos_Normal'
ExportProgress : (1133/6690) Exporting 'mtl_npc_csl_shirtrolled_01m_01_02_MaskMap'
ExportProgress : (1134/6690) Exporting 'checker'
ExportProgress : (1135/6690) Exporting 'Old_Chest_basecolor_gloss'
ExportProgress : (1136/6690) Exporting 'ElfPaladin_Armor_Legs'
ExportProgress : (1137/6690) Exporting 'Orc_1_cloth_N_(Y+)'
ExportProgress : (1138/6690) Exporting 'MHXX_Bikini_BaseColor'
ExportProgress : (1139/6690) Exporting 'PlateCarrier_Normal_Compressed'
ExportProgress : (1140/6690) Exporting 'orc_1_hummer_MaskMap'
ExportProgress : (1141/6690) Exporting 'BackRoom'
ExportProgress : (1142/6690) Exporting 'npc_csl_pants_01_01_02_c'
ExportProgress : (1143/6690) Exporting 'mtl_npc_csl_pants_01_01_02_MaskMap'
ExportProgress : (1144/6690) Exporting 'mtl_npc_csl_hoodie_01_01_02_MaskMap'
ExportProgress : (1145/6690) Exporting 'mtl_npc_csl_shoe_01_01_03_MaskMap'
ExportProgress : (1146/6690) Exporting 'SchoolSkirtDamage'
ExportProgress : (1147/6690) Exporting 'Golds_height'
ExportProgress : (1148/6690) Exporting 'profiler_toolbar'
ExportProgress : (1149/6690) Exporting 'npc_csl_coat_01_01_03_c'
ExportProgress : (1150/6690) Exporting 'NoseHook'
ExportProgress : (1151/6690) Exporting 'MHXX_Bikini_Normal'
ExportProgress : (1152/6690) Exporting 'homeless_N'
ExportProgress : (1153/6690) Exporting 'boot mask'
ExportProgress : (1154/6690) Exporting 'WorldUI-Shape-Preview'
ExportProgress : (1155/6690) Exporting 'npc_csl_hoodie_01_01_02_c'
ExportProgress : (1156/6690) Exporting 'npc_csl_shoe_01_01_01'
ExportProgress : (1157/6690) Exporting 'mtl_npc_csl_breeches_01_01_01_MaskMap'
ExportProgress : (1158/6690) Exporting 'BiggerBattery'
ExportProgress : (1159/6690) Exporting 'Blindfold_Blindfold_MaskMap'
ExportProgress : (1160/6690) Exporting 'Loonim-Random-Vectors'
ExportProgress : (1161/6690) Exporting 'npc_csl_shoe_01_02_02_c'
ExportProgress : (1162/6690) Exporting 'profiler_bck'
ExportProgress : (1163/6690) Exporting 'hana'
ExportProgress : (1164/6690) Exporting 'floating-CloseButton'
ExportProgress : (1165/6690) Exporting 'npc_csl_breeches_01_01_01camo_c'
ExportProgress : (1166/6690) Exporting 'MAT_BUNNY_COSTUME_Black_MaskMap'
ExportProgress : (1167/6690) Exporting 'Back'
ExportProgress : (1168/6690) Exporting 'UIFoldoutOpened'
ExportProgress : (1169/6690) Exporting 'T_Killer_E'
ExportProgress : (1170/6690) Exporting 'GagOpenFull'
ExportProgress : (1171/6690) Exporting 'Untitled.00'
ExportProgress : (1172/6690) Exporting 'Trims_normal'
ExportProgress : (1173/6690) Exporting 'Catsuit_m'
ExportProgress : (1174/6690) Exporting 'Lobby'
ExportProgress : (1175/6690) Exporting 'middleage_lightskinned_male_diffuse2'
ExportProgress : (1176/6690) Exporting 'Cans'
ExportProgress : (1177/6690) Exporting 'short02_diffuse'
ExportProgress : (1178/6690) Exporting 'decor_roughness'
ExportProgress : (1179/6690) Exporting 'mtl_npc_csl_shoe_01_01_01_MaskMap'
ExportProgress : (1180/6690) Exporting 'npc_csl_hoodie_01_01_02bw_c'
ExportProgress : (1181/6690) Exporting 'BulletHoleMetalThroughNormal'
ExportProgress : (1182/6690) Exporting 'T_Key_Normal'
ExportProgress : (1183/6690) Exporting 'UICheckMark'
ExportProgress : (1184/6690) Exporting 'Rope'
ExportProgress : (1185/6690) Exporting 'CatSuit_MaskMap'
ExportProgress : (1186/6690) Exporting 'CatSuitBoot'
ExportProgress : (1187/6690) Exporting 'mtl_npc_csl_shoe_02_02_01_MaskMap'
ExportProgress : (1188/6690) Exporting 'MC_Collar_1024_BaseMap'
ExportProgress : (1189/6690) Exporting 'Entrance'
ExportProgress : (1190/6690) Exporting 'vscrollBG'
ExportProgress : (1191/6690) Exporting 'mtl_npc_csl_breeches_01_01_02_MaskMap'
ExportProgress : (1192/6690) Exporting 'Flash7'
ExportProgress : (1193/6690) Exporting 'T_Barghest_Emissive'
ExportProgress : (1194/6690) Exporting 'orc_1_body_S'
ExportProgress : (1195/6690) Exporting 'PlateCarrier_Grey_BaseColor'
ExportProgress : (1196/6690) Exporting 'npc_csl_shoe_02_01_01bw_c'
ExportProgress : (1197/6690) Exporting 'task_bck'
ExportProgress : (1198/6690) Exporting 'mtl_npc_csl_shirtrolled_01m_01_01_MaskMap'
ExportProgress : (1199/6690) Exporting 'mtl_npc_csl_shoe_01_03_01bw_MaskMap'
ExportProgress : (1200/6690) Exporting 'ScarfD'
ExportProgress : (1201/6690) Exporting 'T_BarghestHair_BaseColor'
ExportProgress : (1202/6690) Exporting 'Gag_DefaultMaterial_BaseMap'
ExportProgress : (1203/6690) Exporting 'SFB_GiantWorm_normal'
ExportProgress : (1204/6690) Exporting 'Collar'
ExportProgress : (1205/6690) Exporting 'npc_csl_shoe_02_02_03_c'
ExportProgress : (1206/6690) Exporting 'SFB_GiantWorm_albedo'
ExportProgress : (1207/6690) Exporting 'CatSuit'
ExportProgress : (1208/6690) Exporting 'Binder_Binder_Normal'
ExportProgress : (1209/6690) Exporting 'Underwear'
ExportProgress : (1210/6690) Exporting 'decor_metallic'
ExportProgress : (1211/6690) Exporting 'White 3'
ExportProgress : (1212/6690) Exporting 'Impact1'
ExportProgress : (1213/6690) Exporting 'mtl_npc_csl_shoe_02_01_02_MaskMap'
ExportProgress : (1214/6690) Exporting 'Penis_A'
ExportProgress : (1215/6690) Exporting 'Fabric052_1K-JPG_Color'
ExportProgress : (1216/6690) Exporting 'npc_csl_shoe_01_03_01_n'
ExportProgress : (1217/6690) Exporting 'Ammo'
ExportProgress : (1218/6690) Exporting 'Outline'
ExportProgress : (1219/6690) Exporting 'young_lightskinned_male_diffuse2'
ExportProgress : (1220/6690) Exporting 'npc_csl_shoe_02_01_03_c'
ExportProgress : (1221/6690) Exporting 'Smoke18n'
ExportProgress : (1222/6690) Exporting 'Goblin_body_male_generic.001_Normal'
ExportProgress : (1223/6690) Exporting 'npc_csl_raglan_01m_01_02_c'
ExportProgress : (1224/6690) Exporting 'UIElement8px'
ExportProgress : (1225/6690) Exporting 'npc_csl_raglan_01m_01_01_c'
ExportProgress : (1226/6690) Exporting 'eyebrow009'
ExportProgress : (1227/6690) Exporting 'npc_hair_01_c'
ExportProgress : (1228/6690) Exporting 'NippleShield'
ExportProgress : (1229/6690) Exporting 'npc_csl_shoe_02_01_01_c'
ExportProgress : (1230/6690) Exporting 'Lock'
ExportProgress : (1231/6690) Exporting 'GagOpen'
ExportProgress : (1232/6690) Exporting 'PlateCarrier_AO'
ExportProgress : (1233/6690) Exporting 'Outline Bar Progress'
ExportProgress : (1234/6690) Exporting 'orc_4_eye_2'
ExportProgress : (1235/6690) Exporting 'npc_csl_coat_01_01_01_c'
ExportProgress : (1236/6690) Exporting 'npc_csl_pants_01_01_03_c'
ExportProgress : (1237/6690) Exporting 'brown_eye'
ExportProgress : (1238/6690) Exporting 'npc_csl_shoe_01_02_01_c'
ExportProgress : (1239/6690) Exporting 'M_BarghestHair_MaskMap'
ExportProgress : (1240/6690) Exporting 'AnalHook'
ExportProgress : (1241/6690) Exporting 'Dubina_Kos_AlbedoTransparency'
ExportProgress : (1242/6690) Exporting 'Vibrator'
ExportProgress : (1243/6690) Exporting 'button_line2_polygon1_30'
ExportProgress : (1244/6690) Exporting 'mtl_npc_csl_shoe_02_01_01_MaskMap'
ExportProgress : (1245/6690) Exporting 'NippleShieldWithChian'
ExportProgress : (1246/6690) Exporting 'mtl_npc_csl_shirtrolled_01m_01_01bw_MaskMap'
ExportProgress : (1247/6690) Exporting 'npc_csl_shoe_01_02_01_n'
ExportProgress : (1248/6690) Exporting 'Old_Chest_AO'
ExportProgress : (1249/6690) Exporting 'mtl_npc_csl_shoe_02_01_01bw_MaskMap'
ExportProgress : (1250/6690) Exporting 'npc_csl_shirtrolled_01m_01_01bw_c'
ExportProgress : (1251/6690) Exporting 'Pink'
ExportProgress : (1252/6690) Exporting 'mtl_npc_csl_coat_01_01_02_MaskMap'
ExportProgress : (1253/6690) Exporting 'Orc_1_cloth_D_MaskMap'
ExportProgress : (1254/6690) Exporting 'MC_Collar_1024_MaskMap'
ExportProgress : (1255/6690) Exporting 'orc_teeth_2_normals_(Y+)'
ExportProgress : (1256/6690) Exporting 'Ammo_MASK'
ExportProgress : (1257/6690) Exporting 'button_line1_polygon3_42'
ExportProgress : (1258/6690) Exporting 'old_lightskinned_male_diffuse 1'
ExportProgress : (1259/6690) Exporting 'Fabric052_1K-JPG_NormalGL'
ExportProgress : (1260/6690) Exporting 'Trail81'
ExportProgress : (1261/6690) Exporting 'M_bottle_albedo'
ExportProgress : (1262/6690) Exporting 'LargeFlameLoopSoft'
ExportProgress : (1263/6690) Exporting 'npc_csl_breeches_01_01_01bw_c'
ExportProgress : (1264/6690) Exporting 'orc_1_hummer_D'
ExportProgress : (1265/6690) Exporting 'eyelashes01'
ExportProgress : (1266/6690) Exporting 'Trims_MaskMap'
ExportProgress : (1267/6690) Exporting 'hair_D'
ExportProgress : (1268/6690) Exporting 'Orc_1_cloth_D'
ExportProgress : (1269/6690) Exporting 'FireBaseB'
ExportProgress : (1270/6690) Exporting 'Golds_basecolor'
ExportProgress : (1271/6690) Exporting 'Mask53'
ExportProgress : (1272/6690) Exporting 'HighHeels'
ExportProgress : (1273/6690) Exporting 'BenkiPillory_Pillory_Normal'
ExportProgress : (1274/6690) Exporting 'Avatar_1'
ExportProgress : (1275/6690) Exporting 'npc_csl_pants_01_01_01_c'
ExportProgress : (1276/6690) Exporting 'Golds_normal'
ExportProgress : (1277/6690) Exporting 'M_bottle_MaskMap'
ExportProgress : (1278/6690) Exporting 'young_lightskinned_male_diffuse3'
ExportProgress : (1279/6690) Exporting 'mtl_npc_hair_01_MaskMap'
ExportProgress : (1280/6690) Exporting 'LiberationSans SDF Atlas'
ExportProgress : (1281/6690) Exporting 'npc_csl_hoodie_01_cape_01_lod2'
ExportProgress : (1282/6690) Exporting 'Sweat1.28'
ExportProgress : (1283/6690) Exporting 'Sweat1.37'
ExportProgress : (1284/6690) Exporting 'Tear3.082'
ExportProgress : (1285/6690) Exporting 'Sweat1.15'
ExportProgress : (1286/6690) Exporting 'Sweat1.32'
ExportProgress : (1287/6690) Exporting 'Tear1.44'
ExportProgress : (1288/6690) Exporting 'mesh_cloth_legs'
ExportProgress : (1289/6690) Exporting 'npc_csl_hoodie_01_torso_lod2'
ExportProgress : (1290/6690) Exporting 'Tear1.09'
ExportProgress : (1291/6690) Exporting 'Tear1.40'
ExportProgress : (1292/6690) Exporting 'npc_haircut_a_02_lod2'
ExportProgress : (1293/6690) Exporting 'Tear0.118'
ExportProgress : (1294/6690) Exporting 'Tear2.081'
ExportProgress : (1295/6690) Exporting 'Tear0.095'
ExportProgress : (1296/6690) Exporting 'Tear3.110'
ExportProgress : (1297/6690) Exporting 'P08_Cloth_C1.001'
ExportProgress : (1298/6690) Exporting 'AnalHook_Mesh'
ExportProgress : (1299/6690) Exporting 'Tear1.100'
ExportProgress : (1300/6690) Exporting 'Torus'
ExportProgress : (1301/6690) Exporting 'Torus'
ExportProgress : (1302/6690) Exporting 'Tear2.24'
ExportProgress : (1303/6690) Exporting 'npc_haircut_a_02_lod4'
ExportProgress : (1304/6690) Exporting 'Tear3.15'
ExportProgress : (1305/6690) Exporting 'npc_csl_hoodie_01_sleeves_lod0'
ExportProgress : (1306/6690) Exporting 'SM_cap'
ExportProgress : (1307/6690) Exporting 'npc_csl_raglan_01m_torso_lod2'
ExportProgress : (1308/6690) Exporting 'Sweat0.54'
ExportProgress : (1309/6690) Exporting 'Tear1.03'
ExportProgress : (1310/6690) Exporting '#VAS0001_Vase_cell.006'
ExportProgress : (1311/6690) Exporting 'Tear2.25'
ExportProgress : (1312/6690) Exporting 'Tear0.121'
ExportProgress : (1313/6690) Exporting 'Tear0.09'
ExportProgress : (1314/6690) Exporting 'body'
ExportProgress : (1315/6690) Exporting 'Tear3.078'
ExportProgress : (1316/6690) Exporting 'Tear1.26'
ExportProgress : (1317/6690) Exporting 'Sweat0.46'
ExportProgress : (1318/6690) Exporting 'Tear3.108'
ExportProgress : (1319/6690) Exporting 'Tear1.53'
ExportProgress : (1320/6690) Exporting 'Sweat1.39'
ExportProgress : (1321/6690) Exporting 'Tear0.51'
ExportProgress : (1322/6690) Exporting '#VAS0001_Vase_cell.010'
ExportProgress : (1323/6690) Exporting 'Tear2.34'
ExportProgress : (1324/6690) Exporting 'Tear1.57'
ExportProgress : (1325/6690) Exporting 'Tear1.21'
ExportProgress : (1326/6690) Exporting 'npc_csl_raglan_01m_sleeves_lod1'
ExportProgress : (1327/6690) Exporting 'Tear0.105'
ExportProgress : (1328/6690) Exporting 'Tear0.117'
ExportProgress : (1329/6690) Exporting 'npc_haircut_a_02_lod3'
ExportProgress : (1330/6690) Exporting 'Tear1.082'
ExportProgress : (1331/6690) Exporting 'Sweat0.36'
ExportProgress : (1332/6690) Exporting 'Tear0.115'
ExportProgress : (1333/6690) Exporting 'Tear2.19'
ExportProgress : (1334/6690) Exporting 'npc_csl_coat_01_sleeves_lod2'
ExportProgress : (1335/6690) Exporting 'Sweat1.01'
ExportProgress : (1336/6690) Exporting 'Tear1.55'
ExportProgress : (1337/6690) Exporting 'Tear1.05'
ExportProgress : (1338/6690) Exporting 'Tear0.097'
ExportProgress : (1339/6690) Exporting 'Tear0.080'
ExportProgress : (1340/6690) Exporting 'Tear0.065'
ExportProgress : (1341/6690) Exporting 'Tear0.091'
ExportProgress : (1342/6690) Exporting 'Tear1.58'
ExportProgress : (1343/6690) Exporting 'Tear0.14'
ExportProgress : (1344/6690) Exporting 'Tear3.04'
ExportProgress : (1345/6690) Exporting 'Tear0.076'
ExportProgress : (1346/6690) Exporting 'Tear3.05'
ExportProgress : (1347/6690) Exporting 'Sweat0.43'
ExportProgress : (1348/6690) Exporting 'npc_csl_hoodie_01_cape_02_lod1'
ExportProgress : (1349/6690) Exporting 'Tear3.47'
ExportProgress : (1350/6690) Exporting 'CASUAL.001'
ExportProgress : (1351/6690) Exporting '#VAS0001_Vase_cell.005'
ExportProgress : (1352/6690) Exporting 'Tear3.072'
ExportProgress : (1353/6690) Exporting 'Tear0.082'
ExportProgress : (1354/6690) Exporting 'Tear0.25'
ExportProgress : (1355/6690) Exporting 'Sweat0.18'
ExportProgress : (1356/6690) Exporting 'Tear3.109'
ExportProgress : (1357/6690) Exporting 'Tear3.30'
ExportProgress : (1358/6690) Exporting 'Sweat1.48'
ExportProgress : (1359/6690) Exporting 'Tear3.33'
ExportProgress : (1360/6690) Exporting 'Tear3.101'
ExportProgress : (1361/6690) Exporting 'Sneakers_mesh'
ExportProgress : (1362/6690) Exporting 'npc_csl_coat_01_sleeves_lod4'
ExportProgress : (1363/6690) Exporting 'Tear1.110'
ExportProgress : (1364/6690) Exporting 'Tear3.32'
ExportProgress : (1365/6690) Exporting 'Sweat1.30'
ExportProgress : (1366/6690) Exporting 'Tear1.18'
ExportProgress : (1367/6690) Exporting 'Tear1.25'
ExportProgress : (1368/6690) Exporting 'Sweat1.60'
ExportProgress : (1369/6690) Exporting 'Tear1.12'
ExportProgress : (1370/6690) Exporting 'Tear1.107'
ExportProgress : (1371/6690) Exporting 'Tear1.081'
ExportProgress : (1372/6690) Exporting '#VAS0001_Vase_cell.014'
ExportProgress : (1373/6690) Exporting 'Sweat0.03'
ExportProgress : (1374/6690) Exporting 'Sweat0.42'
ExportProgress : (1375/6690) Exporting 'vessel'
ExportProgress : (1376/6690) Exporting 'Tear1.56'
ExportProgress : (1377/6690) Exporting 'Tear1.092'
ExportProgress : (1378/6690) Exporting 'Tear2.091'
ExportProgress : (1379/6690) Exporting 'Tear1.090'
ExportProgress : (1380/6690) Exporting 'Tear1.121'
ExportProgress : (1381/6690) Exporting '#VAS0001_Vase_cell.015'
ExportProgress : (1382/6690) Exporting 'Sweat1.14'
ExportProgress : (1383/6690) Exporting 'Tear2.085'
ExportProgress : (1384/6690) Exporting 'Tear1.115'
ExportProgress : (1385/6690) Exporting 'Collar_mesh.002'
ExportProgress : (1386/6690) Exporting 'Tear3.079'
ExportProgress : (1387/6690) Exporting 'npc_csl_raglan_01m_torso_lod1'
ExportProgress : (1388/6690) Exporting 'npc_csl_hoodie_01_sleeves_lod2'
ExportProgress : (1389/6690) Exporting 'Sweat1.50'
ExportProgress : (1390/6690) Exporting 'npc_csl_hoodie_01_cape_01_lod3'
ExportProgress : (1391/6690) Exporting 'npc_csl_shirtrolled_01m_torso_lod2'
ExportProgress : (1392/6690) Exporting 'Tear3.29'
ExportProgress : (1393/6690) Exporting 'Tear0.05'
ExportProgress : (1394/6690) Exporting 'SchoolSkirt_Drop'
ExportProgress : (1395/6690) Exporting 'Tear1.099'
ExportProgress : (1396/6690) Exporting 'SK_BUNNY_SHOES.001'
ExportProgress : (1397/6690) Exporting 'Tear0.24'
ExportProgress : (1398/6690) Exporting 'Tear1.49'
ExportProgress : (1399/6690) Exporting '#VAS0001_Vase_cell.011'
ExportProgress : (1400/6690) Exporting 'Sweat1.43'
ExportProgress : (1401/6690) Exporting 'Tear1.074'
ExportProgress : (1402/6690) Exporting 'npc_haircut_a_02h_lod3'
ExportProgress : (1403/6690) Exporting 'Sweat0.04'
ExportProgress : (1404/6690) Exporting 'npc_csl_shirtrolled_01m_torso_lod3'
ExportProgress : (1405/6690) Exporting 'PlateCarrier2.0.low_RetopoFlow'
ExportProgress : (1406/6690) Exporting 'Tear1.34'
ExportProgress : (1407/6690) Exporting 'Tear3.081'
ExportProgress : (1408/6690) Exporting 'Tear1.15'
ExportProgress : (1409/6690) Exporting 'Tear3.086'
ExportProgress : (1410/6690) Exporting 'Tear0.43'
ExportProgress : (1411/6690) Exporting 'Key'
ExportProgress : (1412/6690) Exporting 'Tear0.073'
ExportProgress : (1413/6690) Exporting 'Sweat0.51'
ExportProgress : (1414/6690) Exporting 'Sweat1.31'
ExportProgress : (1415/6690) Exporting 'Tear3.25'
ExportProgress : (1416/6690) Exporting 'male_genericMesh.001'
ExportProgress : (1417/6690) Exporting 'Tear2.29'
ExportProgress : (1418/6690) Exporting 'Tear0.60'
ExportProgress : (1419/6690) Exporting 'Sweat0.01'
ExportProgress : (1420/6690) Exporting 'Tear3.076'
ExportProgress : (1421/6690) Exporting 'support2'
ExportProgress : (1422/6690) Exporting 'Tear0.04'
ExportProgress : (1423/6690) Exporting 'Tear0.075'
ExportProgress : (1424/6690) Exporting 'Sweat1.47'
ExportProgress : (1425/6690) Exporting 'Tear0.42'
ExportProgress : (1426/6690) Exporting 'Tear0.49'
ExportProgress : (1427/6690) Exporting 'Tear2.090'
ExportProgress : (1428/6690) Exporting '#VAS0001_Vase_cell.001'
ExportProgress : (1429/6690) Exporting 'Tear1.117'
ExportProgress : (1430/6690) Exporting 'Tear0.10'
ExportProgress : (1431/6690) Exporting 'Tear3.075'
ExportProgress : (1432/6690) Exporting 'Tear2.098'
ExportProgress : (1433/6690) Exporting 'Tear3.22'
ExportProgress : (1434/6690) Exporting 'Tear2.082'
ExportProgress : (1435/6690) Exporting 'Sweat1.06'
ExportProgress : (1436/6690) Exporting 'Tear1.096'
ExportProgress : (1437/6690) Exporting 'npc_csl_coat_01_sleeves_lod1'
ExportProgress : (1438/6690) Exporting 'Tear0.087'
ExportProgress : (1439/6690) Exporting 'npc_csl_coat_01_sleeves_lod3'
ExportProgress : (1440/6690) Exporting 'Sweat0.31'
ExportProgress : (1441/6690) Exporting 'npc_csl_breeches_01_lod2'
ExportProgress : (1442/6690) Exporting 'Sweat1.24'
ExportProgress : (1443/6690) Exporting 'Tear3.069'
ExportProgress : (1444/6690) Exporting 'Tear1.38'
ExportProgress : (1445/6690) Exporting 'Tear0.108'
ExportProgress : (1446/6690) Exporting 'Tear2.22'
ExportProgress : (1447/6690) Exporting 'npc_csl_hoodie_01_cape_02_lod4'
ExportProgress : (1448/6690) Exporting 'Sweat0.24'
ExportProgress : (1449/6690) Exporting 'SM_KeyTag'
ExportProgress : (1450/6690) Exporting 'Sailor_Top'
ExportProgress : (1451/6690) Exporting 'Sweat0.25'
ExportProgress : (1452/6690) Exporting 'Sweat0.60'
ExportProgress : (1453/6690) Exporting 'polySurface5'
ExportProgress : (1454/6690) Exporting 'Tear1.30'
ExportProgress : (1455/6690) Exporting 'Tear3.26'
ExportProgress : (1456/6690) Exporting 'Tear3.46'
ExportProgress : (1457/6690) Exporting 'Sweat1.44'
ExportProgress : (1458/6690) Exporting 'Sweat1.38'
ExportProgress : (1459/6690) Exporting 'Tear0.34'
ExportProgress : (1460/6690) Exporting 'Sweat0.21'
ExportProgress : (1461/6690) Exporting 'Tear0.27'
ExportProgress : (1462/6690) Exporting 'Tear1.080'
ExportProgress : (1463/6690) Exporting 'FullMask_Mesh'
ExportProgress : (1464/6690) Exporting 'Tear2.094'
ExportProgress : (1465/6690) Exporting 'Sweat1.08'
ExportProgress : (1466/6690) Exporting 'npc_csl_hoodie_01_torso_lod1'
ExportProgress : (1467/6690) Exporting 'Tear2.21'
ExportProgress : (1468/6690) Exporting 'npc_csl_shoe_02_lod4'
ExportProgress : (1469/6690) Exporting 'npc_haircut_a_02h_lod2'
ExportProgress : (1470/6690) Exporting 'Tear1.14'
ExportProgress : (1471/6690) Exporting 'Sweat1.45'
ExportProgress : (1472/6690) Exporting 'Pantyhose_IB'
ExportProgress : (1473/6690) Exporting 'Tear0.072'
ExportProgress : (1474/6690) Exporting 'npc_csl_raglan_01m_sleeves_lod3'
ExportProgress : (1475/6690) Exporting 'Tear1.114'
ExportProgress : (1476/6690) Exporting 'pCube5'
ExportProgress : (1477/6690) Exporting 'Sweat1.10'
ExportProgress : (1478/6690) Exporting 'Tear3.070'
ExportProgress : (1479/6690) Exporting 'Sweat1.57'
ExportProgress : (1480/6690) Exporting 'Tear0.120'
ExportProgress : (1481/6690) Exporting 'Tear3.095'
ExportProgress : (1482/6690) Exporting 'Tear0.22'
ExportProgress : (1483/6690) Exporting 'Tear3.096'
ExportProgress : (1484/6690) Exporting 'Sweat0.33'
ExportProgress : (1485/6690) Exporting 'Tear0.08'
ExportProgress : (1486/6690) Exporting 'npc_csl_coat_01_torso_lod1'
ExportProgress : (1487/6690) Exporting 'Tear2.35'
ExportProgress : (1488/6690) Exporting 'Tear0.064'
ExportProgress : (1489/6690) Exporting '#VAS0001_Vase_cell.003'
ExportProgress : (1490/6690) Exporting 'Tear3.38'
ExportProgress : (1491/6690) Exporting 'Tear3.085'
ExportProgress : (1492/6690) Exporting 'Sweat0.16'
ExportProgress : (1493/6690) Exporting 'npc_hmn_01m_lod4'
ExportProgress : (1494/6690) Exporting 'Tear1.41'
ExportProgress : (1495/6690) Exporting 'latch'
ExportProgress : (1496/6690) Exporting 'Tear3.27'
ExportProgress : (1497/6690) Exporting 'Body.001'
ExportProgress : (1498/6690) Exporting 'Tear1.062'
ExportProgress : (1499/6690) Exporting 'Tear0.112'
ExportProgress : (1500/6690) Exporting 'Sweat0.14'
ExportProgress : (1501/6690) Exporting 'Tear1.39'
ExportProgress : (1502/6690) Exporting 'Sweat0.10'
ExportProgress : (1503/6690) Exporting '#VAS0001_Vase_cell.021'
ExportProgress : (1504/6690) Exporting 'Sweat0.59'
ExportProgress : (1505/6690) Exporting 'npc_csl_shirtrolled_01m_sleeves_lod0'
ExportProgress : (1506/6690) Exporting '#VAS0001_Vase_cell.020'
ExportProgress : (1507/6690) Exporting 'MHXX_Bikini'
ExportProgress : (1508/6690) Exporting 'Tear1.065'
ExportProgress : (1509/6690) Exporting 'Tear2.078'
ExportProgress : (1510/6690) Exporting 'npc_csl_hoodie_01_sleeves_lod4'
ExportProgress : (1511/6690) Exporting 'Tear3.103'
ExportProgress : (1512/6690) Exporting 'Tear0.52'
ExportProgress : (1513/6690) Exporting 'npc_haircut_a_01h_lod4'
ExportProgress : (1514/6690) Exporting '#VAS0001_Vase_cell.018'
ExportProgress : (1515/6690) Exporting 'Tear3.087'
ExportProgress : (1516/6690) Exporting 'Tear1.101'
ExportProgress : (1517/6690) Exporting 'Tear0.18'
ExportProgress : (1518/6690) Exporting 'Tear1.084'
ExportProgress : (1519/6690) Exporting 'Tear2.26'
ExportProgress : (1520/6690) Exporting 'npc_haircut_a_02h_lod1'
ExportProgress : (1521/6690) Exporting 'Sweat0.40'
ExportProgress : (1522/6690) Exporting 'Tear3.06'
ExportProgress : (1523/6690) Exporting 'npc_csl_coat_01_torso_lod3'
ExportProgress : (1524/6690) Exporting 'Tear1.075'
ExportProgress : (1525/6690) Exporting 'Tear1.47'
ExportProgress : (1526/6690) Exporting 'npc_csl_shoe_01_lod3'
ExportProgress : (1527/6690) Exporting 'Tear0.090'
ExportProgress : (1528/6690) Exporting 'npc_haircut_a_03h_lod2'
ExportProgress : (1529/6690) Exporting 'mesh_belts'
ExportProgress : (1530/6690) Exporting 'Tear3.099'
ExportProgress : (1531/6690) Exporting 'Tear3.41'
ExportProgress : (1532/6690) Exporting 'Sweat1.53'
ExportProgress : (1533/6690) Exporting 'Sweat1.35'
ExportProgress : (1534/6690) Exporting 'Tear3.098'
ExportProgress : (1535/6690) Exporting 'Sweat1.18'
ExportProgress : (1536/6690) Exporting 'Circle'
ExportProgress : (1537/6690) Exporting 'Tear3.073'
ExportProgress : (1538/6690) Exporting 'Tear0.068'
ExportProgress : (1539/6690) Exporting 'Tear1.17'
ExportProgress : (1540/6690) Exporting 'Tear0.21'
ExportProgress : (1541/6690) Exporting 'Tear3.106'
ExportProgress : (1542/6690) Exporting 'Tear0.16'
ExportProgress : (1543/6690) Exporting 'Tear0.079'
ExportProgress : (1544/6690) Exporting 'Tear1.112'
ExportProgress : (1545/6690) Exporting 'Tear0.56'
ExportProgress : (1546/6690) Exporting 'Tear1.50'
ExportProgress : (1547/6690) Exporting 'Tear0.099'
ExportProgress : (1548/6690) Exporting 'npc_csl_raglan_01m_torso_lod4'
ExportProgress : (1549/6690) Exporting 'Pen_Cup'
ExportProgress : (1550/6690) Exporting 'Tear0.104'
ExportProgress : (1551/6690) Exporting 'Binder_mesh'
ExportProgress : (1552/6690) Exporting 'npc_csl_coat_01_cape_01_lod1'
ExportProgress : (1553/6690) Exporting 'Tear0.40'
ExportProgress : (1554/6690) Exporting 'Sweat1.16'
ExportProgress : (1555/6690) Exporting 'Tear2.28'
ExportProgress : (1556/6690) Exporting 'Tear0.085'
ExportProgress : (1557/6690) Exporting 'Sweat1.54'
ExportProgress : (1558/6690) Exporting 'SK_BUNNY_SUIT'
ExportProgress : (1559/6690) Exporting 'Sweat1.40'
ExportProgress : (1560/6690) Exporting 'npc_csl_coat_01_cape_02_lod1'
ExportProgress : (1561/6690) Exporting 'Tear0.44'
ExportProgress : (1562/6690) Exporting 'Tear2.089'
ExportProgress : (1563/6690) Exporting 'Tear1.071'
ExportProgress : (1564/6690) Exporting 'Sweat0.48'
ExportProgress : (1565/6690) Exporting 'Tear0.084'
ExportProgress : (1566/6690) Exporting 'GagFull_mesh'
ExportProgress : (1567/6690) Exporting 'npc_haircut_a_03_lod2'
ExportProgress : (1568/6690) Exporting 'npc_csl_coat_01_cape_02_lod4'
ExportProgress : (1569/6690) Exporting 'AmmoPack_.45ACP'
ExportProgress : (1570/6690) Exporting 'Sweat1.23'
ExportProgress : (1571/6690) Exporting 'Body_LOD0'
ExportProgress : (1572/6690) Exporting 'Body_LOD0'
ExportProgress : (1573/6690) Exporting 'Body_LOD0'
ExportProgress : (1574/6690) Exporting '#VAS0001_Vase_cell.007'
ExportProgress : (1575/6690) Exporting 'Sweat1.51'
ExportProgress : (1576/6690) Exporting 'Tear1.066'
ExportProgress : (1577/6690) Exporting 'npc_csl_coat_01_torso_lod4'
ExportProgress : (1578/6690) Exporting 'Sweat1.12'
ExportProgress : (1579/6690) Exporting 'Sweat1.59'
ExportProgress : (1580/6690) Exporting 'Tear1.36'
ExportProgress : (1581/6690) Exporting 'Tear3.42'
ExportProgress : (1582/6690) Exporting 'Sailor_Lifted'
ExportProgress : (1583/6690) Exporting 'npc_csl_shirtrolled_01m_torso_lod4'
ExportProgress : (1584/6690) Exporting 'npc_haircut_a_01_lod3'
ExportProgress : (1585/6690) Exporting 'Tear1.120'
ExportProgress : (1586/6690) Exporting 'Sweat0.35'
ExportProgress : (1587/6690) Exporting 'Rope_mesh'
ExportProgress : (1588/6690) Exporting 'npc_haircut_a_01_lod1'
ExportProgress : (1589/6690) Exporting 'Tear2.088'
ExportProgress : (1590/6690) Exporting 'Sweat1.00'
ExportProgress : (1591/6690) Exporting 'npc_haircut_a_03h_lod4'
ExportProgress : (1592/6690) Exporting 'Tear2.30'
ExportProgress : (1593/6690) Exporting 'Tear3.17'
ExportProgress : (1594/6690) Exporting '#VAS0001_Vase_cell.023'
ExportProgress : (1595/6690) Exporting 'Tear2.18'
ExportProgress : (1596/6690) Exporting 'Tear3.10'
ExportProgress : (1597/6690) Exporting 'Cylinder001'
ExportProgress : (1598/6690) Exporting 'Tear1.108'
ExportProgress : (1599/6690) Exporting 'FaceMask_mesh'
ExportProgress : (1600/6690) Exporting 'Tear3.48'
ExportProgress : (1601/6690) Exporting 'Tear1.093'
ExportProgress : (1602/6690) Exporting 'Tear2.080'
ExportProgress : (1603/6690) Exporting '#VAS0001_Vase_cell.002'
ExportProgress : (1604/6690) Exporting 'Tear0.32'
ExportProgress : (1605/6690) Exporting 'Sweat0.12'
ExportProgress : (1606/6690) Exporting 'Sweat0.22'
ExportProgress : (1607/6690) Exporting 'Tear1.063'
ExportProgress : (1608/6690) Exporting 'npc_csl_hoodie_01_sleeves_lod1'
ExportProgress : (1609/6690) Exporting 'Tear1.116'
ExportProgress : (1610/6690) Exporting 'Blindfold_mesh'
ExportProgress : (1611/6690) Exporting 'Sweat1.56'
ExportProgress : (1612/6690) Exporting 'npc_csl_raglan_01m_sleeves_lod0'
ExportProgress : (1613/6690) Exporting 'Tear3.16'
ExportProgress : (1614/6690) Exporting 'Tear0.114'
ExportProgress : (1615/6690) Exporting 'npc_haircut_a_03_lod3'
ExportProgress : (1616/6690) Exporting 'Tear0.15'
ExportProgress : (1617/6690) Exporting 'Tear3.31'
ExportProgress : (1618/6690) Exporting 'Tear0.066'
ExportProgress : (1619/6690) Exporting 'Tear3.067'
ExportProgress : (1620/6690) Exporting 'Tear0.088'
ExportProgress : (1621/6690) Exporting 'Sweat1.19'
ExportProgress : (1622/6690) Exporting 'Tear3.21'
ExportProgress : (1623/6690) Exporting 'npc_csl_raglan_01m_torso_lod0'
ExportProgress : (1624/6690) Exporting 'Tear3.102'
ExportProgress : (1625/6690) Exporting 'Tear1.02'
ExportProgress : (1626/6690) Exporting 'Sweat1.27'
ExportProgress : (1627/6690) Exporting 'AnalHook_Collar'
ExportProgress : (1628/6690) Exporting 'Tear3.36'
ExportProgress : (1629/6690) Exporting '01_unnamed'
ExportProgress : (1630/6690) Exporting '02_unnamed'
ExportProgress : (1631/6690) Exporting '03_unnamed'
ExportProgress : (1632/6690) Exporting '01_unnamed'
ExportProgress : (1633/6690) Exporting '02_unnamed'
ExportProgress : (1634/6690) Exporting '03_unnamed'
ExportProgress : (1635/6690) Exporting '01_unnamed'
ExportProgress : (1636/6690) Exporting '02_unnamed'
ExportProgress : (1637/6690) Exporting '01_unnamed 1'
ExportProgress : (1638/6690) Exporting '01_unnamed'
ExportProgress : (1639/6690) Exporting '02_unnamed 1'
ExportProgress : (1640/6690) Exporting '02_unnamed'
ExportProgress : (1641/6690) Exporting '01_unnamed'
ExportProgress : (1642/6690) Exporting '02_unnamed'
ExportProgress : (1643/6690) Exporting '03_unnamed'
ExportProgress : (1644/6690) Exporting '01_unnamed'
ExportProgress : (1645/6690) Exporting '02_unnamed'
ExportProgress : (1646/6690) Exporting '03_unnamed'
ExportProgress : (1647/6690) Exporting 'Branch.006'
ExportProgress : (1648/6690) Exporting 'Door_01_wood_low.003'
ExportProgress : (1649/6690) Exporting 'orc_1_hummer'
ExportProgress : (1650/6690) Exporting 'Killer_1_LOD0'
ExportProgress : (1651/6690) Exporting 'pCube1'
ExportProgress : (1652/6690) Exporting 'Group38277.036'
ExportProgress : (1653/6690) Exporting 'orc_1_body'
ExportProgress : (1654/6690) Exporting 'FloorBase'
ExportProgress : (1655/6690) Exporting 'BurnedLogs'
ExportProgress : (1656/6690) Exporting 'Door_01_wood_low.002'
ExportProgress : (1657/6690) Exporting 'Killer_1_LOD1'
ExportProgress : (1658/6690) Exporting 'orc_1_eye_khisi'
ExportProgress : (1659/6690) Exporting 'Embers'
ExportProgress : (1660/6690) Exporting 'Killer_1_LOD2'
ExportProgress : (1661/6690) Exporting 'orc_1_teeth'
ExportProgress : (1662/6690) Exporting 'SK_Barghest'
ExportProgress : (1663/6690) Exporting 'Rocks'
ExportProgress : (1664/6690) Exporting 'orc_1_eye_R'
ExportProgress : (1665/6690) Exporting 'SK_BarghestTailHair'
ExportProgress : (1666/6690) Exporting 'Orc_1_Acc'
ExportProgress : (1667/6690) Exporting 'SK_BarghestMane'
ExportProgress : (1668/6690) Exporting 'goblin mage skull'
ExportProgress : (1669/6690) Exporting 'Orc_1_cloth_1'
ExportProgress : (1670/6690) Exporting 'hair'
ExportProgress : (1671/6690) Exporting 'eye_wet'
ExportProgress : (1672/6690) Exporting 'WormMeshBody'
ExportProgress : (1673/6690) Exporting 'orc_1_eye_L'
ExportProgress : (1674/6690) Exporting 'WormMeshTentacles'
ExportProgress : (1675/6690) Exporting 'WormMeshCarapace'
ExportProgress : (1676/6690) Exporting 'WormMeshSpikes01'
ExportProgress : (1677/6690) Exporting 'WormMeshSpikes02'
ExportProgress : (1678/6690) Exporting 'IN_BUNNY'
ExportProgress : (1679/6690) Exporting 'Sweat1.55'
ExportProgress : (1680/6690) Exporting 'npc_csl_hoodie_01_cape_01_lod4'
ExportProgress : (1681/6690) Exporting 'Tear1.085'
ExportProgress : (1682/6690) Exporting 'Tear0.31'
ExportProgress : (1683/6690) Exporting 'Tear1.078'
ExportProgress : (1684/6690) Exporting 'SK_BUNNY_SHOES'
ExportProgress : (1685/6690) Exporting 'Tear1.091'
ExportProgress : (1686/6690) Exporting 'Sweat1.42'
ExportProgress : (1687/6690) Exporting 'Tear3.089'
ExportProgress : (1688/6690) Exporting 'npc_haircut_a_03h_lod3'
ExportProgress : (1689/6690) Exporting 'Tear0.33'
ExportProgress : (1690/6690) Exporting 'Tear0.102'
ExportProgress : (1691/6690) Exporting 'Sweat1.49'
ExportProgress : (1692/6690) Exporting 'Tear1.23'
ExportProgress : (1693/6690) Exporting 'Tear2.37'
ExportProgress : (1694/6690) Exporting 'npc_csl_coat_01_cape_02_lod3'
ExportProgress : (1695/6690) Exporting 'Tear3.077'
ExportProgress : (1696/6690) Exporting 'Tear0.111'
ExportProgress : (1697/6690) Exporting 'Tear1.076'
ExportProgress : (1698/6690) Exporting 'Sweat0.09'
ExportProgress : (1699/6690) Exporting 'Sweat0.20'
ExportProgress : (1700/6690) Exporting 'npc_haircut_a_01h_lod2'
ExportProgress : (1701/6690) Exporting 'npc_haircut_a_03_lod1'
ExportProgress : (1702/6690) Exporting 'Tear2.092'
ExportProgress : (1703/6690) Exporting 'Tear1.072'
ExportProgress : (1704/6690) Exporting 'nuts1'
ExportProgress : (1705/6690) Exporting 'Tear1.102'
ExportProgress : (1706/6690) Exporting 'Tear1.086'
ExportProgress : (1707/6690) Exporting 'Tear1.31'
ExportProgress : (1708/6690) Exporting 'Tear1.42'
ExportProgress : (1709/6690) Exporting 'npc_csl_breeches_01_lod4'
ExportProgress : (1710/6690) Exporting 'npc_csl_hoodie_01_torso_lod3'
ExportProgress : (1711/6690) Exporting 'npc_haircut_a_01_lod4'
ExportProgress : (1712/6690) Exporting 'npc_csl_pants_01_lod3'
ExportProgress : (1713/6690) Exporting 'Sweat0.06'
ExportProgress : (1714/6690) Exporting 'Sweat0.02'
ExportProgress : (1715/6690) Exporting 'npc_csl_coat_01_cape_01_lod2'
ExportProgress : (1716/6690) Exporting 'Tear0.083'
ExportProgress : (1717/6690) Exporting 'npc_haircut_a_01h_lod0'
ExportProgress : (1718/6690) Exporting 'Tear1.079'
ExportProgress : (1719/6690) Exporting 'chain'
ExportProgress : (1720/6690) Exporting 'Tear3.094'
ExportProgress : (1721/6690) Exporting 'Tear0.50'
ExportProgress : (1722/6690) Exporting 'Sweat0.15'
ExportProgress : (1723/6690) Exporting 'npc_csl_coat_01_torso_lod2'
ExportProgress : (1724/6690) Exporting 'Tear0.17'
ExportProgress : (1725/6690) Exporting 'npc_csl_coat_01_cape_01_lod0'
ExportProgress : (1726/6690) Exporting 'Vibrator_Bikini'
ExportProgress : (1727/6690) Exporting 'Tear3.43'
ExportProgress : (1728/6690) Exporting 'Tear3.34'
ExportProgress : (1729/6690) Exporting 'Sailor_Down'
ExportProgress : (1730/6690) Exporting 'Sweat1.04'
ExportProgress : (1731/6690) Exporting 'Tear0.071'
ExportProgress : (1732/6690) Exporting 'Tear1.094'
ExportProgress : (1733/6690) Exporting 'Tear3.066'
ExportProgress : (1734/6690) Exporting 'Tear0.113'
ExportProgress : (1735/6690) Exporting 'Sweat1.07'
ExportProgress : (1736/6690) Exporting 'Tear1.105'
ExportProgress : (1737/6690) Exporting 'Collar_mesh'
ExportProgress : (1738/6690) Exporting 'support1'
ExportProgress : (1739/6690) Exporting 'npc_csl_hoodie_01_cape_01_lod1'
ExportProgress : (1740/6690) Exporting 'Tear2.23'
ExportProgress : (1741/6690) Exporting 'FullMask_Hair'
ExportProgress : (1742/6690) Exporting 'npc_haircut_a_01h_lod3'
ExportProgress : (1743/6690) Exporting 'npc_csl_shoe_02_lod3'
ExportProgress : (1744/6690) Exporting 'Vibrator_Base.001'
ExportProgress : (1745/6690) Exporting 'Tear0.28'
ExportProgress : (1746/6690) Exporting 'Tear0.46'
ExportProgress : (1747/6690) Exporting 'Sweat1.29'
ExportProgress : (1748/6690) Exporting 'Tear1.37'
ExportProgress : (1749/6690) Exporting 'Sailor_Main'
ExportProgress : (1750/6690) Exporting 'Tear3.065'
ExportProgress : (1751/6690) Exporting 'npc_csl_coat_01_cape_01_lod3'
ExportProgress : (1752/6690) Exporting 'Tear2.36'
ExportProgress : (1753/6690) Exporting 'Sweat1.21'
ExportProgress : (1754/6690) Exporting 'Sweat1.03'
ExportProgress : (1755/6690) Exporting 'Tear3.28'
ExportProgress : (1756/6690) Exporting '#VAS0001_Vase_cell.016'
ExportProgress : (1757/6690) Exporting 'npc_csl_hoodie_01_cape_02_lod3'
ExportProgress : (1758/6690) Exporting 'SM_bottle'
ExportProgress : (1759/6690) Exporting 'Tear1.28'
ExportProgress : (1760/6690) Exporting 'Tear0.11'
ExportProgress : (1761/6690) Exporting 'Tear2.096'
ExportProgress : (1762/6690) Exporting 'Tear2.079'
ExportProgress : (1763/6690) Exporting 'Tear0.086'
ExportProgress : (1764/6690) Exporting 'Tear1.29'
ExportProgress : (1765/6690) Exporting 'Tear1.13'
ExportProgress : (1766/6690) Exporting '#VAS0001_Vase_cell.017'
ExportProgress : (1767/6690) Exporting 'Tear0.41'
ExportProgress : (1768/6690) Exporting 'Tear0.38'
ExportProgress : (1769/6690) Exporting 'Tear3.11'
ExportProgress : (1770/6690) Exporting 'Tear0.089'
ExportProgress : (1771/6690) Exporting 'Tear3.09'
ExportProgress : (1772/6690) Exporting 'npc_csl_shirtrolled_01m_sleeves_lod1'
ExportProgress : (1773/6690) Exporting 'Tear1.070'
ExportProgress : (1774/6690) Exporting 'Tear2.39'
ExportProgress : (1775/6690) Exporting 'Tear3.37'
ExportProgress : (1776/6690) Exporting 'nuts'
ExportProgress : (1777/6690) Exporting 'Tear0.107'
ExportProgress : (1778/6690) Exporting 'Tear0.35'
ExportProgress : (1779/6690) Exporting 'Tear0.069'
ExportProgress : (1780/6690) Exporting 'Tear1.06'
ExportProgress : (1781/6690) Exporting 'Tear0.23'
ExportProgress : (1782/6690) Exporting 'npc_csl_shirtrolled_01m_sleeves_lod4'
ExportProgress : (1783/6690) Exporting '#VAS0001_Vase'
ExportProgress : (1784/6690) Exporting 'Orc_1_cloth_1.001'
ExportProgress : (1785/6690) Exporting 'Orc_1_cloth_1.001'
ExportProgress : (1786/6690) Exporting 'Tear0.36'
ExportProgress : (1787/6690) Exporting 'Tear0.39'
ExportProgress : (1788/6690) Exporting 'ornament'
ExportProgress : (1789/6690) Exporting 'Tear0.103'
ExportProgress : (1790/6690) Exporting 'Tear0.093'
ExportProgress : (1791/6690) Exporting 'Tear0.067'
ExportProgress : (1792/6690) Exporting 'Tear0.077'
ExportProgress : (1793/6690) Exporting 'Tear0.37'
ExportProgress : (1794/6690) Exporting 'Tear1.33'
ExportProgress : (1795/6690) Exporting 'Tear3.104'
ExportProgress : (1796/6690) Exporting 'Tear1.43'
ExportProgress : (1797/6690) Exporting 'npc_csl_raglan_01m_sleeves_lod4'
ExportProgress : (1798/6690) Exporting 'npc_csl_pants_01_lod2'
ExportProgress : (1799/6690) Exporting 'Sweat1.52'
ExportProgress : (1800/6690) Exporting 'Tear1.07'
ExportProgress : (1801/6690) Exporting 'Tear0.100'
ExportProgress : (1802/6690) Exporting 'Body'
ExportProgress : (1803/6690) Exporting 'Body'
ExportProgress : (1804/6690) Exporting 'potion'
ExportProgress : (1805/6690) Exporting 'npc_haircut_a_02_lod1'
ExportProgress : (1806/6690) Exporting 'Sweat0.11'
ExportProgress : (1807/6690) Exporting 'support5'
ExportProgress : (1808/6690) Exporting 'npc_haircut_a_02_lod0'
ExportProgress : (1809/6690) Exporting 'Tear1.01'
ExportProgress : (1810/6690) Exporting 'Tear1.35'
ExportProgress : (1811/6690) Exporting 'Tear0.078'
ExportProgress : (1812/6690) Exporting 'npc_haircut_a_01_lod2'
ExportProgress : (1813/6690) Exporting 'bung'
ExportProgress : (1814/6690) Exporting 'Sweat1.02'
ExportProgress : (1815/6690) Exporting 'Tear1.089'
ExportProgress : (1816/6690) Exporting 'Tear0.098'
ExportProgress : (1817/6690) Exporting 'npc_csl_hoodie_01_cape_01_lod0'
ExportProgress : (1818/6690) Exporting 'Sweat1.05'
ExportProgress : (1819/6690) Exporting '#VAS0001_Vase_cell.022'
ExportProgress : (1820/6690) Exporting 'Tear1.097'
ExportProgress : (1821/6690) Exporting 'Tear0.54'
ExportProgress : (1822/6690) Exporting 'npc_hmn_01m_lod1'
ExportProgress : (1823/6690) Exporting 'Tear1.077'
ExportProgress : (1824/6690) Exporting 'Tear1.08'
ExportProgress : (1825/6690) Exporting 'Tear3.071'
ExportProgress : (1826/6690) Exporting 'npc_csl_shirtrolled_01m_sleeves_lod3'
ExportProgress : (1827/6690) Exporting 'Sweat1.25'
ExportProgress : (1828/6690) Exporting 'Sweat0.47'
ExportProgress : (1829/6690) Exporting 'Tear3.20'
ExportProgress : (1830/6690) Exporting 'npc_csl_breeches_01_lod1'
ExportProgress : (1831/6690) Exporting 'Tear1.106'
ExportProgress : (1832/6690) Exporting 'Tear3.49'
ExportProgress : (1833/6690) Exporting 'Tear1.064'
ExportProgress : (1834/6690) Exporting 'npc_csl_coat_01_cape_02_lod2'
ExportProgress : (1835/6690) Exporting '#VAS0001_Vase_cell.004'
ExportProgress : (1836/6690) Exporting 'Tear3.35'
ExportProgress : (1837/6690) Exporting 'npc_csl_shoe_01_lod2'
ExportProgress : (1838/6690) Exporting 'Tear3.092'
ExportProgress : (1839/6690) Exporting 'npc_csl_shoe_02_lod1'
ExportProgress : (1840/6690) Exporting 'npc_haircut_a_03h_lod0'
ExportProgress : (1841/6690) Exporting 'SM_fluid'
ExportProgress : (1842/6690) Exporting 'Sweat0.08'
ExportProgress : (1843/6690) Exporting 'Tear0.59'
ExportProgress : (1844/6690) Exporting 'Tear0.55'
ExportProgress : (1845/6690) Exporting 'Tear1.095'
ExportProgress : (1846/6690) Exporting 'Tear3.45'
ExportProgress : (1847/6690) Exporting 'Tear1.087'
ExportProgress : (1848/6690) Exporting 'npc_csl_pants_01_lod4'
ExportProgress : (1849/6690) Exporting 'Sweat0.49'
ExportProgress : (1850/6690) Exporting 'Tear0.110'
ExportProgress : (1851/6690) Exporting 'Tear1.22'
ExportProgress : (1852/6690) Exporting 'NoseHook_mesh'
ExportProgress : (1853/6690) Exporting 'Tear1.067'
ExportProgress : (1854/6690) Exporting 'Tear2.087'
ExportProgress : (1855/6690) Exporting 'Sweat0.29'
ExportProgress : (1856/6690) Exporting 'Tear1.48'
ExportProgress : (1857/6690) Exporting 'Tear1.118'
ExportProgress : (1858/6690) Exporting 'Tear3.105'
ExportProgress : (1859/6690) Exporting 'Sweat1.17'
ExportProgress : (1860/6690) Exporting 'Sweat0.23'
ExportProgress : (1861/6690) Exporting 'Tear0.20'
ExportProgress : (1862/6690) Exporting 'npc_haircut_a_02h_lod4'
ExportProgress : (1863/6690) Exporting 'Tear0.106'
ExportProgress : (1864/6690) Exporting 'npc_haircut_a_03_lod0'
ExportProgress : (1865/6690) Exporting 'Sweat0.57'
ExportProgress : (1866/6690) Exporting 'npc_csl_pants_01_lod1'
ExportProgress : (1867/6690) Exporting 'Tear1.32'
ExportProgress : (1868/6690) Exporting 'Tear0.094'
ExportProgress : (1869/6690) Exporting 'npc_haircut_a_02h_lod0'
ExportProgress : (1870/6690) Exporting 'Tear0.074'
ExportProgress : (1871/6690) Exporting 'CASUAL.002'
ExportProgress : (1872/6690) Exporting 'BUNNY_COLLAR'
ExportProgress : (1873/6690) Exporting 'SwimSuit'
ExportProgress : (1874/6690) Exporting 'Tear1.083'
ExportProgress : (1875/6690) Exporting 'Sweat0.37'
ExportProgress : (1876/6690) Exporting 'Tear1.069'
ExportProgress : (1877/6690) Exporting 'Gag_mesh'
ExportProgress : (1878/6690) Exporting 'Sweat0.44'
ExportProgress : (1879/6690) Exporting 'Sweat1.13'
ExportProgress : (1880/6690) Exporting 'Tear3.083'
ExportProgress : (1881/6690) Exporting 'Tear1.073'
ExportProgress : (1882/6690) Exporting 'npc_csl_coat_01_cape_01_lod4'
ExportProgress : (1883/6690) Exporting 'Tear3.23'
ExportProgress : (1884/6690) Exporting 'npc_csl_breeches_01_lod3'
ExportProgress : (1885/6690) Exporting 'Tear0.070'
ExportProgress : (1886/6690) Exporting 'npc_hmn_01m_lod3'
ExportProgress : (1887/6690) Exporting 'npc_csl_coat_01_sleeves_lod0'
ExportProgress : (1888/6690) Exporting 'Tear1.104'
ExportProgress : (1889/6690) Exporting 'Tear3.080'
ExportProgress : (1890/6690) Exporting 'Tear3.13'
ExportProgress : (1891/6690) Exporting '#VAS0001_Vase_cell.013'
ExportProgress : (1892/6690) Exporting 'Tear3.40'
ExportProgress : (1893/6690) Exporting 'Tear2.099'
ExportProgress : (1894/6690) Exporting 'Tear3.097'
ExportProgress : (1895/6690) Exporting 'support4'
ExportProgress : (1896/6690) Exporting 'Tear1.11'
ExportProgress : (1897/6690) Exporting 'Tear1.54'
ExportProgress : (1898/6690) Exporting 'Tear3.088'
ExportProgress : (1899/6690) Exporting 'Tear0.45'
ExportProgress : (1900/6690) Exporting 'npc_csl_hoodie_01_torso_lod0'
ExportProgress : (1901/6690) Exporting 'Sweat1.33'
ExportProgress : (1902/6690) Exporting 'Tear3.14'
ExportProgress : (1903/6690) Exporting 'Tear0.13'
ExportProgress : (1904/6690) Exporting 'Tear2.33'
ExportProgress : (1905/6690) Exporting 'Tear2.093'
ExportProgress : (1906/6690) Exporting 'npc_csl_shoe_02_lod2'
ExportProgress : (1907/6690) Exporting 'Tear3.090'
ExportProgress : (1908/6690) Exporting 'Sweat1.41'
ExportProgress : (1909/6690) Exporting 'old_Chest_top'
ExportProgress : (1910/6690) Exporting 'GagOpen_mesh'
ExportProgress : (1911/6690) Exporting 'Sweat0.38'
ExportProgress : (1912/6690) Exporting '#VAS0001_Vase_cell.012'
ExportProgress : (1913/6690) Exporting 'Tear0.101'
ExportProgress : (1914/6690) Exporting 'npc_csl_breeches_01_lod0'
ExportProgress : (1915/6690) Exporting 'npc_csl_coat_01_cape_02_lod0'
ExportProgress : (1916/6690) Exporting 'Tear0.03'
ExportProgress : (1917/6690) Exporting 'Sweat0.30'
ExportProgress : (1918/6690) Exporting 'npc_csl_coat_01_torso_lod0'
ExportProgress : (1919/6690) Exporting 'Tear3.107'
ExportProgress : (1920/6690) Exporting 'grip'
ExportProgress : (1921/6690) Exporting 'Tear3.091'
ExportProgress : (1922/6690) Exporting 'Tear3.074'
ExportProgress : (1923/6690) Exporting 'Tear0.12'
ExportProgress : (1924/6690) Exporting 'Tear1.52'
ExportProgress : (1925/6690) Exporting 'Tear0.30'
ExportProgress : (1926/6690) Exporting 'RopeHang_mesh'
ExportProgress : (1927/6690) Exporting 'npc_haircut_a_03h_lod1'
ExportProgress : (1928/6690) Exporting 'Tear0.092'
ExportProgress : (1929/6690) Exporting 'Tear0.57'
ExportProgress : (1930/6690) Exporting 'Sweat0.27'
ExportProgress : (1931/6690) Exporting 'Tear3.24'
ExportProgress : (1932/6690) Exporting 'Tear2.38'
ExportProgress : (1933/6690) Exporting 'Sweat0.58'
ExportProgress : (1934/6690) Exporting 'MHXX_Bikini_Top'
ExportProgress : (1935/6690) Exporting 'Sweat0.05'
ExportProgress : (1936/6690) Exporting 'Sweat0.26'
ExportProgress : (1937/6690) Exporting 'Tear2.095'
ExportProgress : (1938/6690) Exporting 'Tear1.068'
ExportProgress : (1939/6690) Exporting 'Vibrator_Base'
ExportProgress : (1940/6690) Exporting 'npc_csl_shirtrolled_01m_torso_lod1'
ExportProgress : (1941/6690) Exporting 'Sweat1.34'
ExportProgress : (1942/6690) Exporting 'Sweat0.56'
ExportProgress : (1943/6690) Exporting 'npc_csl_raglan_01m_sleeves_lod2'
ExportProgress : (1944/6690) Exporting 'Tear3.084'
ExportProgress : (1945/6690) Exporting 'support3'
ExportProgress : (1946/6690) Exporting 'npc_haircut_a_01_lod0'
ExportProgress : (1947/6690) Exporting 'SM_Key'
ExportProgress : (1948/6690) Exporting 'PantyhoseNet _Mesh'
ExportProgress : (1949/6690) Exporting 'npc_haircut_a_03_lod4'
ExportProgress : (1950/6690) Exporting 'SM_Ring'
ExportProgress : (1951/6690) Exporting '#VAS0001_Vase_cell'
ExportProgress : (1952/6690) Exporting 'Tear2.31'
ExportProgress : (1953/6690) Exporting 'Sweat0.07'
ExportProgress : (1954/6690) Exporting 'Tear1.46'
ExportProgress : (1955/6690) Exporting 'old_Chest'
ExportProgress : (1956/6690) Exporting 'Tear3.18'
ExportProgress : (1957/6690) Exporting 'Sweat1.09'
ExportProgress : (1958/6690) Exporting 'Sweat1.46'
ExportProgress : (1959/6690) Exporting 'male_genericMesh'
ExportProgress : (1960/6690) Exporting 'male_genericMesh'
ExportProgress : (1961/6690) Exporting 'npc_csl_shoe_01_lod1'
ExportProgress : (1962/6690) Exporting 'Sweat0.45'
ExportProgress : (1963/6690) Exporting 'Tear1.27'
ExportProgress : (1964/6690) Exporting 'Tear2.097'
ExportProgress : (1965/6690) Exporting 'Sweat0.39'
ExportProgress : (1966/6690) Exporting 'Tear1.113'
ExportProgress : (1967/6690) Exporting 'Tear3.08'
ExportProgress : (1968/6690) Exporting 'npc_csl_hoodie_01_sleeves_lod3'
ExportProgress : (1969/6690) Exporting 'Sweat0.52'
ExportProgress : (1970/6690) Exporting 'Tear1.088'
ExportProgress : (1971/6690) Exporting 'Tear2.27'
ExportProgress : (1972/6690) Exporting 'Sweat0.53'
ExportProgress : (1973/6690) Exporting 'Tear3.19'
ExportProgress : (1974/6690) Exporting 'Tear1.109'
ExportProgress : (1975/6690) Exporting 'Tear3.44'
ExportProgress : (1976/6690) Exporting 'Tear1.20'
ExportProgress : (1977/6690) Exporting 'Tear1.19'
ExportProgress : (1978/6690) Exporting 'npc_hmn_01m_lod2'
ExportProgress : (1979/6690) Exporting 'Sweat1.36'
ExportProgress : (1980/6690) Exporting 'Tear0.119'
ExportProgress : (1981/6690) Exporting 'Sweat0.17'
ExportProgress : (1982/6690) Exporting 'Tear1.111'
ExportProgress : (1983/6690) Exporting 'Tear0.26'
ExportProgress : (1984/6690) Exporting 'Tear0.53'
ExportProgress : (1985/6690) Exporting 'Tear1.60'
ExportProgress : (1986/6690) Exporting 'BitchSuit_mesh'
ExportProgress : (1987/6690) Exporting 'npc_csl_pants_01_lod0'
ExportProgress : (1988/6690) Exporting 'Tear0.29'
ExportProgress : (1989/6690) Exporting 'Goblin Head'
ExportProgress : (1990/6690) Exporting 'npc_csl_shirtrolled_01m_sleeves_lod2'
ExportProgress : (1991/6690) Exporting 'Tear0.06'
ExportProgress : (1992/6690) Exporting 'Tear0.096'
ExportProgress : (1993/6690) Exporting 'npc_csl_hoodie_01_torso_lod4'
ExportProgress : (1994/6690) Exporting 'Sweat0.19'
ExportProgress : (1995/6690) Exporting 'npc_csl_shirtrolled_01m_torso_lod0'
ExportProgress : (1996/6690) Exporting 'Tear0.19'
ExportProgress : (1997/6690) Exporting 'Sweat0.41'
ExportProgress : (1998/6690) Exporting 'Hair_LOD0'
ExportProgress : (1999/6690) Exporting 'Hair_LOD0'
ExportProgress : (2000/6690) Exporting 'Tear3.12'
ExportProgress : (2001/6690) Exporting 'Tear1.16'
ExportProgress : (2002/6690) Exporting 'Tear0.58'
ExportProgress : (2003/6690) Exporting 'CASUAL'
ExportProgress : (2004/6690) Exporting 'Tear1.51'
ExportProgress : (2005/6690) Exporting 'npc_csl_hoodie_01_cape_02_lod0'
ExportProgress : (2006/6690) Exporting 'Tear3.07'
ExportProgress : (2007/6690) Exporting 'Tear1.119'
ExportProgress : (2008/6690) Exporting 'Tear3.068'
ExportProgress : (2009/6690) Exporting 'Sweat1.26'
ExportProgress : (2010/6690) Exporting 'Sweat1.20'
ExportProgress : (2011/6690) Exporting 'npc_csl_raglan_01m_torso_lod3'
ExportProgress : (2012/6690) Exporting 'Tear0.47'
ExportProgress : (2013/6690) Exporting 'Sweat0.13'
ExportProgress : (2014/6690) Exporting 'Tear1.45'
ExportProgress : (2015/6690) Exporting 'Tear0.116'
ExportProgress : (2016/6690) Exporting 'Tear3.39'
ExportProgress : (2017/6690) Exporting 'Tear1.103'
ExportProgress : (2018/6690) Exporting 'Tear3.100'
ExportProgress : (2019/6690) Exporting 'npc_haircut_a_01h_lod1'
ExportProgress : (2020/6690) Exporting 'npc_csl_shoe_01_lod0'
ExportProgress : (2021/6690) Exporting 'Tear2.100'
ExportProgress : (2022/6690) Exporting 'Tear3.093'
ExportProgress : (2023/6690) Exporting 'Tear1.59'
ExportProgress : (2024/6690) Exporting 'Tear2.084'
ExportProgress : (2025/6690) Exporting 'Sweat0.32'
ExportProgress : (2026/6690) Exporting 'handle'
ExportProgress : (2027/6690) Exporting 'Tear1.098'
ExportProgress : (2028/6690) Exporting 'Tear2.20'
ExportProgress : (2029/6690) Exporting 'npc_csl_shoe_02_lod0'
ExportProgress : (2030/6690) Exporting 'Sweat1.11'
ExportProgress : (2031/6690) Exporting 'Tear2.17'
ExportProgress : (2032/6690) Exporting 'Tear0.109'
ExportProgress : (2033/6690) Exporting 'Sweat1.58'
ExportProgress : (2034/6690) Exporting 'Sweat0.28'
ExportProgress : (2035/6690) Exporting 'Sweat1.22'
ExportProgress : (2036/6690) Exporting 'Sweat0.34'
ExportProgress : (2037/6690) Exporting 'Tear1.24'
ExportProgress : (2038/6690) Exporting 'Tear2.083'
ExportProgress : (2039/6690) Exporting 'npc_csl_shoe_01_lod4'
ExportProgress : (2040/6690) Exporting 'Tear0.48'
ExportProgress : (2041/6690) Exporting 'Tear1.10'
ExportProgress : (2042/6690) Exporting 'Tear0.07'
ExportProgress : (2043/6690) Exporting 'Tear1.04'
ExportProgress : (2044/6690) Exporting 'Tear2.32'
ExportProgress : (2045/6690) Exporting 'Sweat0.50'
ExportProgress : (2046/6690) Exporting 'Goblin Club Mesh'
ExportProgress : (2047/6690) Exporting 'npc_csl_hoodie_01_cape_02_lod2'
ExportProgress : (2048/6690) Exporting 'Tear2.086'
ExportProgress : (2049/6690) Exporting 'Tear0.081'
ExportProgress : (2050/6690) Exporting 'Sweat0.55'
ExportProgress : (2051/6690) Exporting 'Shader Graphs/Cloth'
ExportProgress : (2052/6690) Exporting 'Shader Graphs/CatSuit'
ExportProgress : (2053/6690) Exporting 'Shader Graphs/HDRP_Distortion'
ExportProgress : (2054/6690) Exporting 'Shader Graphs/WhitePantyhose'
ExportProgress : (2055/6690) Exporting '88_tonemap'
ExportProgress : (2056/6690) Exporting '45_greaterthana'
ExportProgress : (2057/6690) Exporting '75_splithue'
ExportProgress : (2058/6690) Exporting '73_splitgreen'
ExportProgress : (2059/6690) Exporting '17-4_blend_linearburn'
ExportProgress : (2060/6690) Exporting 'maskshader'
ExportProgress : (2061/6690) Exporting '40_contrast'
ExportProgress : (2062/6690) Exporting '53_arctangent'
ExportProgress : (2063/6690) Exporting 'normal'
ExportProgress : (2064/6690) Exporting '15_add'
ExportProgress : (2065/6690) Exporting 'Hovl/Particles/DissolveNoise'
ExportProgress : (2066/6690) Exporting '79_splitluminosityb'
ExportProgress : (2067/6690) Exporting '66_combinehsl'
ExportProgress : (2068/6690) Exporting 'Ian's Fire Pack/Additive NoRim'
ExportProgress : (2069/6690) Exporting '57_sine'
ExportProgress : (2070/6690) Exporting '105_arccurve'
ExportProgress : (2071/6690) Exporting '87-3_desaturatev'
ExportProgress : (2072/6690) Exporting '17-5_blend_lighten'
ExportProgress : (2073/6690) Exporting '35-1_blur'
ExportProgress : (2074/6690) Exporting '87-1_desaturatey'
ExportProgress : (2075/6690) Exporting '17-11_blend_hardlight'
ExportProgress : (2076/6690) Exporting '34_subtract'
ExportProgress : (2077/6690) Exporting '106_gammacurve'
ExportProgress : (2078/6690) Exporting '92_lookup'
ExportProgress : (2079/6690) Exporting '72_splitred'
ExportProgress : (2080/6690) Exporting 'normalreconstruction'
ExportProgress : (2081/6690) Exporting 'normal'
ExportProgress : (2082/6690) Exporting 'normal'
ExportProgress : (2083/6690) Exporting '110_squarecurve'
ExportProgress : (2084/6690) Exporting '90_rotateinputangle'
ExportProgress : (2085/6690) Exporting 'isolated'
ExportProgress : (2086/6690) Exporting '17-22_blend_hardmix'
ExportProgress : (2087/6690) Exporting '60_modulus'
ExportProgress : (2088/6690) Exporting '86_threshold'
ExportProgress : (2089/6690) Exporting '17-14_blend_difference'
ExportProgress : (2090/6690) Exporting '91_absthreshold'
ExportProgress : (2091/6690) Exporting '65_combinergb'
ExportProgress : (2092/6690) Exporting '50_log'
ExportProgress : (2093/6690) Exporting '46_lessorequala'
ExportProgress : (2094/6690) Exporting '42_saturation'
ExportProgress : (2095/6690) Exporting '82_splitlaba'
ExportProgress : (2096/6690) Exporting '48_equal'
ExportProgress : (2097/6690) Exporting '56_cosine'
ExportProgress : (2098/6690) Exporting '74_splitblue'
ExportProgress : (2099/6690) Exporting '78_splitluminosityy'
ExportProgress : (2100/6690) Exporting '17-10_blend_softlight'
ExportProgress : (2101/6690) Exporting '17-9_blend_overlay'
ExportProgress : (2102/6690) Exporting '49_notequal'
ExportProgress : (2103/6690) Exporting '103_gaincurve'
ExportProgress : (2104/6690) Exporting '17-21_blend_exclusion'
ExportProgress : (2105/6690) Exporting 'screenspacecurvatureflow'
ExportProgress : (2106/6690) Exporting '17-25_blend_darkercolour'
ExportProgress : (2107/6690) Exporting '17-12_blend_vividlight'
ExportProgress : (2108/6690) Exporting '55_invertcolour'
ExportProgress : (2109/6690) Exporting '17-13_blend_linearlight'
ExportProgress : (2110/6690) Exporting '109_bouncecurve'
ExportProgress : (2111/6690) Exporting '112_sepia'
ExportProgress : (2112/6690) Exporting '17-20_blend_subtract'
ExportProgress : (2113/6690) Exporting '113-0_occlusion'
ExportProgress : (2114/6690) Exporting '17-6_blend_screen'
ExportProgress : (2115/6690) Exporting '30_scaleinput'
ExportProgress : (2116/6690) Exporting '17-3_blend_colourburn'
ExportProgress : (2117/6690) Exporting '27_power'
ExportProgress : (2118/6690) Exporting '101_sinewave'
ExportProgress : (2119/6690) Exporting '85_levels'
ExportProgress : (2120/6690) Exporting '59_root'
ExportProgress : (2121/6690) Exporting '52_arcsine'
ExportProgress : (2122/6690) Exporting '35-0_blur'
ExportProgress : (2123/6690) Exporting 'isolated'
ExportProgress : (2124/6690) Exporting '17-24_blend_lightercolour'
ExportProgress : (2125/6690) Exporting '21_divide'
ExportProgress : (2126/6690) Exporting 'extruded'
ExportProgress : (2127/6690) Exporting '17-17_blend_colour'
ExportProgress : (2128/6690) Exporting 'extruded'
ExportProgress : (2129/6690) Exporting '80_splitalpha'
ExportProgress : (2130/6690) Exporting '16_average'
ExportProgress : (2131/6690) Exporting '71_wrapclip'
ExportProgress : (2132/6690) Exporting '87-2_desaturatel'
ExportProgress : (2133/6690) Exporting '17-0_blend'
ExportProgress : (2134/6690) Exporting '13-1_voronoi_manhatten'
ExportProgress : (2135/6690) Exporting '104_gaussiancurve'
ExportProgress : (2136/6690) Exporting '17-19_blend_divide'
ExportProgress : (2137/6690) Exporting '25_largeroutput'
ExportProgress : (2138/6690) Exporting '51_arccosine'
ExportProgress : (2139/6690) Exporting '18_clampoutput'
ExportProgress : (2140/6690) Exporting '41_hue'
ExportProgress : (2141/6690) Exporting 'particleshader'
ExportProgress : (2142/6690) Exporting '24_invertoutput'
ExportProgress : (2143/6690) Exporting 'distancefieldslice'
ExportProgress : (2144/6690) Exporting '58_tangent'
ExportProgress : (2145/6690) Exporting 'simpleparticleshader'
ExportProgress : (2146/6690) Exporting '17-2_blend_multiply'
ExportProgress : (2147/6690) Exporting '68_combinehsy'
ExportProgress : (2148/6690) Exporting 'fluidcolorsblend'
ExportProgress : (2149/6690) Exporting '81_splitlabl'
ExportProgress : (2150/6690) Exporting '14_absolute'
ExportProgress : (2151/6690) Exporting '17-8_blend_lineardodge'
ExportProgress : (2152/6690) Exporting 'standardvertexcolors'
ExportProgress : (2153/6690) Exporting '107_biascurve'
ExportProgress : (2154/6690) Exporting '19_repeat'
ExportProgress : (2155/6690) Exporting '39_brightness'
ExportProgress : (2156/6690) Exporting 'extruded'
ExportProgress : (2157/6690) Exporting '63_ceiling'
ExportProgress : (2158/6690) Exporting '33_smalleroutput'
ExportProgress : (2159/6690) Exporting '61_round'
ExportProgress : (2160/6690) Exporting '67_combinehsb'
ExportProgress : (2161/6690) Exporting '26_multiply'
ExportProgress : (2162/6690) Exporting '23_invertinput'
ExportProgress : (2163/6690) Exporting '38_contrastorigin'
ExportProgress : (2164/6690) Exporting '111_huesatlum'
ExportProgress : (2165/6690) Exporting '113-1_occlusion'
ExportProgress : (2166/6690) Exporting '43_luminance'
ExportProgress : (2167/6690) Exporting 'isolated'
ExportProgress : (2168/6690) Exporting '44_lessthana'
ExportProgress : (2169/6690) Exporting '17-18_blend_luminosity'
ExportProgress : (2170/6690) Exporting '83_splitlabb'
ExportProgress : (2171/6690) Exporting '87-0_desaturategreyscale'
ExportProgress : (2172/6690) Exporting '13-0_voronoi_distance'
ExportProgress : (2173/6690) Exporting 'blaze-draw'
ExportProgress : (2174/6690) Exporting '113-2_occlusion'
ExportProgress : (2175/6690) Exporting '17-23_blend_pinlight'
ExportProgress : (2176/6690) Exporting '84_combinealpha'
ExportProgress : (2177/6690) Exporting '64_directionalderivative'
ExportProgress : (2178/6690) Exporting '9_perlin'
ExportProgress : (2179/6690) Exporting '17-1_blend_darken'
ExportProgress : (2180/6690) Exporting '47_greaterorequala'
ExportProgress : (2181/6690) Exporting '13-3_voronoi_minkowski'
ExportProgress : (2182/6690) Exporting '36_translateinput'
ExportProgress : (2183/6690) Exporting 'fluidshader'
ExportProgress : (2184/6690) Exporting '69_combinelab'
ExportProgress : (2185/6690) Exporting 'fluidthickness'
ExportProgress : (2186/6690) Exporting '76_splitsaturation'
ExportProgress : (2187/6690) Exporting '102_staircase'
ExportProgress : (2188/6690) Exporting 'extruded'
ExportProgress : (2189/6690) Exporting '70_gammacorrect'
ExportProgress : (2190/6690) Exporting '54_arctangent2'
ExportProgress : (2191/6690) Exporting 'tmp_sdf-mobile_ztest'
ExportProgress : (2192/6690) Exporting '114_custommesh'
ExportProgress : (2193/6690) Exporting 'isolated'
ExportProgress : (2194/6690) Exporting '62_floor'
ExportProgress : (2195/6690) Exporting '77_splitluminosityl'
ExportProgress : (2196/6690) Exporting '22_invertcolourinput'
ExportProgress : (2197/6690) Exporting '20_normals'
ExportProgress : (2198/6690) Exporting '17-7_blend_colourdodge'
ExportProgress : (2199/6690) Exporting '28_rotateinput'
ExportProgress : (2200/6690) Exporting 'normal'
ExportProgress : (2201/6690) Exporting '2_checkerboard'
ExportProgress : (2202/6690) Exporting '13-2_voronoi_chebyshev'
ExportProgress : (2203/6690) Exporting '100_linear'
ExportProgress : (2204/6690) Exporting '17-16_blend_saturation'
ExportProgress : (2205/6690) Exporting '17-15_blend_hue'
ExportProgress : (2206/6690) Exporting 'floating-style'
ExportProgress : (2207/6690) Exporting 'DejaVuSans-Bold.ttf'
ExportProgress : (2208/6690) Exporting 'DejaVuSans.ttf'
ExportProgress : (2209/6690) Exporting 'NamedCharacters'
ExportProgress : (2210/6690) Exporting 'xhtml-style'
ExportProgress : (2211/6690) Exporting 'prompt'
ExportProgress : (2212/6690) Exporting 'DejaVuSans-Oblique.ttf'
ExportProgress : (2213/6690) Exporting 'mml-style'
ExportProgress : (2214/6690) Exporting 'brotli-static'
ExportProgress : (2215/6690) Exporting 'standardErrors'
ExportProgress : (2216/6690) Exporting 'All-Events'
ExportProgress : (2217/6690) Exporting 'xhtml-style-extension1'
ExportProgress : (2218/6690) Exporting 'MC2_BoneCloth_Ribbon_Demo'
ExportProgress : (2219/6690) Exporting 'PerformanceTestRunSettings'
ExportProgress : (2220/6690) Exporting 'confirm'
ExportProgress : (2221/6690) Exporting 'languages'
ExportProgress : (2222/6690) Exporting 'alert'
ExportProgress : (2223/6690) Exporting 'floating-template'
ExportProgress : (2224/6690) Exporting 'svg-style'
ExportProgress : (2225/6690) Exporting 'PerformanceTestRunInfo'
ExportProgress : (2226/6690) Exporting 'BidirectionalData'
ExportProgress : (2227/6690) Exporting 'DroidSansFallback_3.ttf'
ExportProgress : (2228/6690) Exporting 'LineBreaking Leading Characters'
ExportProgress : (2229/6690) Exporting 'en'
ExportProgress : (2230/6690) Exporting 'LineBreaking Following Characters'
ExportProgress : (2231/6690) Exporting 'DejaVuSans-BoldOblique.ttf'
ExportProgress : (2232/6690) Exporting 'combo_01_1'
ExportProgress : (2233/6690) Exporting 'Core_OH_Run_F_01_rootM'
ExportProgress : (2234/6690) Exporting 'idle'
ExportProgress : (2235/6690) Exporting 'walk_front'
ExportProgress : (2236/6690) Exporting 'walk_front'
ExportProgress : (2237/6690) Exporting 'idle_01'
ExportProgress : (2238/6690) Exporting 'combo_04_2'
ExportProgress : (2239/6690) Exporting 'Armature|Pillory'
ExportProgress : (2240/6690) Exporting 'combo_04_3'
ExportProgress : (2241/6690) Exporting 'BitchSex'
ExportProgress : (2242/6690) Exporting 'BitchSex_male'
ExportProgress : (2243/6690) Exporting 'BlowjobNew_1_male_o'
ExportProgress : (2244/6690) Exporting 'BlowjobNew_1_o'
ExportProgress : (2245/6690) Exporting 'LiveDoggy'
ExportProgress : (2246/6690) Exporting 'LiveDoggy_male'
ExportProgress : (2247/6690) Exporting 'Missionary_m'
ExportProgress : (2248/6690) Exporting 'Missionary_male_m'
ExportProgress : (2249/6690) Exporting 'Missionary_male_n'
ExportProgress : (2250/6690) Exporting 'Missionary_n'
ExportProgress : (2251/6690) Exporting 'RopeHang_Sex'
ExportProgress : (2252/6690) Exporting 'RopeHang_Sex_male'
ExportProgress : (2253/6690) Exporting 'WallSex_male_o'
ExportProgress : (2254/6690) Exporting 'WallSex_o'
ExportProgress : (2255/6690) Exporting 'Troll_Sex_male'
ExportProgress : (2256/6690) Exporting '054_common_DodgeR'
ExportProgress : (2257/6690) Exporting 'Armature_Action'
ExportProgress : (2258/6690) Exporting 'Benki_Orc'
ExportProgress : (2259/6690) Exporting 'Blowjob_Girl_Girl'
ExportProgress : (2260/6690) Exporting 'Blowjob_male'
ExportProgress : (2261/6690) Exporting 'Clip1'
ExportProgress : (2262/6690) Exporting 'DogCatch - Copy'
ExportProgress : (2263/6690) Exporting 'Dogcatch_dog'
ExportProgress : (2264/6690) Exporting 'Dogeza'
ExportProgress : (2265/6690) Exporting 'Doggy_Girl'
ExportProgress : (2266/6690) Exporting 'Doggy_breast_male'
ExportProgress : (2267/6690) Exporting 'Doggy_dog_dog'
ExportProgress : (2268/6690) Exporting 'Doggy_male'
ExportProgress : (2269/6690) Exporting 'Doggy_male_Spank'
ExportProgress : (2270/6690) Exporting 'Doggy_male_Spank_Hand 1'
ExportProgress : (2271/6690) Exporting 'Doggy_male_Spank_Hand'
ExportProgress : (2272/6690) Exporting 'OpenDoor 1'
ExportProgress : (2273/6690) Exporting 'OpenDoor 2'
ExportProgress : (2274/6690) Exporting 'OpenDoor 4'
ExportProgress : (2275/6690) Exporting 'OpenDoor 5'
ExportProgress : (2276/6690) Exporting 'OpenDoor 6'
ExportProgress : (2277/6690) Exporting 'OpenDoor 7'
ExportProgress : (2278/6690) Exporting 'OpenDoor'
ExportProgress : (2279/6690) Exporting 'SafeDoor'
ExportProgress : (2280/6690) Exporting 'Action_0'
ExportProgress : (2281/6690) Exporting 'Motion_0'
ExportProgress : (2282/6690) Exporting 'State_0'
ExportProgress : (2283/6690) Exporting 'State_1'
ExportProgress : (2284/6690) Exporting 'State_2'
ExportProgress : (2285/6690) Exporting 'Flashlight'
ExportProgress : (2286/6690) Exporting 'FromBack_Killer'
ExportProgress : (2287/6690) Exporting 'FromBack_male'
ExportProgress : (2288/6690) Exporting 'Idle_mainMenu'
ExportProgress : (2289/6690) Exporting 'InCage'
ExportProgress : (2290/6690) Exporting 'Kneel'
ExportProgress : (2291/6690) Exporting 'KnifeIdle'
ExportProgress : (2292/6690) Exporting 'Lever_Floor_Pull'
ExportProgress : (2293/6690) Exporting 'Lever_Floor_Push'
ExportProgress : (2294/6690) Exporting 'LiftUp'
ExportProgress : (2295/6690) Exporting 'LiftUp_Killer'
ExportProgress : (2296/6690) Exporting 'Longs_Idle0'
ExportProgress : (2297/6690) Exporting 'Looker_Orc'
ExportProgress : (2298/6690) Exporting 'Looker_Orc_2'
ExportProgress : (2299/6690) Exporting 'LyingAfterSex'
ExportProgress : (2300/6690) Exporting 'Male_collar'
ExportProgress : (2301/6690) Exporting 'Missionary_male'
ExportProgress : (2302/6690) Exporting 'OnFours_male'
ExportProgress : (2303/6690) Exporting 'PetPaly_male'
ExportProgress : (2304/6690) Exporting 'Phone_male'
ExportProgress : (2305/6690) Exporting 'Pillory_male'
ExportProgress : (2306/6690) Exporting 'Piss_Orc'
ExportProgress : (2307/6690) Exporting 'Pistol_Idle'
ExportProgress : (2308/6690) Exporting 'Pistol_Idle_Fire'
ExportProgress : (2309/6690) Exporting 'Pistol_Idle_Fire_0'
ExportProgress : (2310/6690) Exporting 'Pistol_Reload'
ExportProgress : (2311/6690) Exporting 'PlayerFace'
ExportProgress : (2312/6690) Exporting 'Seiza_2'
ExportProgress : (2313/6690) Exporting 'Shout_male'
ExportProgress : (2314/6690) Exporting 'ShowTicket'
ExportProgress : (2315/6690) Exporting 'SitOnBed'
ExportProgress : (2316/6690) Exporting 'SubwaySitMan'
ExportProgress : (2317/6690) Exporting 'TakePhotoMirror'
ExportProgress : (2318/6690) Exporting 'TraderSit'
ExportProgress : (2319/6690) Exporting 'Trample'
ExportProgress : (2320/6690) Exporting 'Trample_Loop'
ExportProgress : (2321/6690) Exporting 'Whip_1 - Copy'
ExportProgress : (2322/6690) Exporting 'Whip_1'
ExportProgress : (2323/6690) Exporting 'Whip_Idel'
ExportProgress : (2324/6690) Exporting 'ZombieCatch '
ExportProgress : (2325/6690) Exporting 'ZombieCatched'
ExportProgress : (2326/6690) Exporting 'ZombieCatchedFront'
ExportProgress : (2327/6690) Exporting 'MonsterDie'
ExportProgress : (2328/6690) Exporting 'MonsterIdel'
ExportProgress : (2329/6690) Exporting 'MonsterRun'
ExportProgress : (2330/6690) Exporting 'MonsterSprint'
ExportProgress : (2331/6690) Exporting 'MonsterWalk'
ExportProgress : (2332/6690) Exporting 'Zombie_Attack_Idle_01'
ExportProgress : (2333/6690) Exporting 'TrollArm'
ExportProgress : (2334/6690) Exporting 'TrollBack'
ExportProgress : (2335/6690) Exporting 'TrollIdle'
ExportProgress : (2336/6690) Exporting 'TrollRun'
ExportProgress : (2337/6690) Exporting 'TrollWalk'
ExportProgress : (2338/6690) Exporting 'Benki_Goblin'
ExportProgress : (2339/6690) Exporting 'Blowjob_Goblin'
ExportProgress : (2340/6690) Exporting 'Doggy_Goblin'
ExportProgress : (2341/6690) Exporting 'Goblin_Idle'
ExportProgress : (2342/6690) Exporting 'OnFours_Goblin'
ExportProgress : (2343/6690) Exporting 'PillorySex_Goblin'
ExportProgress : (2344/6690) Exporting 'Ride_Goblin'
ExportProgress : (2345/6690) Exporting 'Catch'
ExportProgress : (2346/6690) Exporting 'NpcShape'
ExportProgress : (2347/6690) Exporting 'Zombie_Idle_4'
ExportProgress : (2348/6690) Exporting 'IdleBreathe'
ExportProgress : (2349/6690) Exporting 'Zombie_Death_Right_2'
ExportProgress : (2350/6690) Exporting 'Zombie_Chase_4_Full_Loop'
ExportProgress : (2351/6690) Exporting 'run'
ExportProgress : (2352/6690) Exporting 'Zombie_HyperChase_2_SHORT_Loop'
ExportProgress : (2353/6690) Exporting 'Hidden'
ExportProgress : (2354/6690) Exporting 'Walk_RM'
ExportProgress : (2355/6690) Exporting 'Zombie_Death_Forward_1'
ExportProgress : (2356/6690) Exporting 'Zombie_Walk_F_5_Loop'
ExportProgress : (2357/6690) Exporting 'idle'
ExportProgress : (2358/6690) Exporting 'Zombie_HyperChase_2_Loop'
ExportProgress : (2359/6690) Exporting 'Zombie_Death_Back_Mid_3'
ExportProgress : (2360/6690) Exporting 'Zombie_Walk_F_3_Full_Loop'
ExportProgress : (2361/6690) Exporting 'Zombie_Death_Left_1'
ExportProgress : (2362/6690) Exporting 'Zombie_Death_Left_2'
ExportProgress : (2363/6690) Exporting 'Zombie_Shamble_Long_1'
ExportProgress : (2364/6690) Exporting 'Zombie_Death_Right_1'
ExportProgress : (2365/6690) Exporting 'Zombie_Atk_Arms_4A_SHORT_Loop'
ExportProgress : (2366/6690) Exporting 'DeathNormal'
ExportProgress : (2367/6690) Exporting 'JumpBiteAggressive_RM'
ExportProgress : (2368/6690) Exporting 'Zombie_Stand_Hit_to_Crawl_2'
ExportProgress : (2369/6690) Exporting 'Zombie_HyperChase_1_SHORT_Loop'
ExportProgress : (2370/6690) Exporting 'Zombie_HyperChase_3_Loop'
ExportProgress : (2371/6690) Exporting 'Zombie_Death_Back_Mid_1'
ExportProgress : (2372/6690) Exporting 'BindPose'
ExportProgress : (2373/6690) Exporting 'Zombie_Atk_Arm_1_L_SHORT_Loop'
ExportProgress : (2374/6690) Exporting 'Zombie_Walk_F_2_Full_Loop'
ExportProgress : (2375/6690) Exporting 'Zombie_Walk_F_1_Full_Loop'
ExportProgress : (2376/6690) Exporting 'Zombie_Shamble_2'
ExportProgress : (2377/6690) Exporting 'avoid_back'
ExportProgress : (2378/6690) Exporting 'Zombie_Chase_5_Full_Loop'
ExportProgress : (2379/6690) Exporting 'Zombie_Chase_2_Full_Loop'
ExportProgress : (2380/6690) Exporting 'Run_RM'
ExportProgress : (2381/6690) Exporting 'Zombie_Death_Back_Mid_2'
ExportProgress : (2382/6690) Exporting 'Zombie_Death_Right_3'
ExportProgress : (2383/6690) Exporting 'Zombie_Death_Forward_2'
ExportProgress : (2384/6690) Exporting 'BiteNormal'
ExportProgress : (2385/6690) Exporting 'Zombie_Chase_1_Loop'
ExportProgress : (2386/6690) Exporting 'Zombie_Death_Left_3'
ExportProgress : (2387/6690) Exporting 'Zombie_Crawl_2_to_Stand'
ExportProgress : (2388/6690) Exporting 'Zombie_Walk_F_6_Loop'
ExportProgress : (2389/6690) Exporting 'bind'
ExportProgress : (2390/6690) Exporting 'Zombie_Walk_F_4_Loop'
ExportProgress : (2391/6690) Exporting 'Zombie_Shamble_1'
ExportProgress : (2392/6690) Exporting 'Zombie_Chase_2_KnockBack_Chase'
ExportProgress : (2393/6690) Exporting 'Zombie_Chase_3_Full_Loop'
ExportProgress : (2394/6690) Exporting 'Appear'
ExportProgress : (2395/6690) Exporting 'Idle'
ExportProgress : (2396/6690) Exporting 'Idle'
ExportProgress : (2397/6690) Exporting 'Idle'
ExportProgress : (2398/6690) Exporting 'TurnRt90_Loop'
ExportProgress : (2399/6690) Exporting 'TurnLt90_Loop'
ExportProgress : (2400/6690) Exporting 'SlowWalkLoop'
ExportProgress : (2401/6690) Exporting 'Attack01'
ExportProgress : (2402/6690) Exporting 'TurnRt180'
ExportProgress : (2403/6690) Exporting 'TurnLt180'
ExportProgress : (2404/6690) Exporting 'WalkFwdLoop'
ExportProgress : (2405/6690) Exporting 'GotHitBody'
ExportProgress : (2406/6690) Exporting 'Death'
ExportProgress : (2407/6690) Exporting 'Disappear'
ExportProgress : (2408/6690) Exporting 'RunFwdLoop'
ExportProgress : (2409/6690) Exporting 'RotateLeft90'
ExportProgress : (2410/6690) Exporting 'RotateRight90'
ExportProgress : (2411/6690) Exporting 'attack_05'
ExportProgress : (2412/6690) Exporting 'Roll_back'
ExportProgress : (2413/6690) Exporting 'Walk_Loop'
ExportProgress : (2414/6690) Exporting 'Goblin_Club_Attack02'
ExportProgress : (2415/6690) Exporting 'Goblin_Club_Attack01'
ExportProgress : (2416/6690) Exporting 'Goblin_Walk_Forward'
ExportProgress : (2417/6690) Exporting 'Goblin_Run_Forward'
ExportProgress : (2418/6690) Exporting 'Goblin_Idle01'
ExportProgress : (2419/6690) Exporting 'Goblin_Club_Attack07'
ExportProgress : (2420/6690) Exporting 'Goblin_Stagger01'
ExportProgress : (2421/6690) Exporting 'Core_OH_Walk_BR_01_rootM'
ExportProgress : (2422/6690) Exporting 'run_front'
ExportProgress : (2423/6690) Exporting 'Armature|PilloryLeg'
ExportProgress : (2424/6690) Exporting 'Core_OH_Walk_BL_01_rootM'
ExportProgress : (2425/6690) Exporting 'Armature|A-pos'
ExportProgress : (2426/6690) Exporting 'walk_back'
ExportProgress : (2427/6690) Exporting 'walk_backR45'
ExportProgress : (2428/6690) Exporting 'Armature|PilloryLegLow'
ExportProgress : (2429/6690) Exporting 'walk_backL45'
ExportProgress : (2430/6690) Exporting 'Moan_26'
ExportProgress : (2431/6690) Exporting 'MoanA_99'
ExportProgress : (2432/6690) Exporting 'clean-fast-swooshaiff-14784'
ExportProgress : (2433/6690) Exporting 'MoanA_76'
ExportProgress : (2434/6690) Exporting 'Moan_73'
ExportProgress : (2435/6690) Exporting 'MoanB_31'
ExportProgress : (2436/6690) Exporting 'Moan_40'
ExportProgress : (2437/6690) Exporting 'Moan_57'
ExportProgress : (2438/6690) Exporting 'MoanC_39'
ExportProgress : (2439/6690) Exporting 'Moan_19'
ExportProgress : (2440/6690) Exporting 'MoanD_42'
ExportProgress : (2441/6690) Exporting 'MoanC_42'
ExportProgress : (2442/6690) Exporting 'MoanC_37'
ExportProgress : (2443/6690) Exporting 'MoanC_11'
ExportProgress : (2444/6690) Exporting 'Orgasm_3'
ExportProgress : (2445/6690) Exporting 'MoanB_47'
ExportProgress : (2446/6690) Exporting 'Moan_29'
ExportProgress : (2447/6690) Exporting 'MoanB_26'
ExportProgress : (2448/6690) Exporting 'MoanA_56'
ExportProgress : (2449/6690) Exporting 'MoanC_27'
ExportProgress : (2450/6690) Exporting 'Penis_32'
ExportProgress : (2451/6690) Exporting 'MoanB_9'
ExportProgress : (2452/6690) Exporting 'Moan_66'
ExportProgress : (2453/6690) Exporting 'MoanB_2'
ExportProgress : (2454/6690) Exporting 'Moan_36'
ExportProgress : (2455/6690) Exporting 'slap'
ExportProgress : (2456/6690) Exporting 'Moan_33'
ExportProgress : (2457/6690) Exporting 'Penis_26'
ExportProgress : (2458/6690) Exporting 'MoanA_19'
ExportProgress : (2459/6690) Exporting 'MoanC_60'
ExportProgress : (2460/6690) Exporting 'MoanC_30'
ExportProgress : (2461/6690) Exporting 'MoanA_44'
ExportProgress : (2462/6690) Exporting 'MoanC_33'
ExportProgress : (2463/6690) Exporting 'Moan_49'
ExportProgress : (2464/6690) Exporting 'MoanC_48'
ExportProgress : (2465/6690) Exporting 'MoanA_16'
ExportProgress : (2466/6690) Exporting 'Moan_16'
ExportProgress : (2467/6690) Exporting 'MoanC_14'
ExportProgress : (2468/6690) Exporting 'MoanB_63'
ExportProgress : (2469/6690) Exporting 'MoanA_31'
ExportProgress : (2470/6690) Exporting 'Penis_17'
ExportProgress : (2471/6690) Exporting 'MoanD_38'
ExportProgress : (2472/6690) Exporting 'MoanA_105'
ExportProgress : (2473/6690) Exporting 'MoanA_60'
ExportProgress : (2474/6690) Exporting 'MoanA_73'
ExportProgress : (2475/6690) Exporting 'MoanD_33'
ExportProgress : (2476/6690) Exporting 'Moan_8'
ExportProgress : (2477/6690) Exporting 'MoanA_54'
ExportProgress : (2478/6690) Exporting 'Penis_18'
ExportProgress : (2479/6690) Exporting 'Moan_25'
ExportProgress : (2480/6690) Exporting 'Moan_37'
ExportProgress : (2481/6690) Exporting 'MoanC_29'
ExportProgress : (2482/6690) Exporting 'CatchedByWorm'
ExportProgress : (2483/6690) Exporting 'MoanD_18'
ExportProgress : (2484/6690) Exporting 'MoanD_37'
ExportProgress : (2485/6690) Exporting 'MoanB_40'
ExportProgress : (2486/6690) Exporting 'MoanA_64'
ExportProgress : (2487/6690) Exporting 'MoanA_95'
ExportProgress : (2488/6690) Exporting 'Moan_5'
ExportProgress : (2489/6690) Exporting 'slap2'
ExportProgress : (2490/6690) Exporting 'Moan_64'
ExportProgress : (2491/6690) Exporting 'BlowjobOrgasm_3'
ExportProgress : (2492/6690) Exporting 'MoanA_27'
ExportProgress : (2493/6690) Exporting 'MoanC_19'
ExportProgress : (2494/6690) Exporting 'MoanC_35'
ExportProgress : (2495/6690) Exporting 'MoanB_24'
ExportProgress : (2496/6690) Exporting 'MoanB_50'
ExportProgress : (2497/6690) Exporting 'MoanD_15'
ExportProgress : (2498/6690) Exporting 'MoanD_6'
ExportProgress : (2499/6690) Exporting 'MoanA_100'
ExportProgress : (2500/6690) Exporting 'MoanA_51'
ExportProgress : (2501/6690) Exporting 'MoanA_38'
ExportProgress : (2502/6690) Exporting 'MoanD_39'
ExportProgress : (2503/6690) Exporting 'Moan_24'
ExportProgress : (2504/6690) Exporting 'MoanA_12'
ExportProgress : (2505/6690) Exporting 'MoanC_8'
ExportProgress : (2506/6690) Exporting 'MoanA_68'
ExportProgress : (2507/6690) Exporting 'MoanC_52'
ExportProgress : (2508/6690) Exporting 'MoanC_21'
ExportProgress : (2509/6690) Exporting 'Moan_79'
ExportProgress : (2510/6690) Exporting 'MoanA_24'
ExportProgress : (2511/6690) Exporting 'MoanA_70'
ExportProgress : (2512/6690) Exporting 'MoanB_43'
ExportProgress : (2513/6690) Exporting 'MoanA_63'
ExportProgress : (2514/6690) Exporting 'MoanC_34'
ExportProgress : (2515/6690) Exporting 'MoanC_20'
ExportProgress : (2516/6690) Exporting 'MoanA_47'
ExportProgress : (2517/6690) Exporting 'Moan_6'
ExportProgress : (2518/6690) Exporting 'MoanA_91'
ExportProgress : (2519/6690) Exporting 'MoanB_13'
ExportProgress : (2520/6690) Exporting 'MoanB_37'
ExportProgress : (2521/6690) Exporting 'openChest'
ExportProgress : (2522/6690) Exporting 'correct_answer3'
ExportProgress : (2523/6690) Exporting 'MoanB_20'
ExportProgress : (2524/6690) Exporting 'MoanA_36'
ExportProgress : (2525/6690) Exporting 'Moan_41'
ExportProgress : (2526/6690) Exporting 'MoanA_15'
ExportProgress : (2527/6690) Exporting 'MoanB_8'
ExportProgress : (2528/6690) Exporting 'MoanA_43'
ExportProgress : (2529/6690) Exporting 'Moan_72'
ExportProgress : (2530/6690) Exporting 'Moan_76'
ExportProgress : (2531/6690) Exporting 'MoanA_32'
ExportProgress : (2532/6690) Exporting 'Moan_56'
ExportProgress : (2533/6690) Exporting 'MoanB_11'
ExportProgress : (2534/6690) Exporting 'Moan_44'
ExportProgress : (2535/6690) Exporting 'MoanC_24'
ExportProgress : (2536/6690) Exporting 'MoanA_85'
ExportProgress : (2537/6690) Exporting 'MoanA_71'
ExportProgress : (2538/6690) Exporting 'Penis_6'
ExportProgress : (2539/6690) Exporting 'Penis_13'
ExportProgress : (2540/6690) Exporting 'MoanB_39'
ExportProgress : (2541/6690) Exporting 'WindSwoosh'
ExportProgress : (2542/6690) Exporting 'MoanB_6'
ExportProgress : (2543/6690) Exporting 'MoanB_41'
ExportProgress : (2544/6690) Exporting 'blip01'
ExportProgress : (2545/6690) Exporting 'MoanA_94'
ExportProgress : (2546/6690) Exporting 'MoanA_89'
ExportProgress : (2547/6690) Exporting 'MoanA_2'
ExportProgress : (2548/6690) Exporting 'MoanB_16'
ExportProgress : (2549/6690) Exporting 'MoanD_1'
ExportProgress : (2550/6690) Exporting 'Small_Positve_Impact_03'
ExportProgress : (2551/6690) Exporting 'chain-rustling'
ExportProgress : (2552/6690) Exporting 'MoanA_80'
ExportProgress : (2553/6690) Exporting 'No.35_歜偓惡(僆儂惡)'
ExportProgress : (2554/6690) Exporting 'reflection'
ExportProgress : (2555/6690) Exporting 'MoanB_53'
ExportProgress : (2556/6690) Exporting 'MoanC_7'
ExportProgress : (2557/6690) Exporting 'MoanA_101'
ExportProgress : (2558/6690) Exporting 'MoanB_48'
ExportProgress : (2559/6690) Exporting 'Moan_63'
ExportProgress : (2560/6690) Exporting 'MoanA_106'
ExportProgress : (2561/6690) Exporting 'MoanC_5'
ExportProgress : (2562/6690) Exporting 'MoanA_93'
ExportProgress : (2563/6690) Exporting 'MoanD_7'
ExportProgress : (2564/6690) Exporting 'MoanD_36'
ExportProgress : (2565/6690) Exporting 'Penis_15'
ExportProgress : (2566/6690) Exporting 'Orgasm_4'
ExportProgress : (2567/6690) Exporting 'MoanA_14'
ExportProgress : (2568/6690) Exporting 'MoanD_4'
ExportProgress : (2569/6690) Exporting 'Big Fire'
ExportProgress : (2570/6690) Exporting 'Penis_1'
ExportProgress : (2571/6690) Exporting 'MoanD_26'
ExportProgress : (2572/6690) Exporting 'badend1'
ExportProgress : (2573/6690) Exporting 'Reload'
ExportProgress : (2574/6690) Exporting 'MoanD_41'
ExportProgress : (2575/6690) Exporting 'MoanB_58'
ExportProgress : (2576/6690) Exporting 'MoanA_103'
ExportProgress : (2577/6690) Exporting 'MoanA_90'
ExportProgress : (2578/6690) Exporting 'MoanC_36'
ExportProgress : (2579/6690) Exporting 'cup_break'
ExportProgress : (2580/6690) Exporting 'Moan_53'
ExportProgress : (2581/6690) Exporting 'Moan_35'
ExportProgress : (2582/6690) Exporting 'Neutral_Ice_Loop'
ExportProgress : (2583/6690) Exporting 'MoanC_54'
ExportProgress : (2584/6690) Exporting 'MoanA_83'
ExportProgress : (2585/6690) Exporting 'Moan_27'
ExportProgress : (2586/6690) Exporting 'Moan_55'
ExportProgress : (2587/6690) Exporting 'MoanA_66'
ExportProgress : (2588/6690) Exporting 'MoanA_20'
ExportProgress : (2589/6690) Exporting 'MoanB_54'
ExportProgress : (2590/6690) Exporting 'MoanA_17'
ExportProgress : (2591/6690) Exporting 'MoanB_36'
ExportProgress : (2592/6690) Exporting 'Moan_65'
ExportProgress : (2593/6690) Exporting 'MoanA_86'
ExportProgress : (2594/6690) Exporting 'MoanB_17'
ExportProgress : (2595/6690) Exporting 'MoanB_7'
ExportProgress : (2596/6690) Exporting 'Moan_18'
ExportProgress : (2597/6690) Exporting 'MoanA_33'
ExportProgress : (2598/6690) Exporting 'vibration'
ExportProgress : (2599/6690) Exporting 'MoanC_49'
ExportProgress : (2600/6690) Exporting 'MoanB_30'
ExportProgress : (2601/6690) Exporting 'MoanA_41'
ExportProgress : (2602/6690) Exporting 'MoanA_108'
ExportProgress : (2603/6690) Exporting 'MoanA_58'
ExportProgress : (2604/6690) Exporting 'MoanD_16'
ExportProgress : (2605/6690) Exporting 'MoanC_4'
ExportProgress : (2606/6690) Exporting 'punch-boxing-02wav-14897'
ExportProgress : (2607/6690) Exporting 'MoanA_96'
ExportProgress : (2608/6690) Exporting 'Moan_69'
ExportProgress : (2609/6690) Exporting 'MoanC_26'
ExportProgress : (2610/6690) Exporting 'MoanA_21'
ExportProgress : (2611/6690) Exporting 'MoanB_32'
ExportProgress : (2612/6690) Exporting 'MoanB_25'
ExportProgress : (2613/6690) Exporting 'MoanC_15'
ExportProgress : (2614/6690) Exporting 'Moan_48'
ExportProgress : (2615/6690) Exporting 'punch-140236'
ExportProgress : (2616/6690) Exporting 'Moan_61'
ExportProgress : (2617/6690) Exporting 'MoanA_45'
ExportProgress : (2618/6690) Exporting 'voice_of_light'
ExportProgress : (2619/6690) Exporting 'MoanC_9'
ExportProgress : (2620/6690) Exporting 'Penis_16'
ExportProgress : (2621/6690) Exporting 'MoanA_59'
ExportProgress : (2622/6690) Exporting 'Penis_30'
ExportProgress : (2623/6690) Exporting 'MoanB_5'
ExportProgress : (2624/6690) Exporting 'MoanB_35'
ExportProgress : (2625/6690) Exporting 'MoanD_32'
ExportProgress : (2626/6690) Exporting 'MoanD_8'
ExportProgress : (2627/6690) Exporting 'MoanA_97'
ExportProgress : (2628/6690) Exporting 'question'
ExportProgress : (2629/6690) Exporting 'lift_ring_of_keys'
ExportProgress : (2630/6690) Exporting 'MoanA_29'
ExportProgress : (2631/6690) Exporting 'Moan_67'
ExportProgress : (2632/6690) Exporting 'MoanC_59'
ExportProgress : (2633/6690) Exporting 'MoanC_3'
ExportProgress : (2634/6690) Exporting 'MoanC_44'
ExportProgress : (2635/6690) Exporting 'Penis_31'
ExportProgress : (2636/6690) Exporting 'bath1'
ExportProgress : (2637/6690) Exporting 'MoanC_55'
ExportProgress : (2638/6690) Exporting 'Moan_80'
ExportProgress : (2639/6690) Exporting 'Orgasm_1'
ExportProgress : (2640/6690) Exporting 'MoanB_33'
ExportProgress : (2641/6690) Exporting 'MoanA_84'
ExportProgress : (2642/6690) Exporting 'MoanD_34'
ExportProgress : (2643/6690) Exporting 'MoanC_58'
ExportProgress : (2644/6690) Exporting 'Penis_7'
ExportProgress : (2645/6690) Exporting 'Moan_22'
ExportProgress : (2646/6690) Exporting 'Moan_62'
ExportProgress : (2647/6690) Exporting 'Moan_50'
ExportProgress : (2648/6690) Exporting 'MoanB_18'
ExportProgress : (2649/6690) Exporting 'MoanB_23'
ExportProgress : (2650/6690) Exporting 'MoanB_42'
ExportProgress : (2651/6690) Exporting 'Moan_12'
ExportProgress : (2652/6690) Exporting 'Moan_28'
ExportProgress : (2653/6690) Exporting 'MoanC_50'
ExportProgress : (2654/6690) Exporting 'MoanD_31'
ExportProgress : (2655/6690) Exporting 'MoanA_9'
ExportProgress : (2656/6690) Exporting 'MoanB_46'
ExportProgress : (2657/6690) Exporting 'MoanC_32'
ExportProgress : (2658/6690) Exporting 'Moan_68'
ExportProgress : (2659/6690) Exporting 'MoanB_4'
ExportProgress : (2660/6690) Exporting 'coin04'
ExportProgress : (2661/6690) Exporting 'Penis_24'
ExportProgress : (2662/6690) Exporting 'MoanB_55'
ExportProgress : (2663/6690) Exporting 'MoanD_23'
ExportProgress : (2664/6690) Exporting 'MoanA_28'
ExportProgress : (2665/6690) Exporting 'MoanA_34'
ExportProgress : (2666/6690) Exporting 'Moan_1'
ExportProgress : (2667/6690) Exporting 'MoanC_51'
ExportProgress : (2668/6690) Exporting 'Moan_52'
ExportProgress : (2669/6690) Exporting 'MoanD_19'
ExportProgress : (2670/6690) Exporting 'MoanA_46'
ExportProgress : (2671/6690) Exporting 'MoanA_67'
ExportProgress : (2672/6690) Exporting 'MoanA_10'
ExportProgress : (2673/6690) Exporting 'Penis_5'
ExportProgress : (2674/6690) Exporting 'MoanC_16'
ExportProgress : (2675/6690) Exporting 'MoanB_59'
ExportProgress : (2676/6690) Exporting 'Moan_31'
ExportProgress : (2677/6690) Exporting 'MoanA_65'
ExportProgress : (2678/6690) Exporting 'Penis_3'
ExportProgress : (2679/6690) Exporting 'MoanB_12'
ExportProgress : (2680/6690) Exporting 'MoanB_1'
ExportProgress : (2681/6690) Exporting 'MoanA_107'
ExportProgress : (2682/6690) Exporting 'Moan_71'
ExportProgress : (2683/6690) Exporting 'MoanA_39'
ExportProgress : (2684/6690) Exporting 'Penis_8'
ExportProgress : (2685/6690) Exporting 'MoanC_53'
ExportProgress : (2686/6690) Exporting 'MoanA_23'
ExportProgress : (2687/6690) Exporting 'MoanD_27'
ExportProgress : (2688/6690) Exporting 'MoanC_46'
ExportProgress : (2689/6690) Exporting 'MoanA_42'
ExportProgress : (2690/6690) Exporting 'MoanA_48'
ExportProgress : (2691/6690) Exporting 'Moan_43'
ExportProgress : (2692/6690) Exporting 'MoanB_19'
ExportProgress : (2693/6690) Exporting 'MoanC_45'
ExportProgress : (2694/6690) Exporting 'Penis_4'
ExportProgress : (2695/6690) Exporting 'MoanC_40'
ExportProgress : (2696/6690) Exporting 'correct_answer2'
ExportProgress : (2697/6690) Exporting 'Sex_1'
ExportProgress : (2698/6690) Exporting 'Penis_1'
ExportProgress : (2699/6690) Exporting 'MoanD_5'
ExportProgress : (2700/6690) Exporting 'whip-crackswav-14451'
ExportProgress : (2701/6690) Exporting 'MoanA_11'
ExportProgress : (2702/6690) Exporting 'Moan_3'
ExportProgress : (2703/6690) Exporting 'MoanA_87'
ExportProgress : (2704/6690) Exporting 'MoanC_2'
ExportProgress : (2705/6690) Exporting 'Moan_82'
ExportProgress : (2706/6690) Exporting 'Penis_9'
ExportProgress : (2707/6690) Exporting 'Moan_30'
ExportProgress : (2708/6690) Exporting 'MoanB_34'
ExportProgress : (2709/6690) Exporting 'BlowjobOrgasm_1'
ExportProgress : (2710/6690) Exporting 'UI_Notification'
ExportProgress : (2711/6690) Exporting 'Moan_15'
ExportProgress : (2712/6690) Exporting 'Penis_11'
ExportProgress : (2713/6690) Exporting 'MoanB_38'
ExportProgress : (2714/6690) Exporting 'MoanD_2'
ExportProgress : (2715/6690) Exporting 'Moan_2'
ExportProgress : (2716/6690) Exporting 'MoanC_31'
ExportProgress : (2717/6690) Exporting 'MoanA_74'
ExportProgress : (2718/6690) Exporting 'Shout_1'
ExportProgress : (2719/6690) Exporting 'Blowjob_1'
ExportProgress : (2720/6690) Exporting 'MoanA_69'
ExportProgress : (2721/6690) Exporting 'pickup04'
ExportProgress : (2722/6690) Exporting 'Moan_9'
ExportProgress : (2723/6690) Exporting 'MoanA_75'
ExportProgress : (2724/6690) Exporting 'MoanD_30'
ExportProgress : (2725/6690) Exporting 'MoanA_79'
ExportProgress : (2726/6690) Exporting 'magic_wave4'
ExportProgress : (2727/6690) Exporting 'Moan_81'
ExportProgress : (2728/6690) Exporting 'Penis_19'
ExportProgress : (2729/6690) Exporting 'Penis_28'
ExportProgress : (2730/6690) Exporting 'MoanA_4'
ExportProgress : (2731/6690) Exporting 'MoanC_12'
ExportProgress : (2732/6690) Exporting 'MoanA_81'
ExportProgress : (2733/6690) Exporting 'MoanA_8'
ExportProgress : (2734/6690) Exporting 'Moan_78'
ExportProgress : (2735/6690) Exporting 'Moan_70'
ExportProgress : (2736/6690) Exporting 'Moan_4'
ExportProgress : (2737/6690) Exporting 'MoanA_1'
ExportProgress : (2738/6690) Exporting 'MoanD_25'
ExportProgress : (2739/6690) Exporting 'MoanD_20'
ExportProgress : (2740/6690) Exporting 'MoanA_61'
ExportProgress : (2741/6690) Exporting 'MoanB_51'
ExportProgress : (2742/6690) Exporting 'MoanA_6'
ExportProgress : (2743/6690) Exporting 'Empty'
ExportProgress : (2744/6690) Exporting 'Masturbate'
ExportProgress : (2745/6690) Exporting 'Moan_23'
ExportProgress : (2746/6690) Exporting 'MoanA_104'
ExportProgress : (2747/6690) Exporting 'MoanD_14'
ExportProgress : (2748/6690) Exporting 'MoanB_21'
ExportProgress : (2749/6690) Exporting 'MoanA_77'
ExportProgress : (2750/6690) Exporting 'Orgasm_2'
ExportProgress : (2751/6690) Exporting 'Moan_34'
ExportProgress : (2752/6690) Exporting 'Moan_21'
ExportProgress : (2753/6690) Exporting 'MoanA_52'
ExportProgress : (2754/6690) Exporting 'MoanA_78'
ExportProgress : (2755/6690) Exporting 'Neutral_Ice_Impact'
ExportProgress : (2756/6690) Exporting 'MoanB_45'
ExportProgress : (2757/6690) Exporting 'Shout_2'
ExportProgress : (2758/6690) Exporting 'MoanD_3'
ExportProgress : (2759/6690) Exporting 'Penis_27'
ExportProgress : (2760/6690) Exporting 'MoanB_27'
ExportProgress : (2761/6690) Exporting 'MoanB_22'
ExportProgress : (2762/6690) Exporting 'Penis_29'
ExportProgress : (2763/6690) Exporting 'Moan_59'
ExportProgress : (2764/6690) Exporting 'Fire_Swoosh_04'
ExportProgress : (2765/6690) Exporting 'BlowjobOrgasm_2'
ExportProgress : (2766/6690) Exporting 'Moan_77'
ExportProgress : (2767/6690) Exporting 'Penis_14'
ExportProgress : (2768/6690) Exporting 'MoanC_18'
ExportProgress : (2769/6690) Exporting 'MoanB_29'
ExportProgress : (2770/6690) Exporting 'Moan_32'
ExportProgress : (2771/6690) Exporting 'MoanA_102'
ExportProgress : (2772/6690) Exporting 'Moan_14'
ExportProgress : (2773/6690) Exporting 'MoanC_25'
ExportProgress : (2774/6690) Exporting 'MoanD_35'
ExportProgress : (2775/6690) Exporting 'MoanA_88'
ExportProgress : (2776/6690) Exporting 'Moan_60'
ExportProgress : (2777/6690) Exporting 'MoanD_11'
ExportProgress : (2778/6690) Exporting 'MoanA_5'
ExportProgress : (2779/6690) Exporting 'MoanD_21'
ExportProgress : (2780/6690) Exporting 'Moan_17'
ExportProgress : (2781/6690) Exporting 'MoanA_49'
ExportProgress : (2782/6690) Exporting 'Moan_20'
ExportProgress : (2783/6690) Exporting 'MoanA_18'
ExportProgress : (2784/6690) Exporting 'Shout_3'
ExportProgress : (2785/6690) Exporting 'MoanA_26'
ExportProgress : (2786/6690) Exporting 'Moan_54'
ExportProgress : (2787/6690) Exporting 'wood-smash-3-170418'
ExportProgress : (2788/6690) Exporting 'Moan_75'
ExportProgress : (2789/6690) Exporting 'coin03'
ExportProgress : (2790/6690) Exporting 'MoanC_28'
ExportProgress : (2791/6690) Exporting 'MoanA_72'
ExportProgress : (2792/6690) Exporting 'MoanA_62'
ExportProgress : (2793/6690) Exporting 'Penis_23'
ExportProgress : (2794/6690) Exporting 'Moan_45'
ExportProgress : (2795/6690) Exporting 'MoanC_6'
ExportProgress : (2796/6690) Exporting 'MoanD_24'
ExportProgress : (2797/6690) Exporting 'MoanC_22'
ExportProgress : (2798/6690) Exporting 'MoanB_52'
ExportProgress : (2799/6690) Exporting 'camera1'
ExportProgress : (2800/6690) Exporting 'MoanD_12'
ExportProgress : (2801/6690) Exporting 'Moan_74'
ExportProgress : (2802/6690) Exporting 'Penis_21'
ExportProgress : (2803/6690) Exporting 'MoanB_14'
ExportProgress : (2804/6690) Exporting 'Penis_20'
ExportProgress : (2805/6690) Exporting 'Moan_47'
ExportProgress : (2806/6690) Exporting 'MoanC_57'
ExportProgress : (2807/6690) Exporting 'MoanA_13'
ExportProgress : (2808/6690) Exporting 'Penis_2'
ExportProgress : (2809/6690) Exporting 'MoanA_3'
ExportProgress : (2810/6690) Exporting 'MoanD_13'
ExportProgress : (2811/6690) Exporting 'MoanA_30'
ExportProgress : (2812/6690) Exporting 'MoanA_50'
ExportProgress : (2813/6690) Exporting 'MoanD_29'
ExportProgress : (2814/6690) Exporting 'Moan_13'
ExportProgress : (2815/6690) Exporting 'MoanD_9'
ExportProgress : (2816/6690) Exporting 'poka01'
ExportProgress : (2817/6690) Exporting 'Moan_370'
ExportProgress : (2818/6690) Exporting 'MoanB_3'
ExportProgress : (2819/6690) Exporting 'MoanA_7'
ExportProgress : (2820/6690) Exporting 'Penis_25'
ExportProgress : (2821/6690) Exporting 'MoanD_17'
ExportProgress : (2822/6690) Exporting 'Moan_46'
ExportProgress : (2823/6690) Exporting 'Moan_10'
ExportProgress : (2824/6690) Exporting 'Penis_10'
ExportProgress : (2825/6690) Exporting 'MoanB_60'
ExportProgress : (2826/6690) Exporting 'Penis_12'
ExportProgress : (2827/6690) Exporting 'MoanC_41'
ExportProgress : (2828/6690) Exporting 'MoanB_15'
ExportProgress : (2829/6690) Exporting 'MoanC_23'
ExportProgress : (2830/6690) Exporting 'MoanA_98'
ExportProgress : (2831/6690) Exporting 'MoanA_53'
ExportProgress : (2832/6690) Exporting 'MoanA_82'
ExportProgress : (2833/6690) Exporting 'MoanD_22'
ExportProgress : (2834/6690) Exporting 'MoanD_40'
ExportProgress : (2835/6690) Exporting 'Moan_42'
ExportProgress : (2836/6690) Exporting 'Moan_58'
ExportProgress : (2837/6690) Exporting 'MoanB_57'
ExportProgress : (2838/6690) Exporting 'MoanD_28'
ExportProgress : (2839/6690) Exporting 'TearCloth'
ExportProgress : (2840/6690) Exporting 'MoanA_92'
ExportProgress : (2841/6690) Exporting 'coins'
ExportProgress : (2842/6690) Exporting 'Moan_51'
ExportProgress : (2843/6690) Exporting 'orgasm_4'
ExportProgress : (2844/6690) Exporting 'Moan_39'
ExportProgress : (2845/6690) Exporting 'MoanB_10'
ExportProgress : (2846/6690) Exporting 'Moan_38'
ExportProgress : (2847/6690) Exporting 'MoanB_49'
ExportProgress : (2848/6690) Exporting 'MoanB_44'
ExportProgress : (2849/6690) Exporting 'MoanA_35'
ExportProgress : (2850/6690) Exporting 'MoanA_22'
ExportProgress : (2851/6690) Exporting 'MoanC_10'
ExportProgress : (2852/6690) Exporting 'MoanC_17'
ExportProgress : (2853/6690) Exporting 'MoanC_47'
ExportProgress : (2854/6690) Exporting 'MoanC_38'
ExportProgress : (2855/6690) Exporting 'MoanC_56'
ExportProgress : (2856/6690) Exporting 'MoanB_28'
ExportProgress : (2857/6690) Exporting 'MoanB_61'
ExportProgress : (2858/6690) Exporting 'MoanB_62'
ExportProgress : (2859/6690) Exporting 'Moan_7'
ExportProgress : (2860/6690) Exporting 'MoanD_10'
ExportProgress : (2861/6690) Exporting 'MoanB_64'
ExportProgress : (2862/6690) Exporting 'MoanA_25'
ExportProgress : (2863/6690) Exporting 'Small Fire'
ExportProgress : (2864/6690) Exporting 'MoanA_37'
ExportProgress : (2865/6690) Exporting 'MoanA_55'
ExportProgress : (2866/6690) Exporting 'MoanA_40'
ExportProgress : (2867/6690) Exporting 'MoanC_1'
ExportProgress : (2868/6690) Exporting 'MoanA_57'
ExportProgress : (2869/6690) Exporting 'MoanC_13'
ExportProgress : (2870/6690) Exporting 'Penis_22'
ExportProgress : (2871/6690) Exporting 'Moan_11'
ExportProgress : (2872/6690) Exporting 'MoanB_56'
ExportProgress : (2873/6690) Exporting 'MoanC_43'
ExportProgress : (2874/6690) Exporting 'SK_BarghestAvatar'
ExportProgress : (2875/6690) Exporting 'Giant Worm v2Avatar'
ExportProgress : (2876/6690) Exporting 'Killer_01Avatar'
ExportProgress : (2877/6690) Exporting 'GoblinAvatar'
ExportProgress : (2878/6690) Exporting 'Android_SkeletalMeshAvatar'
ExportProgress : (2879/6690) Exporting 'OrcAvatar'
ExportProgress : (2880/6690) Exporting 'Male_1Avatar'
ExportProgress : (2881/6690) Exporting 'CaveTrollAvatar'
ExportProgress : (2882/6690) Exporting 'Boss'
ExportProgress : (2883/6690) Exporting 'Executioner'
ExportProgress : (2884/6690) Exporting 'Goblin'
ExportProgress : (2885/6690) Exporting 'GoblinRider'
ExportProgress : (2886/6690) Exporting 'Killer'
ExportProgress : (2887/6690) Exporting 'Monster'
ExportProgress : (2888/6690) Exporting 'MonsterBarghest'
ExportProgress : (2889/6690) Exporting 'Orc'
ExportProgress : (2890/6690) Exporting 'OrcGirl'
ExportProgress : (2891/6690) Exporting 'Trader'
ExportProgress : (2892/6690) Exporting 'Troll'
ExportProgress : (2893/6690) Exporting 'Worm'
ExportProgress : (2894/6690) Exporting 'Walker'
ExportProgress : (2895/6690) Exporting 'Door'
ExportProgress : (2896/6690) Exporting 'NpcShape'
ExportProgress : (2897/6690) Exporting 'AnimSex'
ExportProgress : (2898/6690) Exporting 'HighFriction'
ExportProgress : (2899/6690) Exporting '212221_2'
ExportProgress : (2900/6690) Exporting '212221_1'
ExportProgress : (2901/6690) Exporting '212221_5'
ExportProgress : (2902/6690) Exporting 'White1px'
ExportProgress : (2903/6690) Exporting 'Vibrator'
ExportProgress : (2904/6690) Exporting 'SchoolShoes'
ExportProgress : (2905/6690) Exporting 'GraffitiPen'
ExportProgress : (2906/6690) Exporting 'Binder'
ExportProgress : (2907/6690) Exporting 'Pantyhose'
ExportProgress : (2908/6690) Exporting 'Gemini_Generated_Image_svcd8esvcd8esvcd'
ExportProgress : (2909/6690) Exporting 'bin'
ExportProgress : (2910/6690) Exporting 'Pillory'
ExportProgress : (2911/6690) Exporting 'Gemini_Generated_Image_umxs3wumxs3wumxs 3'
ExportProgress : (2912/6690) Exporting 'ElfPaladin_Armor'
ExportProgress : (2913/6690) Exporting 'Lake'
ExportProgress : (2914/6690) Exporting 'HighHeeledSandals'
ExportProgress : (2915/6690) Exporting 'FullMask'
ExportProgress : (2916/6690) Exporting 'Gemini_Generated_Image_umxs3wumxs3wumxs 1'
ExportProgress : (2917/6690) Exporting 'Gag'
ExportProgress : (2918/6690) Exporting 'G_Icon_button_ready'
ExportProgress : (2919/6690) Exporting 'Button_medium'
ExportProgress : (2920/6690) Exporting 'UIFoldoutClosed'
ExportProgress : (2921/6690) Exporting 'button_line2_polygon1_30 1'
ExportProgress : (2922/6690) Exporting 'SchoolSkirt'
ExportProgress : (2923/6690) Exporting 'ElfPaladin_Armor_Legs'
ExportProgress : (2924/6690) Exporting 'BackRoom'
ExportProgress : (2925/6690) Exporting 'NoseHook'
ExportProgress : (2926/6690) Exporting 'BiggerBattery'
ExportProgress : (2927/6690) Exporting 'hana'
ExportProgress : (2928/6690) Exporting 'Back'
ExportProgress : (2929/6690) Exporting 'UIFoldoutOpened'
ExportProgress : (2930/6690) Exporting 'GagOpenFull'
ExportProgress : (2931/6690) Exporting 'Lobby'
ExportProgress : (2932/6690) Exporting 'UICheckMark'
ExportProgress : (2933/6690) Exporting 'Rope'
ExportProgress : (2934/6690) Exporting 'CatSuitBoot'
ExportProgress : (2935/6690) Exporting 'Entrance'
ExportProgress : (2936/6690) Exporting 'Collar'
ExportProgress : (2937/6690) Exporting 'CatSuit'
ExportProgress : (2938/6690) Exporting 'Underwear'
ExportProgress : (2939/6690) Exporting 'White 3'
ExportProgress : (2940/6690) Exporting 'Outline'
ExportProgress : (2941/6690) Exporting 'UIElement8px'
ExportProgress : (2942/6690) Exporting 'NippleShield'
ExportProgress : (2943/6690) Exporting 'Lock'
ExportProgress : (2944/6690) Exporting 'GagOpen'
ExportProgress : (2945/6690) Exporting 'Outline Bar Progress'
ExportProgress : (2946/6690) Exporting 'AnalHook'
ExportProgress : (2947/6690) Exporting 'button_line2_polygon1_30'
ExportProgress : (2948/6690) Exporting 'NippleShieldWithChian'
ExportProgress : (2949/6690) Exporting 'Pink'
ExportProgress : (2950/6690) Exporting 'button_line1_polygon3_42'
ExportProgress : (2951/6690) Exporting 'HighHeels'
ExportProgress : (2952/6690) Exporting 'Avatar_1'
ExportProgress : (2953/6690) Exporting 'Cans_0'
ExportProgress : (2954/6690) Exporting 'MC_tears'
ExportProgress : (2955/6690) Exporting 'Executioner'
ExportProgress : (2956/6690) Exporting 'WoodDoor'
ExportProgress : (2957/6690) Exporting 'Tear'
ExportProgress : (2958/6690) Exporting 'MC_sweat_0'
ExportProgress : (2959/6690) Exporting 'PilloryA'
ExportProgress : (2960/6690) Exporting 'MC_sweat_1'
ExportProgress : (2961/6690) Exporting 'OrcGirl'
ExportProgress : (2962/6690) Exporting 'Bonfire'
ExportProgress : (2963/6690) Exporting 'ChestLoot_Coin'
ExportProgress : (2964/6690) Exporting 'ChainLinkWhite'
ExportProgress : (2965/6690) Exporting 'ChainLink2'
ExportProgress : (2966/6690) Exporting 'SchoolSkirt_Drop'
ExportProgress : (2967/6690) Exporting 'Walker'
ExportProgress : (2968/6690) Exporting 'Goblin'
ExportProgress : (2969/6690) Exporting 'NPC'
ExportProgress : (2970/6690) Exporting 'Troll'
ExportProgress : (2971/6690) Exporting 'DebugUIVector2'
ExportProgress : (2972/6690) Exporting 'DebugUIColor'
ExportProgress : (2973/6690) Exporting 'npc_csl_coat_01_01_01'
ExportProgress : (2974/6690) Exporting 'DebugUIPanel'
ExportProgress : (2975/6690) Exporting 'DebugUIGroup'
ExportProgress : (2976/6690) Exporting 'DebugUIVector4'
ExportProgress : (2977/6690) Exporting 'DebugUIToggle'
ExportProgress : (2978/6690) Exporting 'DebugUIValuePersistent'
ExportProgress : (2979/6690) Exporting 'DebugUIValueTuple'
ExportProgress : (2980/6690) Exporting 'DebugUIObject'
ExportProgress : (2981/6690) Exporting 'DebugUIIntField'
ExportProgress : (2982/6690) Exporting 'DebugUIProgressBar'
ExportProgress : (2983/6690) Exporting 'DebugUIFloatField'
ExportProgress : (2984/6690) Exporting 'DebugUIValue'
ExportProgress : (2985/6690) Exporting 'DebugUIUIntField'
ExportProgress : (2986/6690) Exporting 'DebugUIFoldout'
ExportProgress : (2987/6690) Exporting 'DebugUIRow'
ExportProgress : (2988/6690) Exporting 'DebugUIVector3'
ExportProgress : (2989/6690) Exporting 'Hit_Metal 1'
ExportProgress : (2990/6690) Exporting 'DebugUICanvas'
ExportProgress : (2991/6690) Exporting 'Hit 2'
ExportProgress : (2992/6690) Exporting 'DebugUIHBox'
ExportProgress : (2993/6690) Exporting 'DebugUIEnumField'
ExportProgress : (2994/6690) Exporting 'DebugUIObjectList'
ExportProgress : (2995/6690) Exporting 'DebugUIButton'
ExportProgress : (2996/6690) Exporting 'DebugUIPersistentCanvas'
ExportProgress : (2997/6690) Exporting 'SexInfoWindow'
ExportProgress : (2998/6690) Exporting 'Flash 9'
ExportProgress : (2999/6690) Exporting 'Hit 16'
ExportProgress : (3000/6690) Exporting 'Projectile'
ExportProgress : (3001/6690) Exporting 'DebugUIMessageBox'
ExportProgress : (3002/6690) Exporting 'DebugUIVBox'
ExportProgress : (3003/6690) Exporting 'npc_csl_shoe_02_02_03'
ExportProgress : (3004/6690) Exporting 'NormalNPC'
ExportProgress : (3005/6690) Exporting 'SwimSuit'
ExportProgress : (3006/6690) Exporting 'UnderwearPantyhose'
ExportProgress : (3007/6690) Exporting 'Underwear'
ExportProgress : (3008/6690) Exporting 'OrcHypnosis'
ExportProgress : (3009/6690) Exporting 'NPC_bucket Variant'
ExportProgress : (3010/6690) Exporting 'NPC_big'
ExportProgress : (3011/6690) Exporting 'NPC_fat'
ExportProgress : (3012/6690) Exporting 'Boss Variant'
ExportProgress : (3013/6690) Exporting 'GoblinHypnosis'
ExportProgress : (3014/6690) Exporting 'ChestLoot_Monster'
ExportProgress : (3015/6690) Exporting 'Killer'
ExportProgress : (3016/6690) Exporting 'npc_csl_raglan_01m_01_01bw'
ExportProgress : (3017/6690) Exporting 'AnalHook'
ExportProgress : (3018/6690) Exporting 'npc_csl_shirtrolled_01m_01_01bw'
ExportProgress : (3019/6690) Exporting 'GoblinRider'
ExportProgress : (3020/6690) Exporting 'BraPanty'
ExportProgress : (3021/6690) Exporting 'npc_csl_shirtrolled_01m_01_01'
ExportProgress : (3022/6690) Exporting 'npc_csl_raglan_01m_01_02bw'
ExportProgress : (3023/6690) Exporting 'npc_csl_breeches_01_01_01'
ExportProgress : (3024/6690) Exporting 'LaptopWindow'
ExportProgress : (3025/6690) Exporting 'npc_haircut_a_01h'
ExportProgress : (3026/6690) Exporting 'Trader'
ExportProgress : (3027/6690) Exporting 'npc_haircut_a_03'
ExportProgress : (3028/6690) Exporting 'npc_csl_shoe_02_01_01bw'
ExportProgress : (3029/6690) Exporting 'ElfPaladin_Armor'
ExportProgress : (3030/6690) Exporting 'npc_csl_hoodie_01_01_02'
ExportProgress : (3031/6690) Exporting 'npc_csl_shoe_01_01_03'
ExportProgress : (3032/6690) Exporting 'npc_csl_raglan_01m_01_03'
ExportProgress : (3033/6690) Exporting 'PlayerCustomizationWindow'
ExportProgress : (3034/6690) Exporting 'npc_csl_shoe_01_02_02'
ExportProgress : (3035/6690) Exporting 'Tester'
ExportProgress : (3036/6690) Exporting 'DebugUIBitField'
ExportProgress : (3037/6690) Exporting 'Sailor'
ExportProgress : (3038/6690) Exporting 'TerminalWindow'
ExportProgress : (3039/6690) Exporting 'npc_csl_shoe_01_01_01'
ExportProgress : (3040/6690) Exporting 'BunnySuitPantyhose'
ExportProgress : (3041/6690) Exporting 'Orc'
ExportProgress : (3042/6690) Exporting 'npc_csl_shoe_02_02_02'
ExportProgress : (3043/6690) Exporting 'npc_csl_shoe_01_02_03'
ExportProgress : (3044/6690) Exporting 'SchoolSkirt'
ExportProgress : (3045/6690) Exporting 'ChestLoot'
ExportProgress : (3046/6690) Exporting 'DialogueWindow'
ExportProgress : (3047/6690) Exporting 'BreastHands'
ExportProgress : (3048/6690) Exporting 'npc_csl_raglan_01m_01_02'
ExportProgress : (3049/6690) Exporting 'npc_haircut_a_01'
ExportProgress : (3050/6690) Exporting 'Barghest'
ExportProgress : (3051/6690) Exporting 'npc_csl_shoe_01_01_01bw'
ExportProgress : (3052/6690) Exporting 'npc_csl_breeches_01_01_01bw'
ExportProgress : (3053/6690) Exporting 'EndGameWindow'
ExportProgress : (3054/6690) Exporting 'npc_csl_shoe_02_01_01'
ExportProgress : (3055/6690) Exporting 'npc_csl_shoe_01_03_03'
ExportProgress : (3056/6690) Exporting 'BunnySuit'
ExportProgress : (3057/6690) Exporting 'npc_csl_hoodie_01_01_03'
ExportProgress : (3058/6690) Exporting 'npc_csl_coat_01_01_01bw'
ExportProgress : (3059/6690) Exporting 'CatSuitBoot'
ExportProgress : (3060/6690) Exporting 'NPC_helm'
ExportProgress : (3061/6690) Exporting 'NPC_armor'
ExportProgress : (3062/6690) Exporting 'npc_csl_breeches_01_01_01camo'
ExportProgress : (3063/6690) Exporting 'npc_csl_breeches_01_01_02'
ExportProgress : (3064/6690) Exporting 'BunnySuitCollar'
ExportProgress : (3065/6690) Exporting 'BunnySuitInverse'
ExportProgress : (3066/6690) Exporting 'npc_csl_shirtrolled_01m_01_02bw'
ExportProgress : (3067/6690) Exporting 'PopWindow'
ExportProgress : (3068/6690) Exporting 'npc_csl_coat_01_01_02'
ExportProgress : (3069/6690) Exporting 'XWindow'
ExportProgress : (3070/6690) Exporting 'npc_haircut_a_03h'
ExportProgress : (3071/6690) Exporting 'npc_csl_shoe_01_03_01'
ExportProgress : (3072/6690) Exporting 'MC_LegUp'
ExportProgress : (3073/6690) Exporting 'FakeHair'
ExportProgress : (3074/6690) Exporting 'FullMask'
ExportProgress : (3075/6690) Exporting 'npc_csl_pants_01_01_03'
ExportProgress : (3076/6690) Exporting 'npc_csl_shirtrolled_01m_01_02'
ExportProgress : (3077/6690) Exporting 'npc_csl_coat_01_01_03'
ExportProgress : (3078/6690) Exporting 'npc_csl_shoe_01_02_01'
ExportProgress : (3079/6690) Exporting 'NoseHook'
ExportProgress : (3080/6690) Exporting 'npc_csl_raglan_01m_01_01'
ExportProgress : (3081/6690) Exporting 'npc_csl_shoe_01_01_02'
ExportProgress : (3082/6690) Exporting 'TakePhotoWindow'
ExportProgress : (3083/6690) Exporting 'npc_csl_shoe_02_02_01'
ExportProgress : (3084/6690) Exporting 'npc_csl_shoe_01_03_02'
ExportProgress : (3085/6690) Exporting 'PunishmentNPC'
ExportProgress : (3086/6690) Exporting 'npc_csl_shoe_01_02_01bw'
ExportProgress : (3087/6690) Exporting 'SchoolShoes'
ExportProgress : (3088/6690) Exporting 'Sneakers'
ExportProgress : (3089/6690) Exporting 'npc_csl_shoe_02_01_03'
ExportProgress : (3090/6690) Exporting 'npc_csl_pants_01_01_01'
ExportProgress : (3091/6690) Exporting 'Binder'
ExportProgress : (3092/6690) Exporting 'HighHeels'
ExportProgress : (3093/6690) Exporting 'npc_csl_shoe_02_02_01bw'
ExportProgress : (3094/6690) Exporting '可以打破之花瓶'
ExportProgress : (3095/6690) Exporting 'Worm'
ExportProgress : (3096/6690) Exporting 'npc_haircut_a_02h'
ExportProgress : (3097/6690) Exporting 'GameSetting'
ExportProgress : (3098/6690) Exporting 'npc_csl_hoodie_01_01_02bw'
ExportProgress : (3099/6690) Exporting 'npc_haircut_a_02'
ExportProgress : (3100/6690) Exporting 'npc_csl_shoe_02_01_02'
ExportProgress : (3101/6690) Exporting 'Gag'
ExportProgress : (3102/6690) Exporting 'GagOpen'
ExportProgress : (3103/6690) Exporting 'GagOpenFull'
ExportProgress : (3104/6690) Exporting 'HighHeeledSandals'
ExportProgress : (3105/6690) Exporting 'Rifle'
ExportProgress : (3106/6690) Exporting 'ClothWindow'
ExportProgress : (3107/6690) Exporting 'Vibrator'
ExportProgress : (3108/6690) Exporting 'PauseWindow'
ExportProgress : (3109/6690) Exporting 'RopeHang'
ExportProgress : (3110/6690) Exporting 'CatSuit'
ExportProgress : (3111/6690) Exporting 'WaterEffect'
ExportProgress : (3112/6690) Exporting 'PantyhoseNet'
ExportProgress : (3113/6690) Exporting 'PetPlayCollar'
ExportProgress : (3114/6690) Exporting 'Rope'
ExportProgress : (3115/6690) Exporting 'npc_csl_shoe_01_03_01bw'
ExportProgress : (3116/6690) Exporting 'npc_csl_pants_01_01_02'
ExportProgress : (3117/6690) Exporting 'MemorySexWindow'
ExportProgress : (3118/6690) Exporting 'ElfPaladin_Armor_Legs'
ExportProgress : (3119/6690) Exporting 'BitchSuit'
ExportProgress : (3120/6690) Exporting 'PilloryWithChian'
ExportProgress : (3121/6690) Exporting 'LootBarrel'
ExportProgress : (3122/6690) Exporting 'potion'
ExportProgress : (3123/6690) Exporting 'GalleryWindow'
ExportProgress : (3124/6690) Exporting 'NippleShield'
ExportProgress : (3125/6690) Exporting 'NippleShieldWithChian'
ExportProgress : (3126/6690) Exporting 'LoadSaveWindow'
ExportProgress : (3127/6690) Exporting 'Pantyhose'
ExportProgress : (3128/6690) Exporting 'PantyhoseShort'
ExportProgress : (3129/6690) Exporting 'WhitePantyhose'
ExportProgress : (3130/6690) Exporting 'Key'
ExportProgress : (3131/6690) Exporting 'Collar'
ExportProgress : (3132/6690) Exporting 'CollarLong'
ExportProgress : (3133/6690) Exporting 'PlayerHelperWindow'
ExportProgress : (3134/6690) Exporting 'DebugUIEnumHistory'
ExportProgress : (3135/6690) Exporting 'BugFeedbackWindow'
ExportProgress : (3136/6690) Exporting 'Medicine'
ExportProgress : (3137/6690) Exporting 'BigImageWindow'
ExportProgress : (3138/6690) Exporting 'BedWindow'
ExportProgress : (3139/6690) Exporting 'SexWindow'
ExportProgress : (3140/6690) Exporting 'CatchWindow'
ExportProgress : (3141/6690) Exporting 'DailySummaryWindow'
ExportProgress : (3142/6690) Exporting 'FaceMask'
ExportProgress : (3143/6690) Exporting 'Pillory'
ExportProgress : (3144/6690) Exporting 'DebugUIToggleHistory'
ExportProgress : (3145/6690) Exporting 'Blindfold'
ExportProgress : (3146/6690) Exporting 'Ammo'
ExportProgress : (3147/6690) Exporting 'DebugUIObjectPopupField'
ExportProgress : (3148/6690) Exporting 'BrazieWoodCATA_A'
ExportProgress : (3149/6690) Exporting 'BeDiscoveredWindow'
ExportProgress : (3150/6690) Exporting 'ExitWindow'
ExportProgress : (3151/6690) Exporting 'Particle'
ExportProgress : (3152/6690) Exporting 'ball'
ExportProgress : (3153/6690) Exporting 'box'
ExportProgress : (3154/6690) Exporting 'ball1'
ExportProgress : (3155/6690) Exporting 'mid point'
ExportProgress : (3156/6690) Exporting 'mid point'
ExportProgress : (3157/6690) Exporting 'mid point1'
ExportProgress : (3158/6690) Exporting 'mid point'
ExportProgress : (3159/6690) Exporting 'ball'
ExportProgress : (3160/6690) Exporting 'ball'
ExportProgress : (3161/6690) Exporting 'ball'
ExportProgress : (3162/6690) Exporting 'ball'
ExportProgress : (3163/6690) Exporting 'ball'
ExportProgress : (3164/6690) Exporting 'LiberationSans SDF'
ExportProgress : (3165/6690) Exporting 'TMP Settings'
ExportProgress : (3166/6690) Exporting 'DefaultRopeSection'
ExportProgress : (3167/6690) Exporting 'ProfilerSkin'
ExportProgress : (3168/6690) Exporting 'HighFriction'
ExportProgress : (3169/6690) Exporting 'MediumFriction'
ExportProgress : (3170/6690) Exporting 'ChainSmall'
ExportProgress : (3171/6690) Exporting 'Chain_2'
ExportProgress : (3172/6690) Exporting 'Chain_3'
ExportProgress : (3173/6690) Exporting 'Chain_4 1'
ExportProgress : (3174/6690) Exporting 'Chain_4'
ExportProgress : (3175/6690) Exporting 'AnalHook'
ExportProgress : (3176/6690) Exporting 'BiggerBattery'
ExportProgress : (3177/6690) Exporting 'Binder'
ExportProgress : (3178/6690) Exporting 'Blindfold'
ExportProgress : (3179/6690) Exporting 'BunnySuit'
ExportProgress : (3180/6690) Exporting 'BunnySuitCollar'
ExportProgress : (3181/6690) Exporting 'BunnySuitPantyhose'
ExportProgress : (3182/6690) Exporting 'CatSuit'
ExportProgress : (3183/6690) Exporting 'CatSuitBoot'
ExportProgress : (3184/6690) Exporting 'FullMask'
ExportProgress : (3185/6690) Exporting 'Gag'
ExportProgress : (3186/6690) Exporting 'GagOpen'
ExportProgress : (3187/6690) Exporting 'GagOpenFull'
ExportProgress : (3188/6690) Exporting 'GraffitiPen'
ExportProgress : (3189/6690) Exporting 'HighHeeledSandals'
ExportProgress : (3190/6690) Exporting 'HighHeels'
ExportProgress : (3191/6690) Exporting 'NippleShield'
ExportProgress : (3192/6690) Exporting 'NippleShieldWithChian'
ExportProgress : (3193/6690) Exporting 'NoseHook'
ExportProgress : (3194/6690) Exporting 'PantyhoseNet'
ExportProgress : (3195/6690) Exporting 'Pillory'
ExportProgress : (3196/6690) Exporting 'Rope'
ExportProgress : (3197/6690) Exporting 'Underwear'
ExportProgress : (3198/6690) Exporting 'UnderwearPantyhose'
ExportProgress : (3199/6690) Exporting 'Vibrator'
ExportProgress : (3200/6690) Exporting 'WhitePantyhose'
ExportProgress : (3201/6690) Exporting 'Mystery_0'
ExportProgress : (3202/6690) Exporting 'Mystery_1'
ExportProgress : (3203/6690) Exporting 'Mystery_2'
ExportProgress : (3204/6690) Exporting 'Mystery_3'
ExportProgress : (3205/6690) Exporting 'New conversation'
ExportProgress : (3206/6690) Exporting 'ExposureInstructor_0'
ExportProgress : (3207/6690) Exporting 'ExposureInstructor_1'
ExportProgress : (3208/6690) Exporting 'Fraud_0'
ExportProgress : (3209/6690) Exporting 'StayAtMaleToliet'
ExportProgress : (3210/6690) Exporting 'DOTweenSettings'
ExportProgress : (3211/6690) Exporting 'English'
ExportProgress : (3212/6690) Exporting 'ID'
ExportProgress : (3213/6690) Exporting 'Japanese'
ExportProgress : (3214/6690) Exporting 'Korean'
ExportProgress : (3215/6690) Exporting 'SimplifiedChinese'
ExportProgress : (3216/6690) Exporting 'Spanish'
ExportProgress : (3217/6690) Exporting 'TraditionalChinese'
ExportProgress : (3218/6690) Exporting 'XID'
ExportProgress : (3219/6690) Exporting 'blowjob'
ExportProgress : (3220/6690) Exporting 'breast'
ExportProgress : (3221/6690) Exporting 'butt'
ExportProgress : (3222/6690) Exporting 'dog'
ExportProgress : (3223/6690) Exporting 'innuendo'
ExportProgress : (3224/6690) Exporting 'noPhoto'
ExportProgress : (3225/6690) Exporting 'noh'
ExportProgress : (3226/6690) Exporting 'pussy'
ExportProgress : (3227/6690) Exporting 'sex'
ExportProgress : (3228/6690) Exporting 'sm'
ExportProgress : (3229/6690) Exporting 'FirstQuest'
ExportProgress : (3230/6690) Exporting 'GotoSchool'
ExportProgress : (3231/6690) Exporting 'TakePhotoBra'
ExportProgress : (3232/6690) Exporting 'QuestOS'
ExportProgress : (3233/6690) Exporting 'SchoolExposure'
ExportProgress : (3234/6690) Exporting 'SchoolExposure_1'
ExportProgress : (3235/6690) Exporting 'StayAtMaleToliet'
ExportProgress : (3236/6690) Exporting 'RescueDog'
ExportProgress : (3237/6690) Exporting 'ExposeChest'
ExportProgress : (3238/6690) Exporting 'ExposeNearOthers'
ExportProgress : (3239/6690) Exporting 'ExposeToLightSource'
ExportProgress : (3240/6690) Exporting 'MoveOver20m'
ExportProgress : (3241/6690) Exporting 'ZeroQuest'
ExportProgress : (3242/6690) Exporting 'ball 2'
ExportProgress : (3243/6690) Exporting 'ball 2'
ExportProgress : (3244/6690) Exporting 'ball 2'
ExportProgress : (3245/6690) Exporting 'ball 2'
ExportProgress : (3246/6690) Exporting 'Refract'
ExportProgress : (3247/6690) Exporting 'Basement_Props'
ExportProgress : (3248/6690) Exporting 'Bed'
ExportProgress : (3249/6690) Exporting 'Bedroom_Closets'
ExportProgress : (3250/6690) Exporting 'Books'
ExportProgress : (3251/6690) Exporting 'Carpet_A'
ExportProgress : (3252/6690) Exporting 'Curtains_House'
ExportProgress : (3253/6690) Exporting 'Devices_On'
ExportProgress : (3254/6690) Exporting 'Fireplace'
ExportProgress : (3255/6690) Exporting 'GarageSet'
ExportProgress : (3256/6690) Exporting 'In_WhitePlaster'
ExportProgress : (3257/6690) Exporting 'Kitchen_Props'
ExportProgress : (3258/6690) Exporting 'Kitchen_TableChair'
ExportProgress : (3259/6690) Exporting 'Lamps_House'
ExportProgress : (3260/6690) Exporting 'LeatherChair'
ExportProgress : (3261/6690) Exporting 'LivingRoom_Props'
ExportProgress : (3262/6690) Exporting 'Paintings_House'
ExportProgress : (3263/6690) Exporting 'Paintings_interior'
ExportProgress : (3264/6690) Exporting 'PillowLarge'
ExportProgress : (3265/6690) Exporting 'PillowSmall'
ExportProgress : (3266/6690) Exporting 'Plants_InteriorHouse'
ExportProgress : (3267/6690) Exporting 'Toilet_ExtraProps'
ExportProgress : (3268/6690) Exporting 'WorkDesk'
ExportProgress : (3269/6690) Exporting 'AE_Concrete_01'
ExportProgress : (3270/6690) Exporting 'AE_Concrete_02'
ExportProgress : (3271/6690) Exporting 'AE_Decals_01'
ExportProgress : (3272/6690) Exporting 'AE_Door_01'
ExportProgress : (3273/6690) Exporting 'AE_Door_02'
ExportProgress : (3274/6690) Exporting 'AE_Glass_02'
ExportProgress : (3275/6690) Exporting 'AE_Roller_Shutter'
ExportProgress : (3276/6690) Exporting 'AE_Wall_Tile_01'
ExportProgress : (3277/6690) Exporting 'AE_Wall_Tile_02'
ExportProgress : (3278/6690) Exporting 'AE_Wall_Tile_03'
ExportProgress : (3279/6690) Exporting 'AE_Windows'
ExportProgress : (3280/6690) Exporting 'AE_Conditioner_02'
ExportProgress : (3281/6690) Exporting 'AE_Flower'
ExportProgress : (3282/6690) Exporting 'AE_Flower_Pot'
ExportProgress : (3283/6690) Exporting 'AE_Flower_Trunk'
ExportProgress : (3284/6690) Exporting 'AE_Pipes'
ExportProgress : (3285/6690) Exporting 'Body'
ExportProgress : (3286/6690) Exporting 'Eye'
ExportProgress : (3287/6690) Exporting 'Fbx Default Material'
ExportProgress : (3288/6690) Exporting 'HairMask'
ExportProgress : (3289/6690) Exporting 'HairOpaque'
ExportProgress : (3290/6690) Exporting 'HairT'
ExportProgress : (3291/6690) Exporting 'Head'
ExportProgress : (3292/6690) Exporting 'MHXX_Hair_BaseColor'
ExportProgress : (3293/6690) Exporting 'Pubes'
ExportProgress : (3294/6690) Exporting 'Ribbon'
ExportProgress : (3295/6690) Exporting 'T_TWG_EYES_BASECOLOR_BROWN'
ExportProgress : (3296/6690) Exporting 'Door_White'
ExportProgress : (3297/6690) Exporting 'In_Floor_Carpet'
ExportProgress : (3298/6690) Exporting 'In_Floor_WoodFine'
ExportProgress : (3299/6690) Exporting 'In_Roof_Plaster'
ExportProgress : (3300/6690) Exporting 'Glass 1'
ExportProgress : (3301/6690) Exporting 'Glass'
ExportProgress : (3302/6690) Exporting 'House_Exterior_Equip'
ExportProgress : (3303/6690) Exporting 'Wall_ConcreteWhite_Dirty'
ExportProgress : (3304/6690) Exporting 'Wall_HouseWoodPlank'
ExportProgress : (3305/6690) Exporting 'BurstWave'
ExportProgress : (3306/6690) Exporting 'Fire'
ExportProgress : (3307/6690) Exporting 'Glow'
ExportProgress : (3308/6690) Exporting 'Smoke'
ExportProgress : (3309/6690) Exporting 'New Material'
ExportProgress : (3310/6690) Exporting 'Bot1'
ExportProgress : (3311/6690) Exporting 'Bot2'
ExportProgress : (3312/6690) Exporting 'Head 1'
ExportProgress : (3313/6690) Exporting 'Head'
ExportProgress : (3314/6690) Exporting 'Main 2'
ExportProgress : (3315/6690) Exporting 'Top1'
ExportProgress : (3316/6690) Exporting 'SmokeDark 1'
ExportProgress : (3317/6690) Exporting 'SmokeDark'
ExportProgress : (3318/6690) Exporting 'ElectricalSparks'
ExportProgress : (3319/6690) Exporting 'Splash 1'
ExportProgress : (3320/6690) Exporting 'WaterDropSmall 1'
ExportProgress : (3321/6690) Exporting 'WaterRipple'
ExportProgress : (3322/6690) Exporting 'DustPuffParticle'
ExportProgress : (3323/6690) Exporting 'FlashLight'
ExportProgress : (3324/6690) Exporting 'Hided'
ExportProgress : (3325/6690) Exporting 'Aura16bcg'
ExportProgress : (3326/6690) Exporting 'FlashGroundCG'
ExportProgress : (3327/6690) Exporting 'Mosaic'
ExportProgress : (3328/6690) Exporting 'Ray'
ExportProgress : (3329/6690) Exporting 'UIBlur'
ExportProgress : (3330/6690) Exporting 'npc_hmn_uv0_csl_body_01m_01_01_c'
ExportProgress : (3331/6690) Exporting 'npc_hmn_uv0_face_01m_01_01_c'
ExportProgress : (3332/6690) Exporting 'M_EyeSG 2'
ExportProgress : (3333/6690) Exporting 'VegetationBillboardsPlaneCATAM 2'
ExportProgress : (3334/6690) Exporting 'mat_knife'
ExportProgress : (3335/6690) Exporting 'mat_revolver_s'
ExportProgress : (3336/6690) Exporting 'mat_revolver_s_2'
ExportProgress : (3337/6690) Exporting 'mat_russian_rifle_2'
ExportProgress : (3338/6690) Exporting 'mat_russian_rifle_attachments'
ExportProgress : (3339/6690) Exporting 'mat_russian_rifle_volkodav'
ExportProgress : (3340/6690) Exporting 'Bra'
ExportProgress : (3341/6690) Exporting 'BraHook'
ExportProgress : (3342/6690) Exporting 'BraStrapHook'
ExportProgress : (3343/6690) Exporting 'Panty'
ExportProgress : (3344/6690) Exporting 'Crop'
ExportProgress : (3345/6690) Exporting 'Weapon_BaseColor'
ExportProgress : (3346/6690) Exporting 'armor_Arms_BaseColor'
ExportProgress : (3347/6690) Exporting 'armor_Body_BaseColor 1'
ExportProgress : (3348/6690) Exporting 'armor_Body_BaseColor'
ExportProgress : (3349/6690) Exporting 'armor_Coats_BaseColor 1'
ExportProgress : (3350/6690) Exporting 'armor_Legs_BaseColor'
ExportProgress : (3351/6690) Exporting 'Laptop_ch1_silver_luminous'
ExportProgress : (3352/6690) Exporting 'Laptop_ch1_silver_matte 1'
ExportProgress : (3353/6690) Exporting 'Laptop_ch1_silver_matte'
ExportProgress : (3354/6690) Exporting 'Laptop_ch1_silver_metallic'
ExportProgress : (3355/6690) Exporting 'Logo'
ExportProgress : (3356/6690) Exporting 'Phone'
ExportProgress : (3357/6690) Exporting 'Screen'
ExportProgress : (3358/6690) Exporting 'ElfSwordmaster_Weapon_BaseColor'
ExportProgress : (3359/6690) Exporting 'Penis_A'
ExportProgress : (3360/6690) Exporting 'Pantyhose'
ExportProgress : (3361/6690) Exporting 'PantyhoseShort'
ExportProgress : (3362/6690) Exporting 'DepthPeeling'
ExportProgress : (3363/6690) Exporting 'slash02'
ExportProgress : (3364/6690) Exporting 'Sweat'
ExportProgress : (3365/6690) Exporting 'Tear'
ExportProgress : (3366/6690) Exporting 'New Material'
ExportProgress : (3367/6690) Exporting 'BodyPart'
ExportProgress : (3368/6690) Exporting 'CumParticle'
ExportProgress : (3369/6690) Exporting 'Mask_Blowjob'
ExportProgress : (3370/6690) Exporting 'Mask_Blowjob_cum'
ExportProgress : (3371/6690) Exporting 'Mask_Blowjob_cum_in'
ExportProgress : (3372/6690) Exporting 'Mask_Blowjob_cum_top'
ExportProgress : (3373/6690) Exporting 'Mask_Blowjob_inv'
ExportProgress : (3374/6690) Exporting 'Mask_Uterus_Inside'
ExportProgress : (3375/6690) Exporting 'Mask_Uterus_Outside'
ExportProgress : (3376/6690) Exporting 'Mask_Uterus_cum'
ExportProgress : (3377/6690) Exporting 'Mask_Uterus_cum_in'
ExportProgress : (3378/6690) Exporting 'Mask_Uterus_cum_top'
ExportProgress : (3379/6690) Exporting 'MaskedBlit'
ExportProgress : (3380/6690) Exporting 'Penis_A_Blowjob'
ExportProgress : (3381/6690) Exporting 'SemenColumn'
ExportProgress : (3382/6690) Exporting 'Tongue_Blowjob'
ExportProgress : (3383/6690) Exporting 'PlayerDepth'
ExportProgress : (3384/6690) Exporting 'DefaultHDMaterial'
ExportProgress : (3385/6690) Exporting 'Hidden/VFX/Death/Particles/Output Particle Quad'
ExportProgress : (3386/6690) Exporting 'HinaMincho-Regular'
ExportProgress : (3387/6690) Exporting 'NotoSansCJK-Regular'
ExportProgress : (3388/6690) Exporting 'Hidden/VFX/Steam/Particles/Output Particle Quad'
ExportProgress : (3389/6690) Exporting 'NotInter-Regular'
ExportProgress : (3390/6690) Exporting 'mat_revolver_s_2_Normal'
Import : Resource file 'sharedassets0.assets.resS' has been loaded
ExportProgress : (3391/6690) Exporting 'Fireplace_Normal'
ExportProgress : (3392/6690) Exporting '212221'
ExportProgress : (3393/6690) Exporting 'Carpet_A_MaskMap'
ExportProgress : (3394/6690) Exporting 'T_AK900_MAT_ATTACHMENTS_AlbedoTransparency'
ExportProgress : (3395/6690) Exporting 'Rope_Body_AO'
ExportProgress : (3396/6690) Exporting 'Icons_1'
ExportProgress : (3397/6690) Exporting 'Gemini_Generated_Image_umxs3wumxs3wumxs 4'
ExportProgress : (3398/6690) Exporting 'scrollbar_lil'
ExportProgress : (3399/6690) Exporting 'mat_revolver_s_MaskMap'
ExportProgress : (3400/6690) Exporting 'T_LChineseWarrior_fiber_normal'
ExportProgress : (3401/6690) Exporting 'SplatNormal'
ExportProgress : (3402/6690) Exporting 'TOD_SnowSmooth_D'
ExportProgress : (3403/6690) Exporting 'Chat'
ExportProgress : (3404/6690) Exporting 'G_Icon_button_02'
ExportProgress : (3405/6690) Exporting 'Plants_InteriorHouse_MaskMap'
ExportProgress : (3406/6690) Exporting 'In_Roof_Plaster_White_n'
ExportProgress : (3407/6690) Exporting 'Curtains_House_MaskMap'
ExportProgress : (3408/6690) Exporting 'Curtains_House_Normal'
ExportProgress : (3409/6690) Exporting 'Paintings_interior_BaseColor'
ExportProgress : (3410/6690) Exporting 'MHXX_Head_Normal'
ExportProgress : (3411/6690) Exporting 'Evening Default'
ExportProgress : (3412/6690) Exporting 'AE_Conditioner_02_A'
ExportProgress : (3413/6690) Exporting 'BunnySuitCollar'
ExportProgress : (3414/6690) Exporting 'AE_Door_01_MaskMap'
ExportProgress : (3415/6690) Exporting 'armor_Arms_Metallic'
ExportProgress : (3416/6690) Exporting 'Iris_N'
ExportProgress : (3417/6690) Exporting 'White'
ExportProgress : (3418/6690) Exporting 'Blush'
ExportProgress : (3419/6690) Exporting 'Weapon_BaseColor'
ExportProgress : (3420/6690) Exporting 'Kitchen_TableChair_Normal'
ExportProgress : (3421/6690) Exporting 'AE_Concrete_N'
ExportProgress : (3422/6690) Exporting 'Glass_n'
ExportProgress : (3423/6690) Exporting 'T_AK900_MAT_VOLKODAV_2_AlbedoTransparency'
ExportProgress : (3424/6690) Exporting 'button_line1_polygon3_41'
ExportProgress : (3425/6690) Exporting 'Gradient V 2'
ExportProgress : (3426/6690) Exporting 'Gradient H'
ExportProgress : (3427/6690) Exporting 'Fireplace_BaseColor'
ExportProgress : (3428/6690) Exporting 'MHXX_Body_Normal'
ExportProgress : (3429/6690) Exporting 'Plants_InteriorHouse_BaseColor'
ExportProgress : (3430/6690) Exporting 'mat_revolver_s_Normal'
ExportProgress : (3431/6690) Exporting 'Gradient V'
ExportProgress : (3432/6690) Exporting 'Carpet_A_Normal'
ExportProgress : (3433/6690) Exporting 'AE_Window_N'
ExportProgress : (3434/6690) Exporting 'WorkDesk_MaskMap'
ExportProgress : (3435/6690) Exporting 'Paintings_interior_MaskMap'
ExportProgress : (3436/6690) Exporting 'Night Default'
ExportProgress : (3437/6690) Exporting 'Arrows'
ExportProgress : (3438/6690) Exporting 'Devices_BaseColor'
ExportProgress : (3439/6690) Exporting 'Smoke'
ExportProgress : (3440/6690) Exporting 'AE_Flower_Pot_N'
ExportProgress : (3441/6690) Exporting 'White 4'
ExportProgress : (3442/6690) Exporting 'Devices_MaskMap'
ExportProgress : (3443/6690) Exporting 'Moon Image'
ExportProgress : (3444/6690) Exporting 'T_LChineseWarrior_fiber_ambient'
ExportProgress : (3445/6690) Exporting 'MHXX_Hair_Normal'
ExportProgress : (3446/6690) Exporting 'In_WhitePlaster_BaseColor'
ExportProgress : (3447/6690) Exporting 'WhitePantyhose'
ExportProgress : (3448/6690) Exporting 'SparkParticle'
ExportProgress : (3449/6690) Exporting 'AE_Conditioner_02_MaskMap'
ExportProgress : (3450/6690) Exporting 'Mini_map 2'
ExportProgress : (3451/6690) Exporting 'T_Knife_B_mat_knife_AlbedoTransparency'
ExportProgress : (3452/6690) Exporting 'slash01'
ExportProgress : (3453/6690) Exporting 'Laptop_ch1_normal'
ExportProgress : (3454/6690) Exporting 'Chest_icon'
ExportProgress : (3455/6690) Exporting 'button_line2_polygon1_2 1'
ExportProgress : (3456/6690) Exporting 'TOD_SandSmooth_N'
ExportProgress : (3457/6690) Exporting 'Penis_N'
ExportProgress : (3458/6690) Exporting 'Gemini_Generated_Image_umxs3wumxs3wumxs 2'
ExportProgress : (3459/6690) Exporting 'BunnySuitPantyhose'
ExportProgress : (3460/6690) Exporting 'T_AK900_MAT_VOLKODAV_AlbedoTransparency'
ExportProgress : (3461/6690) Exporting 'AE_Door_02_A'
ExportProgress : (3462/6690) Exporting 'DustPuffSmallParticleSheet'
ExportProgress : (3463/6690) Exporting 'TOD_SnowSmooth_N'
ExportProgress : (3464/6690) Exporting 'Curtains_House_BaseColor'
ExportProgress : (3465/6690) Exporting 'Toilet_ExtraProps_Normal'
ExportProgress : (3466/6690) Exporting 'Dick'
ExportProgress : (3467/6690) Exporting 'White 5'
ExportProgress : (3468/6690) Exporting 'LivingRoom_Props_MaskMap'
ExportProgress : (3469/6690) Exporting 'ElfSwordmaster_Weapon_Metallic'
ExportProgress : (3470/6690) Exporting 'BunnySuit'
ExportProgress : (3471/6690) Exporting 'Fill'
ExportProgress : (3472/6690) Exporting 'Door_White_n'
ExportProgress : (3473/6690) Exporting 'DustMote'
ExportProgress : (3474/6690) Exporting 'Glass_d'
ExportProgress : (3475/6690) Exporting 'rife'
ExportProgress : (3476/6690) Exporting 'Paintings_House_MaskMap'
ExportProgress : (3477/6690) Exporting 'Clock'
ExportProgress : (3478/6690) Exporting 'TOD_SandSmooth_M'
ExportProgress : (3479/6690) Exporting 'Save'
ExportProgress : (3480/6690) Exporting 'Door_White_d'
ExportProgress : (3481/6690) Exporting 'Bedroom_Closets_MaskMap'
ExportProgress : (3482/6690) Exporting 'BodySun'
ExportProgress : (3483/6690) Exporting 'knife'
ExportProgress : (3484/6690) Exporting 'T_Knife_B_mat_knife_Normal'
ExportProgress : (3485/6690) Exporting 'Blood11'
ExportProgress : (3486/6690) Exporting 'AE_Conditioner_02_N'
ExportProgress : (3487/6690) Exporting 'BodyPart'
ExportProgress : (3488/6690) Exporting 'Close Background Customize 2'
ExportProgress : (3489/6690) Exporting 'Sclera_N'
ExportProgress : (3490/6690) Exporting 'AE_Pipes_MaskMap'
ExportProgress : (3491/6690) Exporting 'TOD_SnowSmooth_M'
ExportProgress : (3492/6690) Exporting 'MHXX_Body_BaseColor'
ExportProgress : (3493/6690) Exporting 'PillowLarge_BaseColor'
ExportProgress : (3494/6690) Exporting 'ElfSwordmaster_Weapon_Roughness'
ExportProgress : (3495/6690) Exporting 'Door_White_MaskMap'
ExportProgress : (3496/6690) Exporting 'Chat 1'
ExportProgress : (3497/6690) Exporting 'Iris02_BC 1'
ExportProgress : (3498/6690) Exporting 'BunnySuitInverse'
ExportProgress : (3499/6690) Exporting 'mat_russian_rifle_volkodav_MaskMap'
ExportProgress : (3500/6690) Exporting 'Aura16'
ExportProgress : (3501/6690) Exporting 'Sun'
ExportProgress : (3502/6690) Exporting 'Bar Progress in game Purple'
ExportProgress : (3503/6690) Exporting 'T_AK900_MAT_ATTACHMENTS_Normal'
ExportProgress : (3504/6690) Exporting 'Curseur'
ExportProgress : (3505/6690) Exporting 'Splash01'
ExportProgress : (3506/6690) Exporting 'In_Floor_WoodFine_n'
ExportProgress : (3507/6690) Exporting 'AE_Wall_Tile_01_N'
ExportProgress : (3508/6690) Exporting 'MedicineBottle'
ExportProgress : (3509/6690) Exporting 'Untitled'
ExportProgress : (3510/6690) Exporting 'Screenshot 2024-04-10 080835'
ExportProgress : (3511/6690) Exporting 'AE_Decals_01_A'
ExportProgress : (3512/6690) Exporting 'AE_Wall_Tile_03_A'
ExportProgress : (3513/6690) Exporting 'Button_long3'
ExportProgress : (3514/6690) Exporting 'LeatherChair_BaseColor'
ExportProgress : (3515/6690) Exporting 'Blood13'
ExportProgress : (3516/6690) Exporting 'LivingRoom_Props_BaseColor'
ExportProgress : (3517/6690) Exporting 'BraRoughness'
ExportProgress : (3518/6690) Exporting 'T_AK900_MAT_VOLKODAV_2_Normal'
ExportProgress : (3519/6690) Exporting 'Weapon_Normal'
ExportProgress : (3520/6690) Exporting 'armor_Body_Normal'
ExportProgress : (3521/6690) Exporting 'mat_revolver_s_2_AlbedoTransparency'
ExportProgress : (3522/6690) Exporting 'PantyN'
ExportProgress : (3523/6690) Exporting 'White'
ExportProgress : (3524/6690) Exporting 'BodyWrite'
ExportProgress : (3525/6690) Exporting 'Basement_Props_Normal'
ExportProgress : (3526/6690) Exporting 'armor_Body_Metallic'
ExportProgress : (3527/6690) Exporting 'In_Floorcarpet_d'
ExportProgress : (3528/6690) Exporting 'Mini_map 1'
ExportProgress : (3529/6690) Exporting 'AE_Wall_Tile_02_N'
ExportProgress : (3530/6690) Exporting 'MaskForShader'
ExportProgress : (3531/6690) Exporting 'Mid Day Default'
ExportProgress : (3532/6690) Exporting 'PillowLarge_Normal'
ExportProgress : (3533/6690) Exporting 'LivingRoom_Props_Normal'
ExportProgress : (3534/6690) Exporting 'Sun Image'
ExportProgress : (3535/6690) Exporting 'mat_revolver_s_AlbedoTransparency'
ExportProgress : (3536/6690) Exporting 'Sclera_BC'
ExportProgress : (3537/6690) Exporting 'Lamps_House_BaseColor'
ExportProgress : (3538/6690) Exporting 'mat_knife_MaskMap'
ExportProgress : (3539/6690) Exporting 'AE_Wall_Tile_01_A'
ExportProgress : (3540/6690) Exporting 'Blue'
ExportProgress : (3541/6690) Exporting 'MHXX_Hair_BaseColor'
ExportProgress : (3542/6690) Exporting 'Gradient V 1'
ExportProgress : (3543/6690) Exporting 'tran'
ExportProgress : (3544/6690) Exporting 'House_Exterior_Equip_MaskMap'
ExportProgress : (3545/6690) Exporting 'G_Crystal_button'
ExportProgress : (3546/6690) Exporting 'In_WhitePlaster_Normal'
ExportProgress : (3547/6690) Exporting 'House_Exterior_Equip_n'
ExportProgress : (3548/6690) Exporting 'armor_Legs_Roughness'
ExportProgress : (3549/6690) Exporting 'AE_Pipes_A'
ExportProgress : (3550/6690) Exporting 'White'
ExportProgress : (3551/6690) Exporting 'Bedroom_Closets_Normal'
ExportProgress : (3552/6690) Exporting 'Eyes'
ExportProgress : (3553/6690) Exporting 'Magic'
ExportProgress : (3554/6690) Exporting 'PantyTR'
ExportProgress : (3555/6690) Exporting 'Circle Fade Edges'
ExportProgress : (3556/6690) Exporting 'armor_Legs_Metallic'
ExportProgress : (3557/6690) Exporting 'Basement_Props_BaseColor'
ExportProgress : (3558/6690) Exporting 'armor_Body_Roughness'
ExportProgress : (3559/6690) Exporting 'armor_Legs_BaseColor'
ExportProgress : (3560/6690) Exporting 'abuy'
ExportProgress : (3561/6690) Exporting 'npc_hmn_uv0_csl_body_01m_01_01_n'
ExportProgress : (3562/6690) Exporting 'Sword'
ExportProgress : (3563/6690) Exporting 'Screenshot 2024-04-10 080721'
ExportProgress : (3564/6690) Exporting 'Toilet_ExtraProps_BaseColor'
ExportProgress : (3565/6690) Exporting 'TOD_RainMapRGBA'
ExportProgress : (3566/6690) Exporting 'Screenshot 2024-04-10 080759'
ExportProgress : (3567/6690) Exporting 'Books_MaskMap'
ExportProgress : (3568/6690) Exporting 'AE_Window_A'
ExportProgress : (3569/6690) Exporting 'npc_hmn_uv0_csl_body_01m_01_01_c'
ExportProgress : (3570/6690) Exporting 'npc_hmn_uv0_face_01m_01_01_n'
ExportProgress : (3571/6690) Exporting 'AmmoIcon'
ExportProgress : (3572/6690) Exporting 'Books_BaseColor'
ExportProgress : (3573/6690) Exporting 'Back 1'
ExportProgress : (3574/6690) Exporting 'G_Backgroud_wall'
ExportProgress : (3575/6690) Exporting 'Moba_top_bar_glass'
ExportProgress : (3576/6690) Exporting 'AE_Flower_Pot_MaskMap'
ExportProgress : (3577/6690) Exporting 'T_AK900_MAT_VOLKODAV_Normal'
ExportProgress : (3578/6690) Exporting '11'
ExportProgress : (3579/6690) Exporting 'DickMask'
ExportProgress : (3580/6690) Exporting 'RippleAlbedo'
ExportProgress : (3581/6690) Exporting 'ElfSwordmaster_Weapon_AO'
ExportProgress : (3582/6690) Exporting 'White'
ExportProgress : (3583/6690) Exporting 'AE_Wall_Tile_03_N'
ExportProgress : (3584/6690) Exporting 'T_Knife_B_mat_knife_Emission'
ExportProgress : (3585/6690) Exporting 'Options'
ExportProgress : (3586/6690) Exporting 'White'
ExportProgress : (3587/6690) Exporting 'armor_Body_BaseColor'
ExportProgress : (3588/6690) Exporting 'BraD'
ExportProgress : (3589/6690) Exporting 'armor_Coats_Damage'
ExportProgress : (3590/6690) Exporting 'Chat 2'
ExportProgress : (3591/6690) Exporting 'In_Roof_Plaster_White_d'
ExportProgress : (3592/6690) Exporting 'Toilet_ExtraProps_MaskMap'
ExportProgress : (3593/6690) Exporting 'Penis_A 1'
ExportProgress : (3594/6690) Exporting 'Rope_Body_Normal'
ExportProgress : (3595/6690) Exporting 'WorkDesk_Normal'
ExportProgress : (3596/6690) Exporting '22'
ExportProgress : (3597/6690) Exporting 'Wall_HouseWoodPlank_n'
ExportProgress : (3598/6690) Exporting 'AE_Door_01_N'
ExportProgress : (3599/6690) Exporting 'LeatherChair_MaskMap'
ExportProgress : (3600/6690) Exporting 'Burst'
ExportProgress : (3601/6690) Exporting 'ElfSwordmaster_Weapon_BaseColor'
ExportProgress : (3602/6690) Exporting 'Wall_HouseWoodPlank_d'
ExportProgress : (3603/6690) Exporting 'WorkDesk_BaseColor'
ExportProgress : (3604/6690) Exporting 'Plants_InteriorHouse_Normal'
ExportProgress : (3605/6690) Exporting 'Tick'
ExportProgress : (3606/6690) Exporting 'White_TakePhoto'
ExportProgress : (3607/6690) Exporting 'AE_Roller_Shutter_A'
ExportProgress : (3608/6690) Exporting 'Books_Normal'
ExportProgress : (3609/6690) Exporting 'armor_Coats_BaseColor'
ExportProgress : (3610/6690) Exporting 'Weapon_Roughness'
ExportProgress : (3611/6690) Exporting 'Kitchen_Props_Normal'
ExportProgress : (3612/6690) Exporting 'pistol'
ExportProgress : (3613/6690) Exporting 'Paintings_interior_Normal'
ExportProgress : (3614/6690) Exporting 'SmokePuff02'
ExportProgress : (3615/6690) Exporting 'Blindfold'
ExportProgress : (3616/6690) Exporting 'ElfSwordmaster_Weapon_Normal'
ExportProgress : (3617/6690) Exporting 'Lamps_House_Normal'
ExportProgress : (3618/6690) Exporting 'AE_Door_02_N'
ExportProgress : (3619/6690) Exporting 'PantyRoughness'
ExportProgress : (3620/6690) Exporting 'Level'
ExportProgress : (3621/6690) Exporting 'PantyhoseNet'
ExportProgress : (3622/6690) Exporting 'AE_Roller_Shutter_MaskMap'
ExportProgress : (3623/6690) Exporting 'AE_Concrete_A'
ExportProgress : (3624/6690) Exporting 'Blood2'
ExportProgress : (3625/6690) Exporting 'Glow'
ExportProgress : (3626/6690) Exporting 'RippleNormal'
ExportProgress : (3627/6690) Exporting 'Gradient H 1'
ExportProgress : (3628/6690) Exporting 'PillowSmall_MaskMap'
ExportProgress : (3629/6690) Exporting 'White'
ExportProgress : (3630/6690) Exporting 'In_Floorcarpet_n'
ExportProgress : (3631/6690) Exporting 'BlowDick_N'
ExportProgress : (3632/6690) Exporting 'PillowSmall_BaseColor'
ExportProgress : (3633/6690) Exporting 'Basement_Props_MaskMap'
ExportProgress : (3634/6690) Exporting 'AE_Glass_A'
ExportProgress : (3635/6690) Exporting 'LeatherChair_Normal'
ExportProgress : (3636/6690) Exporting 'BraTr'
ExportProgress : (3637/6690) Exporting 'merged_texture (4)'
ExportProgress : (3638/6690) Exporting '29'
ExportProgress : (3639/6690) Exporting 'Fireplace_MaskMap'
ExportProgress : (3640/6690) Exporting 'AE_Door_01_A'
ExportProgress : (3641/6690) Exporting 'Blood12'
ExportProgress : (3642/6690) Exporting 'Blood4'
ExportProgress : (3643/6690) Exporting 'UnderwearPantyhose'
ExportProgress : (3644/6690) Exporting 'Kitchen_Props_MaskMap'
ExportProgress : (3645/6690) Exporting 'AE_Windows_MaskMap'
ExportProgress : (3646/6690) Exporting 'AE_Flower_Trunk_MaskMap'
ExportProgress : (3647/6690) Exporting 'Laptop_ch1_silver'
ExportProgress : (3648/6690) Exporting 'Radial 1'
ExportProgress : (3649/6690) Exporting 'Wall_ConcreteWhite_Dirty_n'
ExportProgress : (3650/6690) Exporting 'Lamps_House_Emissive'
ExportProgress : (3651/6690) Exporting 'Kitchen_TableChair_MaskMap'
ExportProgress : (3652/6690) Exporting 'MCC_Body_Normal'
ExportProgress : (3653/6690) Exporting 'armor_Arms_Normal'
ExportProgress : (3654/6690) Exporting 'White'
ExportProgress : (3655/6690) Exporting 'mat_russian_rifle_2_MaskMap'
ExportProgress : (3656/6690) Exporting 'Rose 1'
ExportProgress : (3657/6690) Exporting 'SplatAlbedo'
ExportProgress : (3658/6690) Exporting 'Kitchen_TableChair_BaseColor'
ExportProgress : (3659/6690) Exporting 'AE_Flower_A'
ExportProgress : (3660/6690) Exporting 'Paintings_House_Normal'
ExportProgress : (3661/6690) Exporting '28'
ExportProgress : (3662/6690) Exporting 'In_Floor_WoodFine_d'
ExportProgress : (3663/6690) Exporting 'White 1'
ExportProgress : (3664/6690) Exporting 'mat_russian_rifle_attachments_MaskMap'
ExportProgress : (3665/6690) Exporting 'DustMote'
ExportProgress : (3666/6690) Exporting 'MHXX_Head_BaseColor'
ExportProgress : (3667/6690) Exporting 'GarageSet_Normal'
ExportProgress : (3668/6690) Exporting 'GarageSet_BaseColor'
ExportProgress : (3669/6690) Exporting 'armor_Arms_Roughness'
ExportProgress : (3670/6690) Exporting 'G_Line_red'
ExportProgress : (3671/6690) Exporting 'armor_Coats_Normal'
ExportProgress : (3672/6690) Exporting 'Gemini_Generated_Image_a9cfw3a9cfw3a9cf'
ExportProgress : (3673/6690) Exporting 'Flame'
ExportProgress : (3674/6690) Exporting 'BlowDickMask'
ExportProgress : (3675/6690) Exporting 'Outline'
ExportProgress : (3676/6690) Exporting 'button_polygon23_28'
ExportProgress : (3677/6690) Exporting 'GarageSet_MaskMap'
ExportProgress : (3678/6690) Exporting 'Untitled.001'
ExportProgress : (3679/6690) Exporting 'T_AK900_MAT_ATTACHMENTS_Emission'
ExportProgress : (3680/6690) Exporting 'House_Exterior_Equip_d'
ExportProgress : (3681/6690) Exporting 'White 2'
ExportProgress : (3682/6690) Exporting 'PillowLarge_MaskMap'
ExportProgress : (3683/6690) Exporting 'mat_revolver_s_2_Emission'
ExportProgress : (3684/6690) Exporting 'Carpet_A_BaseColor'
ExportProgress : (3685/6690) Exporting 'T_TWG_EYES_BASECOLOR_BROWN'
ExportProgress : (3686/6690) Exporting 'potion'
ExportProgress : (3687/6690) Exporting 'Devices_Normal'
ExportProgress : (3688/6690) Exporting 'Rune 3'
ExportProgress : (3689/6690) Exporting 'tran_1'
ExportProgress : (3690/6690) Exporting 'armor_Arms_BaseColor'
ExportProgress : (3691/6690) Exporting 'AE_Flower_N'
ExportProgress : (3692/6690) Exporting 'TOD_SandSmooth_D'
ExportProgress : (3693/6690) Exporting 'AE_Decals_01_N'
ExportProgress : (3694/6690) Exporting 'PillowSmall_Normal'
ExportProgress : (3695/6690) Exporting 'BraN'
ExportProgress : (3696/6690) Exporting 'button_line2_polygon2_32'
ExportProgress : (3697/6690) Exporting 'BodyDick_N'
ExportProgress : (3698/6690) Exporting 'logo-dlsite-r18'
ExportProgress : (3699/6690) Exporting 'AE_Flower_Pot_A'
ExportProgress : (3700/6690) Exporting 'White'
ExportProgress : (3701/6690) Exporting 'AE_Roller_Shutter_N'
ExportProgress : (3702/6690) Exporting 'Wall_ConcreteWhite_Dirty_d'
ExportProgress : (3703/6690) Exporting 'TearRed'
ExportProgress : (3704/6690) Exporting 'Yellow'
ExportProgress : (3705/6690) Exporting 'Morning Default'
ExportProgress : (3706/6690) Exporting 'AE_Pipes_N'
ExportProgress : (3707/6690) Exporting 'mat_revolver_s_2_MaskMap'
ExportProgress : (3708/6690) Exporting 'Kitchen_Props_BaseColor'
ExportProgress : (3709/6690) Exporting 'Close Background Customize 3'
ExportProgress : (3710/6690) Exporting 'Bedroom_Closets_BaseColor'
ExportProgress : (3711/6690) Exporting 'In_WhitePlaster_MaskMap'
ExportProgress : (3712/6690) Exporting 'PhoneBaseMap'
ExportProgress : (3713/6690) Exporting 'Ear'
ExportProgress : (3714/6690) Exporting 'Statue_1'
ExportProgress : (3715/6690) Exporting 'Sreen'
ExportProgress : (3716/6690) Exporting 'Paintings_House_BaseColor'
ExportProgress : (3717/6690) Exporting 'Bed_BaseColor'
ExportProgress : (3718/6690) Exporting 'button_line1_polygon1_1'
ExportProgress : (3719/6690) Exporting 'Splash01Normal'
ExportProgress : (3720/6690) Exporting 'MHXX_Body_Merged'
ExportProgress : (3721/6690) Exporting 'AE_Wall_Tile_02_A'
ExportProgress : (3722/6690) Exporting 'AE_Door_02_MaskMap'
ExportProgress : (3723/6690) Exporting 'G_Line_blue'
ExportProgress : (3724/6690) Exporting 'button_line2_polygon1_2'
ExportProgress : (3725/6690) Exporting 'AE_Decals_01_H'
ExportProgress : (3726/6690) Exporting 'AE_Glass_N'
ExportProgress : (3727/6690) Exporting 'BlowDick'
ExportProgress : (3728/6690) Exporting 'Bed_Normal'
ExportProgress : (3729/6690) Exporting 'Hp_ampul_Tracery_2 1'
ExportProgress : (3730/6690) Exporting 'Weapon_Metallic'
ExportProgress : (3731/6690) Exporting 'npc_hmn_uv0_face_01m_01_01_c'
ExportProgress : (3732/6690) Exporting 'Blood10'
ExportProgress : (3733/6690) Exporting 'PantyD'
ExportProgress : (3734/6690) Exporting 'SphereAlbedo'
ExportProgress : (3735/6690) Exporting 'Devices_Emissive'
ExportProgress : (3736/6690) Exporting 'Lamps_House_MaskMap'
ExportProgress : (3737/6690) Exporting 'Bed_MaskMap'
ExportProgress : (3738/6690) Exporting 'KP_cookiebox'
ExportProgress : (3739/6690) Exporting 'Tongue_Blowjob_mesh'
ExportProgress : (3740/6690) Exporting 'Lamp_stand'
ExportProgress : (3741/6690) Exporting 'Painting_stand_B'
ExportProgress : (3742/6690) Exporting 'KP_vase'
ExportProgress : (3743/6690) Exporting 'SKM_BarbarianWarrior_Hair'
ExportProgress : (3744/6690) Exporting 'Bookshelf_openable'
ExportProgress : (3745/6690) Exporting 'ElfPaladin_Armor_Chest1'
ExportProgress : (3746/6690) Exporting 'Penis_Blowjob_mesh'
ExportProgress : (3747/6690) Exporting 'Mask_Blowjob_mesh_inv'
ExportProgress : (3748/6690) Exporting 'Plant_interior_aglaonema'
ExportProgress : (3749/6690) Exporting 'Carpet_living_room'
ExportProgress : (3750/6690) Exporting 'Closet_door_down_R'
ExportProgress : (3751/6690) Exporting 'Cube'
ExportProgress : (3752/6690) Exporting 'Uterus_Cum'
ExportProgress : (3753/6690) Exporting 'Pillow_small'
ExportProgress : (3754/6690) Exporting 'Penis_LOD2'
ExportProgress : (3755/6690) Exporting 'Chair_leather'
ExportProgress : (3756/6690) Exporting 'Sidetable_large_drawer_A'
ExportProgress : (3757/6690) Exporting 'BraPanty_mesh'
ExportProgress : (3758/6690) Exporting 'Phone'
ExportProgress : (3759/6690) Exporting 'Pillow_large'
ExportProgress : (3760/6690) Exporting 'Curtains_B'
ExportProgress : (3761/6690) Exporting 'Hair_Pigtails_2_Mesh'
ExportProgress : (3762/6690) Exporting 'Workdesk_drawer_D'
ExportProgress : (3763/6690) Exporting 'Sidetable_dark_large'
ExportProgress : (3764/6690) Exporting 'LP_vase_B'
ExportProgress : (3765/6690) Exporting 'Closet_door_up_L'
ExportProgress : (3766/6690) Exporting 'Uterus_Inside'
ExportProgress : (3767/6690) Exporting 'Lamp_chandelier'
ExportProgress : (3768/6690) Exporting 'Hair_Pigtails_Front_Mesh'
ExportProgress : (3769/6690) Exporting 'Closet_door_R'
ExportProgress : (3770/6690) Exporting 'Uterus_outside'
ExportProgress : (3771/6690) Exporting 'LP_vase_A'
ExportProgress : (3772/6690) Exporting 'Workdesk_up_door_R'
ExportProgress : (3773/6690) Exporting 'ElfPaladin_Armor_Coats1'
ExportProgress : (3774/6690) Exporting 'Book_set_bookshelf_B'
ExportProgress : (3775/6690) Exporting 'Workdesk_drawer_B'
ExportProgress : (3776/6690) Exporting 'Hair_Short_mesh'
ExportProgress : (3777/6690) Exporting 'Pantyhose_Mesh'
ExportProgress : (3778/6690) Exporting 'LP_magazine'
ExportProgress : (3779/6690) Exporting 'display'
ExportProgress : (3780/6690) Exporting 'base'
ExportProgress : (3781/6690) Exporting 'Workdesk_door'
ExportProgress : (3782/6690) Exporting 'Clothcloset_C'
ExportProgress : (3783/6690) Exporting 'Workdesk'
ExportProgress : (3784/6690) Exporting 'Sidetable_large_door_L'
ExportProgress : (3785/6690) Exporting 'ElfPaladin_Armor_Suit1'
ExportProgress : (3786/6690) Exporting 'hinge'
ExportProgress : (3787/6690) Exporting 'EyeShell'
ExportProgress : (3788/6690) Exporting 'Penis_LOD0'
ExportProgress : (3789/6690) Exporting 'Closet_door_down_L'
ExportProgress : (3790/6690) Exporting 'Mask_Blowjob_mesh'
ExportProgress : (3791/6690) Exporting 'Workdesk_pens'
ExportProgress : (3792/6690) Exporting '00_unnamed'
ExportProgress : (3793/6690) Exporting '00_unnamed'
ExportProgress : (3794/6690) Exporting 'Knife'
ExportProgress : (3795/6690) Exporting 'SideTable_Large_COL'
ExportProgress : (3796/6690) Exporting 'Book_A'
ExportProgress : (3797/6690) Exporting 'Bed_COL'
ExportProgress : (3798/6690) Exporting 'AE_Satellite_Dish_LOD0'
ExportProgress : (3799/6690) Exporting 'Door_Inside'
ExportProgress : (3800/6690) Exporting 'Volkodav.002'
ExportProgress : (3801/6690) Exporting 'ClothCloset_COL'
ExportProgress : (3802/6690) Exporting 'Drawer_COL'
ExportProgress : (3803/6690) Exporting 'AE_Flower_Pot_08_LOD0'
ExportProgress : (3804/6690) Exporting 'WorkDesk_COL'
ExportProgress : (3805/6690) Exporting 'In_WallDown_3x_COL'
ExportProgress : (3806/6690) Exporting 'FP_BookShelf_Openable_COL'
ExportProgress : (3807/6690) Exporting 'AE_House_10_LOD0'
ExportProgress : (3808/6690) Exporting 'MidIn_Wall_1x'
ExportProgress : (3809/6690) Exporting 'PillowSmall_COL'
ExportProgress : (3810/6690) Exporting 'WallDown_Window_Double_3x'
ExportProgress : (3811/6690) Exporting 'AE_House_07_LOD0'
ExportProgress : (3812/6690) Exporting 'PillowLarge_COL'
ExportProgress : (3813/6690) Exporting 'Closet_Small_COL'
ExportProgress : (3814/6690) Exporting 'WallDown_Window_Double_B_3x'
ExportProgress : (3815/6690) Exporting 'MidIn_Wall_3x'
ExportProgress : (3816/6690) Exporting 'Bullet.003'
ExportProgress : (3817/6690) Exporting 'In_3x5_Floor'
ExportProgress : (3818/6690) Exporting 'AE_Satellite_Dish_LOD1'
ExportProgress : (3819/6690) Exporting 'Volkodav.001'
ExportProgress : (3820/6690) Exporting 'AE_Flower_Pot_08_LOD1'
ExportProgress : (3821/6690) Exporting 'WorkDesk_Upper_COL'
ExportProgress : (3822/6690) Exporting 'AE_House_10_LOD1'
ExportProgress : (3823/6690) Exporting 'Door_D'
ExportProgress : (3824/6690) Exporting 'Drawer_A'
ExportProgress : (3825/6690) Exporting 'AE_Conditioner_03_LOD0'
ExportProgress : (3826/6690) Exporting 'AE_House_07_LOD1'
ExportProgress : (3827/6690) Exporting 'DropSplash'
ExportProgress : (3828/6690) Exporting 'Bullet.002'
ExportProgress : (3829/6690) Exporting 'Drawer_SideTable_B_COL'
ExportProgress : (3830/6690) Exporting 'Cable.002'
ExportProgress : (3831/6690) Exporting 'Door_C'
ExportProgress : (3832/6690) Exporting 'Drawer_D'
ExportProgress : (3833/6690) Exporting 'AE_Conditioner_03_LOD1'
ExportProgress : (3834/6690) Exporting 'Bullet.004'
ExportProgress : (3835/6690) Exporting 'Cheekpad'
ExportProgress : (3836/6690) Exporting 'Door_B'
ExportProgress : (3837/6690) Exporting 'Drawer_C'
ExportProgress : (3838/6690) Exporting 'AE_Conditioner_03_LOD2'
ExportProgress : (3839/6690) Exporting 'Bullet.001'
ExportProgress : (3840/6690) Exporting 'Cable.003'
ExportProgress : (3841/6690) Exporting 'AE_House_09_LOD0'
ExportProgress : (3842/6690) Exporting 'Door_A'
ExportProgress : (3843/6690) Exporting 'Drawer_B'
ExportProgress : (3844/6690) Exporting 'Bullet'
ExportProgress : (3845/6690) Exporting 'Flashlight'
ExportProgress : (3846/6690) Exporting 'AE_House_09_LOD1'
ExportProgress : (3847/6690) Exporting 'ReflexSight'
ExportProgress : (3848/6690) Exporting 'Cable'
ExportProgress : (3849/6690) Exporting 'Trigger'
ExportProgress : (3850/6690) Exporting 'Cable.001'
ExportProgress : (3851/6690) Exporting 'Revolver'
ExportProgress : (3852/6690) Exporting 'Scope'
ExportProgress : (3853/6690) Exporting 'Cylinder'
ExportProgress : (3854/6690) Exporting 'Lasersight'
ExportProgress : (3855/6690) Exporting 'Trigger.001'
ExportProgress : (3856/6690) Exporting 'PowerBank'
ExportProgress : (3857/6690) Exporting 'Volkodav'
ExportProgress : (3858/6690) Exporting 'Plane.001'
ExportProgress : (3859/6690) Exporting 'Trigger'
ExportProgress : (3860/6690) Exporting 'Sight'
ExportProgress : (3861/6690) Exporting 'Hair_Short_front_mesh'
ExportProgress : (3862/6690) Exporting 'Workdesk_up'
ExportProgress : (3863/6690) Exporting 'Basement_box'
ExportProgress : (3864/6690) Exporting 'Mask_Blowjob_mesh_cum'
ExportProgress : (3865/6690) Exporting 'Lamp_table_A'
ExportProgress : (3866/6690) Exporting 'To_basket'
ExportProgress : (3867/6690) Exporting 'Painting_large_C'
ExportProgress : (3868/6690) Exporting 'Workdesk_up_door_L'
ExportProgress : (3869/6690) Exporting 'PantyhoseShort_Mesh'
ExportProgress : (3870/6690) Exporting 'npc_hmn_01m_lod0'
ExportProgress : (3871/6690) Exporting 'Penis_Blowjob_mesh.002'
ExportProgress : (3872/6690) Exporting 'ElfPaladin_Shield1'
ExportProgress : (3873/6690) Exporting 'Cylinder'
ExportProgress : (3874/6690) Exporting 'D_alarmclock'
ExportProgress : (3875/6690) Exporting 'Body'
ExportProgress : (3876/6690) Exporting 'ElfPaladin_Armor_Legs1'
ExportProgress : (3877/6690) Exporting 'Lamp_bedroom'
ExportProgress : (3878/6690) Exporting 'ElfPaladin_Armor_Arms1'
ExportProgress : (3879/6690) Exporting 'HairMask'
ExportProgress : (3880/6690) Exporting 'Sidetable_large_door_R'
ExportProgress : (3881/6690) Exporting 'Plant_interior_yucca'
ExportProgress : (3882/6690) Exporting 'Closet_small'
ExportProgress : (3883/6690) Exporting 'Workdesk_drawer_C'
ExportProgress : (3884/6690) Exporting 'Sidetable_large'
ExportProgress : (3885/6690) Exporting 'Bed_queen'
ExportProgress : (3886/6690) Exporting 'Hair_mesh'
ExportProgress : (3887/6690) Exporting 'Closet_door_up_R'
ExportProgress : (3888/6690) Exporting 'BraPanty_Top_mesh'
ExportProgress : (3889/6690) Exporting 'ElfSwordmaster_Weapon1.002'
ExportProgress : (3890/6690) Exporting 'ElfPaladin_Armor_Arms1.001'
ExportProgress : (3891/6690) Exporting 'Painting_standphoto_C'
ExportProgress : (3892/6690) Exporting 'ElfPaladin_Armor_Chest1.001'
ExportProgress : (3893/6690) Exporting 'Hair_front_mesh'
ExportProgress : (3894/6690) Exporting 'Ribbon'
ExportProgress : (3895/6690) Exporting 'Penis_LOD1'
ExportProgress : (3896/6690) Exporting 'SelfieStick'
ExportProgress : (3897/6690) Exporting 'FP_vase_B'
ExportProgress : (3898/6690) Exporting 'Workdesk_drawer_A'
ExportProgress : (3899/6690) Exporting 'KP_casserole'
ExportProgress : (3900/6690) Exporting 'Painting_E'
ExportProgress : (3901/6690) Exporting 'ElfSwordmaster_Weapon1'
ExportProgress : (3902/6690) Exporting 'Sidetable_large_drawer_B'
ExportProgress : (3903/6690) Exporting 'key'
ExportProgress : (3904/6690) Exporting 'Tear'
ExportProgress : (3905/6690) Exporting 'Garage_metalbox'
ExportProgress : (3906/6690) Exporting 'KP_coffee_mug'
ExportProgress : (3907/6690) Exporting 'HDRP/SG_Eye'
ExportProgress : (3908/6690) Exporting 'refract'
ExportProgress : (3909/6690) Exporting 'Shader Graphs/HDRP_Add_CG'
ExportProgress : (3910/6690) Exporting 'Shader Graphs/Distortion'
ExportProgress : (3911/6690) Exporting 'Shader Graphs/Eye'
ExportProgress : (3912/6690) Exporting 'Shader Graphs/UIBlur'
ExportProgress : (3913/6690) Exporting 'Shader Graphs/Screen'
ExportProgress : (3914/6690) Exporting 'Shader Graphs/Lit_Separated'
ExportProgress : (3915/6690) Exporting 'Shader Graphs/InsertionCum'
ExportProgress : (3916/6690) Exporting 'Shader Graphs/InsertionMask'
ExportProgress : (3917/6690) Exporting 'Shader Graphs/HDRP_Blend_CG'
ExportProgress : (3918/6690) Exporting 'Shader Graphs/Player'
ExportProgress : (3919/6690) Exporting 'Shader Graphs/ClothLeather'
ExportProgress : (3920/6690) Exporting 'Shader Graphs/DepthPeeling_Hair'
ExportProgress : (3921/6690) Exporting 'Shader Graphs/Pantyhose'
ExportProgress : (3922/6690) Exporting 'sweat'
ExportProgress : (3923/6690) Exporting 'Shader Graphs/InsertionObj'
ExportProgress : (3924/6690) Exporting 'Shader Graphs/NotMosaic'
ExportProgress : (3925/6690) Exporting 'Shader Graphs/EXParticle'
ExportProgress : (3926/6690) Exporting 'HDRP/Decal'
ExportProgress : (3927/6690) Exporting 'Hidden/MaskedBlit'
ExportProgress : (3928/6690) Exporting 'Hidden/VFX/Death/Particles/Output Particle Quad'
ExportProgress : (3929/6690) Exporting 'Renderers/DepthPeeling'
ExportProgress : (3930/6690) Exporting 'Effects/BloodNoSmooth'
ExportProgress : (3931/6690) Exporting 'Renderers/OutlineDepth'
ExportProgress : (3932/6690) Exporting 'Renderers/BodyPart'
ExportProgress : (3933/6690) Exporting 'Effects/Blood'
ExportProgress : (3934/6690) Exporting 'Hidden/VFX/Steam/Particles/Output Particle Quad'
ExportProgress : (3935/6690) Exporting 'Sucrase'
ExportProgress : (3936/6690) Exporting 'HueDetector'
ExportProgress : (3937/6690) Exporting '[Death] [Particles] Initialize Particle'
ExportProgress : (3938/6690) Exporting '[Steam] [Particles] Initialize Particle'
ExportProgress : (3939/6690) Exporting '[Death] [Particles] Update Particle'
ExportProgress : (3940/6690) Exporting '[Steam] [Particles] Update Particle'
ExportProgress : (3941/6690) Exporting '[Death] [Particles] OutputUpdate'
ExportProgress : (3942/6690) Exporting 'stun'
ExportProgress : (3943/6690) Exporting 'straight_sword_oh_charged_attack_02_charge'
ExportProgress : (3944/6690) Exporting 'Armature|Pillory'
ExportProgress : (3945/6690) Exporting 'down_02'
ExportProgress : (3946/6690) Exporting 'mixamo.com'
ExportProgress : (3947/6690) Exporting 'WalkDogFemale'
ExportProgress : (3948/6690) Exporting 'Idle'
ExportProgress : (3949/6690) Exporting 'CrouchLoop_new'
ExportProgress : (3950/6690) Exporting 'Crouch_WalkFwd_new'
ExportProgress : (3951/6690) Exporting 'Bamboo '
ExportProgress : (3952/6690) Exporting 'Bamboo_shake'
ExportProgress : (3953/6690) Exporting 'Bamboo_squirt'
ExportProgress : (3954/6690) Exporting 'Bamboo_whip'
ExportProgress : (3955/6690) Exporting 'Crawl'
ExportProgress : (3956/6690) Exporting 'CrawlCircle'
ExportProgress : (3957/6690) Exporting 'Masturbate_1'
ExportProgress : (3958/6690) Exporting 'Masturbate_bed'
ExportProgress : (3959/6690) Exporting 'Masturbate_bed_l'
ExportProgress : (3960/6690) Exporting 'Punishment_1'
ExportProgress : (3961/6690) Exporting 'Punishment_1_m'
ExportProgress : (3962/6690) Exporting 'Punishment_2_m'
ExportProgress : (3963/6690) Exporting 'Punishment_3_m'
ExportProgress : (3964/6690) Exporting 'RopeHang'
ExportProgress : (3965/6690) Exporting 'SelfieStick'
ExportProgress : (3966/6690) Exporting 'Shy'
ExportProgress : (3967/6690) Exporting 'SitInClass'
ExportProgress : (3968/6690) Exporting 'SitOnSubWay'
ExportProgress : (3969/6690) Exporting 'SitOnSubWay_Open'
ExportProgress : (3970/6690) Exporting 'SitPark'
ExportProgress : (3971/6690) Exporting 'Squat_Dog'
ExportProgress : (3972/6690) Exporting 'Squat_Down'
ExportProgress : (3973/6690) Exporting 'Squat_Petpaly'
ExportProgress : (3974/6690) Exporting 'WhipAss'
ExportProgress : (3975/6690) Exporting 'crawl_Idle'
ExportProgress : (3976/6690) Exporting 'Armature_Crawl'
ExportProgress : (3977/6690) Exporting 'Armature_CrawlFwd'
ExportProgress : (3978/6690) Exporting 'Armature_CrawlTurn'
ExportProgress : (3979/6690) Exporting 'Benki'
ExportProgress : (3980/6690) Exporting 'Benki_Sex'
ExportProgress : (3981/6690) Exporting 'Binder'
ExportProgress : (3982/6690) Exporting 'BitchIdle'
ExportProgress : (3983/6690) Exporting 'BitchTurn'
ExportProgress : (3984/6690) Exporting 'BitchWalk'
ExportProgress : (3985/6690) Exporting 'Blow_Gobin_girl'
ExportProgress : (3986/6690) Exporting 'Blowjob'
ExportProgress : (3987/6690) Exporting 'Blowjob_Girl'
ExportProgress : (3988/6690) Exporting 'Boss_Catch'
ExportProgress : (3989/6690) Exporting 'Catched'
ExportProgress : (3990/6690) Exporting 'CatchedFront'
ExportProgress : (3991/6690) Exporting 'DogCatch'
ExportProgress : (3992/6690) Exporting 'DogTraining_1_male'
ExportProgress : (3993/6690) Exporting 'Dogeza_1'
ExportProgress : (3994/6690) Exporting 'Doggy'
ExportProgress : (3995/6690) Exporting 'Doggy_dog'
ExportProgress : (3996/6690) Exporting 'Chair'
ExportProgress : (3997/6690) Exporting 'Drink'
ExportProgress : (3998/6690) Exporting 'Expose'
ExportProgress : (3999/6690) Exporting 'FromBack'
ExportProgress : (4000/6690) Exporting 'FromBackBreast'
ExportProgress : (4001/6690) Exporting 'Grasp'
ExportProgress : (4002/6690) Exporting 'Idel_0'
ExportProgress : (4003/6690) Exporting 'KnifeAim'
ExportProgress : (4004/6690) Exporting 'KnifeAim_push'
ExportProgress : (4005/6690) Exporting 'LaptopDown'
ExportProgress : (4006/6690) Exporting 'LiftDown'
ExportProgress : (4007/6690) Exporting 'LiftUpCloth'
ExportProgress : (4008/6690) Exporting 'LiftUpSex'
ExportProgress : (4009/6690) Exporting 'Lying'
ExportProgress : (4010/6690) Exporting 'Missionary'
ExportProgress : (4011/6690) Exporting 'OnFours'
ExportProgress : (4012/6690) Exporting 'Pillory'
ExportProgress : (4013/6690) Exporting 'Pillory_sex'
ExportProgress : (4014/6690) Exporting 'PistolAim'
ExportProgress : (4015/6690) Exporting 'PistolAim_push'
ExportProgress : (4016/6690) Exporting 'PistolIdle'
ExportProgress : (4017/6690) Exporting 'RifleAim'
ExportProgress : (4018/6690) Exporting 'RifleAim_push'
ExportProgress : (4019/6690) Exporting 'RifleIdle'
ExportProgress : (4020/6690) Exporting 'Seiza'
ExportProgress : (4021/6690) Exporting 'Shame'
ExportProgress : (4022/6690) Exporting 'Shield_Idel'
ExportProgress : (4023/6690) Exporting 'Shield_hitted'
ExportProgress : (4024/6690) Exporting 'Shield_push'
ExportProgress : (4025/6690) Exporting 'SleepDown'
ExportProgress : (4026/6690) Exporting 'Sleeping'
ExportProgress : (4027/6690) Exporting 'Squat'
ExportProgress : (4028/6690) Exporting 'Sword_Idel'
ExportProgress : (4029/6690) Exporting 'Sword_Magic'
ExportProgress : (4030/6690) Exporting 'TakePhoto_Y'
ExportProgress : (4031/6690) Exporting 'TakePhoto_self'
ExportProgress : (4032/6690) Exporting 'Troll_Sex'
ExportProgress : (4033/6690) Exporting 'TryCloth'
ExportProgress : (4034/6690) Exporting 'TryCloth_2'
ExportProgress : (4035/6690) Exporting 'Worm_Catch'
ExportProgress : (4036/6690) Exporting 'straight_sword_oh_charged_attack_01_charge'
ExportProgress : (4037/6690) Exporting 'straight_sword_oh_charged_attack_01_release'
ExportProgress : (4038/6690) Exporting 'straight_sword_oh_light_attack_01'
ExportProgress : (4039/6690) Exporting 'straight_sword_oh_light_attack_02'
ExportProgress : (4040/6690) Exporting 'RifleAim'
ExportProgress : (4041/6690) Exporting 'mixamo.com'
ExportProgress : (4042/6690) Exporting 'CrawlFwd'
ExportProgress : (4043/6690) Exporting 'Rifle_WalkFwdLoop'
ExportProgress : (4044/6690) Exporting 'WalkFwd'
ExportProgress : (4045/6690) Exporting 'WalkBwd'
ExportProgress : (4046/6690) Exporting 'WalkRight'
ExportProgress : (4047/6690) Exporting 'Fists_Hit_Left'
ExportProgress : (4048/6690) Exporting 'Rifle_WalkBwdLoop'
ExportProgress : (4049/6690) Exporting 'WalkLeft135'
ExportProgress : (4050/6690) Exporting 'WalkRight45'
ExportProgress : (4051/6690) Exporting 'Rifle_StrafeRightLoop'
ExportProgress : (4052/6690) Exporting 'WalkFwdArchRight180'
ExportProgress : (4053/6690) Exporting 'WalkFwdArchLeft180'
ExportProgress : (4054/6690) Exporting 'Death_1'
ExportProgress : (4055/6690) Exporting 'Rifle_StrafeLeftLoop'
ExportProgress : (4056/6690) Exporting 'RotateLeft180'
ExportProgress : (4057/6690) Exporting 'RotateRight180'
ExportProgress : (4058/6690) Exporting 'Rifle_StrafeLeft45Loop'
ExportProgress : (4059/6690) Exporting 'Rifle_StrafeRight135Loop'
ExportProgress : (4060/6690) Exporting 'GetUp_Face'
ExportProgress : (4061/6690) Exporting 'Rifle_Reload_2'
ExportProgress : (4062/6690) Exporting 'CrouchLoop'
ExportProgress : (4063/6690) Exporting 'Crouch_WalkRt'
ExportProgress : (4064/6690) Exporting 'Crouch_WalkLt'
ExportProgress : (4065/6690) Exporting 'Rifle_TurnR_90Loop'
ExportProgress : (4066/6690) Exporting 'WalkLeft44'
ExportProgress : (4067/6690) Exporting 'Rifle_TurnL_90Loop'
ExportProgress : (4068/6690) Exporting 'WalkLeft_89'
ExportProgress : (4069/6690) Exporting 'Crouch_WalkBwd'
ExportProgress : (4070/6690) Exporting 'WalkRight136'
ExportProgress : (4071/6690) Exporting 'RunFwd'
ExportProgress : (4072/6690) Exporting 'RunBwd'
ExportProgress : (4073/6690) Exporting 'RunRight'
ExportProgress : (4074/6690) Exporting 'Crouch_WalkRt135'
ExportProgress : (4075/6690) Exporting 'RunLeft'
ExportProgress : (4076/6690) Exporting 'Crouch_WalkLt45'
ExportProgress : (4077/6690) Exporting 'RunRt45'
ExportProgress : (4078/6690) Exporting 'RunLt45'
ExportProgress : (4079/6690) Exporting 'RunLt135'
ExportProgress : (4080/6690) Exporting 'RunRt135'
ExportProgress : (4081/6690) Exporting 'RunArchLoop_R'
ExportProgress : (4082/6690) Exporting 'SprintFwdLoop'
ExportProgress : (4083/6690) Exporting 'RunArchLoop_L'
ExportProgress : (4084/6690) Exporting 'straight_sword_oh_back_step_02'
ExportProgress : (4085/6690) Exporting 'straight_sword_oh_hit_B_01'
ExportProgress : (4086/6690) Exporting 'rise_01'
ExportProgress : (4087/6690) Exporting 'straight_sword_oh_charged_attack_02_release'
ExportProgress : (4088/6690) Exporting 'ムスカリの花'
ExportProgress : (4089/6690) Exporting 'Ambient Wind Sound FX'
ExportProgress : (4090/6690) Exporting 'bare-feet-4'
ExportProgress : (4091/6690) Exporting 'Ambient Audio Day Sound FX'
ExportProgress : (4092/6690) Exporting 'On the Ground'
ExportProgress : (4093/6690) Exporting 'Hitted_7'
ExportProgress : (4094/6690) Exporting 'Thunder Rumble and Crack Sound FX'
ExportProgress : (4095/6690) Exporting 'bare-feet-1'
ExportProgress : (4096/6690) Exporting '荊の庭'
ExportProgress : (4097/6690) Exporting 'walther-p38-firing-sound-effect-11651'
ExportProgress : (4098/6690) Exporting 'Hitted_5'
ExportProgress : (4099/6690) Exporting 'Distant Thunder Rumble 01 Sound FX'
ExportProgress : (4100/6690) Exporting 'The Bandit'
ExportProgress : (4101/6690) Exporting 'bare-feet-2'
ExportProgress : (4102/6690) Exporting '湖水を見つめて'
ExportProgress : (4103/6690) Exporting 'BulletImpact_Metal 01'
ExportProgress : (4104/6690) Exporting '呪いの継承'
ExportProgress : (4105/6690) Exporting '堕ちる'
ExportProgress : (4106/6690) Exporting 'クリスタルコア'
ExportProgress : (4107/6690) Exporting 'WalkInWater'
ExportProgress : (4108/6690) Exporting 'Cool Vibes'
ExportProgress : (4109/6690) Exporting 'knife hit 4'
ExportProgress : (4110/6690) Exporting 'Hitted_4'
ExportProgress : (4111/6690) Exporting 'Hitted_0'
ExportProgress : (4112/6690) Exporting 'recordx_media-midnight-sound-effect-199863'
ExportProgress : (4113/6690) Exporting 'steps-parquet-and-concrete-88022 (2)'
ExportProgress : (4114/6690) Exporting '追憶'
ExportProgress : (4115/6690) Exporting '10℃'
ExportProgress : (4116/6690) Exporting 'マーブルコーヒー'
ExportProgress : (4117/6690) Exporting 'あの日も雨'
ExportProgress : (4118/6690) Exporting 'Fast Talkin'
ExportProgress : (4119/6690) Exporting 'soul_serenity_sounds-ambient-noise-236388'
ExportProgress : (4120/6690) Exporting 'steps-parquet-and-concrete-88022'
ExportProgress : (4121/6690) Exporting 'katana'
ExportProgress : (4122/6690) Exporting 'CovertAffair'
ExportProgress : (4123/6690) Exporting 'steps-parquet-and-concrete-88022 (1)'
ExportProgress : (4124/6690) Exporting 'Long Thunder Rumble 01 Sound FX'
ExportProgress : (4125/6690) Exporting '2_23_AM'
ExportProgress : (4126/6690) Exporting 'Thunder Crack to Fade Sound FX'
ExportProgress : (4127/6690) Exporting 'whoosh-6316'
ExportProgress : (4128/6690) Exporting 'Hitman'
ExportProgress : (4129/6690) Exporting '不穏'
ExportProgress : (4130/6690) Exporting '道中を往く'
ExportProgress : (4131/6690) Exporting 'ひらひらり'
ExportProgress : (4132/6690) Exporting 'Deadly Roulette'
ExportProgress : (4133/6690) Exporting 'Investigations'
ExportProgress : (4134/6690) Exporting 'heartbeat-02-225103'
ExportProgress : (4135/6690) Exporting 'Cipher2'
ExportProgress : (4136/6690) Exporting 'hit-swing-sword-small-2-95566'
ExportProgress : (4137/6690) Exporting 'Thunder Crack and Rumble Sound FX'
ExportProgress : (4138/6690) Exporting 'ShootDefault'
ExportProgress : (4139/6690) Exporting 'Light Rumble Sudden Crack 01 Sound FX'
ExportProgress : (4140/6690) Exporting 'dark_atmosphere'
ExportProgress : (4141/6690) Exporting '休み時間'
ExportProgress : (4142/6690) Exporting 'Hitted_1'
ExportProgress : (4143/6690) Exporting 'パステルハウス'
ExportProgress : (4144/6690) Exporting 'I Knew a Guy'
ExportProgress : (4145/6690) Exporting '闇夜にたゆたう海'
ExportProgress : (4146/6690) Exporting 'Mad_Trick_(Prod._Khaim)'
ExportProgress : (4147/6690) Exporting 'Rain Storm Sound FX'
ExportProgress : (4148/6690) Exporting 'Ambient Audio Evening Sound FX'
ExportProgress : (4149/6690) Exporting 'swoosh-transition-with-metal-overtones-142375'
ExportProgress : (4150/6690) Exporting 'bare-feet-3'
ExportProgress : (4151/6690) Exporting 'Winter Blizzard Sound FX'
ExportProgress : (4152/6690) Exporting 'sad-piano-two-181091'
ExportProgress : (4153/6690) Exporting 'Hitted_2'
ExportProgress : (4154/6690) Exporting 'Hitted_3'
ExportProgress : (4155/6690) Exporting '昼下がり気分'
ExportProgress : (4156/6690) Exporting 'AR2_Shoot 01'
ExportProgress : (4157/6690) Exporting 'walk_floor_shoes1'
ExportProgress : (4158/6690) Exporting 'camera-shutter-36931'
ExportProgress : (4159/6690) Exporting 'Thunder Rumble Sound FX'
ExportProgress : (4160/6690) Exporting 'PlayerHead'
ExportProgress : (4161/6690) Exporting 'DefaultHDRISky'
ExportProgress : (4162/6690) Exporting 'ReflectionProbe-Global'
ExportProgress : (4163/6690) Exporting 'ReflectionProbe-1'
ExportProgress : (4164/6690) Exporting 'WEPM_KnifeAvatar'
ExportProgress : (4165/6690) Exporting 'MCAvatar'
ExportProgress : (4166/6690) Exporting 'npc_hmn_01mAvatar'
ExportProgress : (4167/6690) Exporting 'MainMenuPlayer'
ExportProgress : (4168/6690) Exporting 'Player'
ExportProgress : (4169/6690) Exporting 'PunishmentBoss'
ExportProgress : (4170/6690) Exporting 'Chair'
ExportProgress : (4171/6690) Exporting 'Ear_4'
ExportProgress : (4172/6690) Exporting 'Eyes_2'
ExportProgress : (4173/6690) Exporting 'Icons_1_0'
ExportProgress : (4174/6690) Exporting 'Eyes_0'
ExportProgress : (4175/6690) Exporting 'Ear_2'
ExportProgress : (4176/6690) Exporting 'Ear_0'
ExportProgress : (4177/6690) Exporting 'Eyes_1'
ExportProgress : (4178/6690) Exporting '212221_0'
ExportProgress : (4179/6690) Exporting 'Ear_1'
ExportProgress : (4180/6690) Exporting 'Gemini_Generated_Image_umxs3wumxs3wumxs 4'
ExportProgress : (4181/6690) Exporting 'scrollbar_lil'
ExportProgress : (4182/6690) Exporting 'Chat'
ExportProgress : (4183/6690) Exporting 'G_Icon_button_02'
ExportProgress : (4184/6690) Exporting 'BunnySuitCollar'
ExportProgress : (4185/6690) Exporting 'White'
ExportProgress : (4186/6690) Exporting 'button_line1_polygon3_41'
ExportProgress : (4187/6690) Exporting 'Gradient V 2'
ExportProgress : (4188/6690) Exporting 'Gradient H'
ExportProgress : (4189/6690) Exporting 'Gradient V'
ExportProgress : (4190/6690) Exporting 'Arrows'
ExportProgress : (4191/6690) Exporting 'White 4'
ExportProgress : (4192/6690) Exporting 'WhitePantyhose'
ExportProgress : (4193/6690) Exporting 'Mini_map 2'
ExportProgress : (4194/6690) Exporting 'Chest_icon'
ExportProgress : (4195/6690) Exporting 'button_line2_polygon1_2 1'
ExportProgress : (4196/6690) Exporting 'Gemini_Generated_Image_umxs3wumxs3wumxs 2'
ExportProgress : (4197/6690) Exporting 'BunnySuitPantyhose'
ExportProgress : (4198/6690) Exporting 'White 5'
ExportProgress : (4199/6690) Exporting 'BunnySuit'
ExportProgress : (4200/6690) Exporting 'Fill'
ExportProgress : (4201/6690) Exporting 'DustMote'
ExportProgress : (4202/6690) Exporting 'rife'
ExportProgress : (4203/6690) Exporting 'Clock'
ExportProgress : (4204/6690) Exporting 'Save'
ExportProgress : (4205/6690) Exporting 'knife'
ExportProgress : (4206/6690) Exporting 'Close Background Customize 2'
ExportProgress : (4207/6690) Exporting 'Chat 1'
ExportProgress : (4208/6690) Exporting 'BunnySuitInverse'
ExportProgress : (4209/6690) Exporting 'Sun'
ExportProgress : (4210/6690) Exporting 'Bar Progress in game Purple'
ExportProgress : (4211/6690) Exporting 'Curseur'
ExportProgress : (4212/6690) Exporting 'MedicineBottle'
ExportProgress : (4213/6690) Exporting 'Screenshot 2024-04-10 080835'
ExportProgress : (4214/6690) Exporting 'Button_long3_0'
ExportProgress : (4215/6690) Exporting 'White'
ExportProgress : (4216/6690) Exporting 'Mini_map 1'
ExportProgress : (4217/6690) Exporting 'Blue'
ExportProgress : (4218/6690) Exporting 'Gradient V 1'
ExportProgress : (4219/6690) Exporting 'tran'
ExportProgress : (4220/6690) Exporting 'G_Crystal_button'
ExportProgress : (4221/6690) Exporting 'White'
ExportProgress : (4222/6690) Exporting 'Magic'
ExportProgress : (4223/6690) Exporting 'abuy'
ExportProgress : (4224/6690) Exporting 'Sword'
ExportProgress : (4225/6690) Exporting 'Screenshot 2024-04-10 080721'
ExportProgress : (4226/6690) Exporting 'Screenshot 2024-04-10 080759'
ExportProgress : (4227/6690) Exporting 'AmmoIcon'
ExportProgress : (4228/6690) Exporting 'Back 1'
ExportProgress : (4229/6690) Exporting 'G_Backgroud_wall'
ExportProgress : (4230/6690) Exporting 'Moba_top_bar_glass'
ExportProgress : (4231/6690) Exporting '11'
ExportProgress : (4232/6690) Exporting 'White'
ExportProgress : (4233/6690) Exporting 'Options'
ExportProgress : (4234/6690) Exporting 'White'
ExportProgress : (4235/6690) Exporting 'Chat 2'
ExportProgress : (4236/6690) Exporting 'Tick'
ExportProgress : (4237/6690) Exporting 'White_TakePhoto'
ExportProgress : (4238/6690) Exporting 'pistol'
ExportProgress : (4239/6690) Exporting 'Blindfold'
ExportProgress : (4240/6690) Exporting 'Level'
ExportProgress : (4241/6690) Exporting 'PantyhoseNet'
ExportProgress : (4242/6690) Exporting 'Gradient H 1'
ExportProgress : (4243/6690) Exporting 'White'
ExportProgress : (4244/6690) Exporting '29'
ExportProgress : (4245/6690) Exporting 'UnderwearPantyhose'
ExportProgress : (4246/6690) Exporting 'Radial 1'
ExportProgress : (4247/6690) Exporting 'White'
ExportProgress : (4248/6690) Exporting 'Rose 1'
ExportProgress : (4249/6690) Exporting '28'
ExportProgress : (4250/6690) Exporting 'White 1'
ExportProgress : (4251/6690) Exporting 'DustMote'
ExportProgress : (4252/6690) Exporting 'G_Line_red'
ExportProgress : (4253/6690) Exporting 'Gemini_Generated_Image_a9cfw3a9cfw3a9cf'
ExportProgress : (4254/6690) Exporting 'Outline'
ExportProgress : (4255/6690) Exporting 'button_polygon23_28'
ExportProgress : (4256/6690) Exporting 'White 2'
ExportProgress : (4257/6690) Exporting 'potion'
ExportProgress : (4258/6690) Exporting 'Rune 3'
ExportProgress : (4259/6690) Exporting 'tran_1'
ExportProgress : (4260/6690) Exporting 'button_line2_polygon2_32'
ExportProgress : (4261/6690) Exporting 'logo-dlsite-r18'
ExportProgress : (4262/6690) Exporting 'White'
ExportProgress : (4263/6690) Exporting 'Yellow'
ExportProgress : (4264/6690) Exporting 'Close Background Customize 3'
ExportProgress : (4265/6690) Exporting 'Statue_1'
ExportProgress : (4266/6690) Exporting 'button_line1_polygon1_1'
ExportProgress : (4267/6690) Exporting 'G_Line_blue'
ExportProgress : (4268/6690) Exporting 'button_line2_polygon1_2'
ExportProgress : (4269/6690) Exporting 'Hp_ampul_Tracery_2 1'
ExportProgress : (4270/6690) Exporting 'Eyes_4'
ExportProgress : (4271/6690) Exporting 'Eyes_5'
ExportProgress : (4272/6690) Exporting 'Ear_3'
ExportProgress : (4273/6690) Exporting 'Eyes_3'
ExportProgress : (4274/6690) Exporting 'Ear_5'
ExportProgress : (4275/6690) Exporting 'Icons_1_3'
ExportProgress : (4276/6690) Exporting 'Global Audio Mixer'
ExportProgress : (4277/6690) Exporting 'Hit_Metal'
ExportProgress : (4278/6690) Exporting 'SandSpecs'
ExportProgress : (4279/6690) Exporting 'Strong Wind'
ExportProgress : (4280/6690) Exporting 'SnowBlizzard'
ExportProgress : (4281/6690) Exporting 'SnowFlakes'
ExportProgress : (4282/6690) Exporting 'SandGroundDust'
ExportProgress : (4283/6690) Exporting 'Thunder'
ExportProgress : (4284/6690) Exporting 'Rain'
ExportProgress : (4285/6690) Exporting 'SandSpecs'
ExportProgress : (4286/6690) Exporting 'SandGroundDust'
ExportProgress : (4287/6690) Exporting 'Snowflakes'
ExportProgress : (4288/6690) Exporting 'Death'
ExportProgress : (4289/6690) Exporting 'SnowBlizzard'
ExportProgress : (4290/6690) Exporting 'Rain'
ExportProgress : (4291/6690) Exporting 'Steam'
ExportProgress : (4292/6690) Exporting 'Vignette'
ExportProgress : (4293/6690) Exporting 'DepthOfField'
ExportProgress : (4294/6690) Exporting 'ScreenSpaceReflection'
ExportProgress : (4295/6690) Exporting 'SplitToning'
ExportProgress : (4296/6690) Exporting 'ColorAdjustments'
ExportProgress : (4297/6690) Exporting 'ColorAdjustments'
ExportProgress : (4298/6690) Exporting 'WhiteBalance'
ExportProgress : (4299/6690) Exporting 'PhysicallyBasedSky'
ExportProgress : (4300/6690) Exporting 'Tonemapping'
ExportProgress : (4301/6690) Exporting 'RecursiveRendering'
ExportProgress : (4302/6690) Exporting 'Vignette'
ExportProgress : (4303/6690) Exporting 'VisualEnvironment'
ExportProgress : (4304/6690) Exporting 'MotionBlur'
ExportProgress : (4305/6690) Exporting 'LightCluster'
ExportProgress : (4306/6690) Exporting 'RayTracingSettings'
ExportProgress : (4307/6690) Exporting 'Bloom'
ExportProgress : (4308/6690) Exporting 'ColorAdjustments'
ExportProgress : (4309/6690) Exporting 'VisualEnvironment'
ExportProgress : (4310/6690) Exporting 'VisualEnvironment'
ExportProgress : (4311/6690) Exporting 'IndirectLightingController'
ExportProgress : (4312/6690) Exporting 'IndirectLightingController'
ExportProgress : (4313/6690) Exporting 'GlobalIllumination'
ExportProgress : (4314/6690) Exporting 'VisualEnvironment'
ExportProgress : (4315/6690) Exporting 'DepthOfField'
ExportProgress : (4316/6690) Exporting 'ScreenSpaceReflection'
ExportProgress : (4317/6690) Exporting 'PhysicallyBasedSky'
ExportProgress : (4318/6690) Exporting 'GlobalIllumination'
ExportProgress : (4319/6690) Exporting 'Vignette'
ExportProgress : (4320/6690) Exporting 'SplitToning'
ExportProgress : (4321/6690) Exporting 'ScreenSpaceRefraction'
ExportProgress : (4322/6690) Exporting 'ScreenSpaceRefraction'
ExportProgress : (4323/6690) Exporting 'HDRP Time Of Day Preset Profile'
ExportProgress : (4324/6690) Exporting 'HDRP Time Of Day Ambient Profile'
ExportProgress : (4325/6690) Exporting 'HDRP Time Of Day Post FX Profile'
ExportProgress : (4326/6690) Exporting 'HDRP Time Of Day Profile'
ExportProgress : (4327/6690) Exporting 'HDRP Time Of Day Season Profile'
ExportProgress : (4328/6690) Exporting 'Shapes'
ExportProgress : (4329/6690) Exporting 'Sun_Flare_w_Ring'
ExportProgress : (4330/6690) Exporting 'Ray Tracing Volume Profile'
ExportProgress : (4331/6690) Exporting 'Time Of Day Post Processing Profile'
ExportProgress : (4332/6690) Exporting 'Time Of Day Volume Profile'
ExportProgress : (4333/6690) Exporting 'Time Of Day Weather Volume Profile'
ExportProgress : (4334/6690) Exporting 'Rain Weather Profile'
ExportProgress : (4335/6690) Exporting 'Sand Weather Profile'
ExportProgress : (4336/6690) Exporting 'Snow Weather Profile'
ExportProgress : (4337/6690) Exporting 'EX Reflection Probe Profile (24 Hour Transition)'
ExportProgress : (4338/6690) Exporting 'uLipSync-Profile-UnityChan'
ExportProgress : (4339/6690) Exporting 'EndGame'
ExportProgress : (4340/6690) Exporting 'SuperLow'
ExportProgress : (4341/6690) Exporting 'BlindfoldProfile'
ExportProgress : (4342/6690) Exporting 'DamageProfile'
ExportProgress : (4343/6690) Exporting 'HotelSceneProfile'
ExportProgress : (4344/6690) Exporting 'Exposure'
ExportProgress : (4345/6690) Exporting 'Fog'
ExportProgress : (4346/6690) Exporting 'VolumetricClouds'
ExportProgress : (4347/6690) Exporting 'VolumetricClouds'
ExportProgress : (4348/6690) Exporting 'ContactShadows'
ExportProgress : (4349/6690) Exporting 'ContactShadows'
ExportProgress : (4350/6690) Exporting 'AmbientOcclusion'
ExportProgress : (4351/6690) Exporting 'GlobalIllumination'
ExportProgress : (4352/6690) Exporting 'Tonemapping'
ExportProgress : (4353/6690) Exporting 'DepthOfField'
ExportProgress : (4354/6690) Exporting 'ScreenSpaceReflection'
ExportProgress : (4355/6690) Exporting 'WhiteBalance'
ExportProgress : (4356/6690) Exporting 'ColorAdjustments'
ExportProgress : (4357/6690) Exporting 'HDShadowSettings'
ExportProgress : (4358/6690) Exporting 'HDShadowSettings'
ExportProgress : (4359/6690) Exporting 'ColorAdjustments'
ExportProgress : (4360/6690) Exporting 'Fog'
ExportProgress : (4361/6690) Exporting 'IndirectLightingController'
ExportProgress : (4362/6690) Exporting 'Exposure'
ExportProgress : (4363/6690) Exporting 'Exposure'
ExportProgress : (4364/6690) Exporting 'ColorAdjustments'
ExportProgress : (4365/6690) Exporting 'SubSurfaceScattering'
ExportProgress : (4366/6690) Exporting 'MicroShadowing'
ExportProgress : (4367/6690) Exporting 'MicroShadowing'
ExportProgress : (4368/6690) Exporting 'IndirectLightingController'
ExportProgress : (4369/6690) Exporting 'CloudLayer'
ExportProgress : (4370/6690) Exporting 'CloudLayer'
ExportProgress : (4371/6690) Exporting 'GlobalIllumination'
ExportProgress : (4372/6690) Exporting 'AmbientOcclusion'
ExportProgress : (4373/6690) Exporting 'LiftGammaGain'
ExportProgress : (4374/6690) Exporting 'Vignette'
ExportProgress : (4375/6690) Exporting 'Fog'
ExportProgress : (4376/6690) Exporting 'Fog'
ExportProgress : (4377/6690) Exporting 'PathTracing'
ExportProgress : (4378/6690) Exporting 'Cage'
ExportProgress : (4379/6690) Exporting 'Default_Material'
ExportProgress : (4380/6690) Exporting 'GlassesGlass1'
ExportProgress : (4381/6690) Exporting 'LeafsDecal_mtl'
ExportProgress : (4382/6690) Exporting 'LeaksDecals_mtl'
ExportProgress : (4383/6690) Exporting 'LeaksDecals_mtl_wake'
ExportProgress : (4384/6690) Exporting 'SpotsDecals_mtl'
ExportProgress : (4385/6690) Exporting 'Ferns'
ExportProgress : (4386/6690) Exporting 'Lights'
ExportProgress : (4387/6690) Exporting 'Office_Furniture'
ExportProgress : (4388/6690) Exporting 'Office_Props'
ExportProgress : (4389/6690) Exporting 'Paper'
ExportProgress : (4390/6690) Exporting 'Carpet_C 1'
ExportProgress : (4391/6690) Exporting 'Carpet_C'
ExportProgress : (4392/6690) Exporting 'Couch_Fabric'
ExportProgress : (4393/6690) Exporting 'In_WhitePlaster 1'
ExportProgress : (4394/6690) Exporting 'Kitchen_Cabinet_Wood 1'
ExportProgress : (4395/6690) Exporting 'Toilet_House'
ExportProgress : (4396/6690) Exporting 'glass01_1_1'
ExportProgress : (4397/6690) Exporting 'Default'
ExportProgress : (4398/6690) Exporting 'bucket01_1'
ExportProgress : (4399/6690) Exporting 'door01_2'
ExportProgress : (4400/6690) Exporting 'floor01_2'
ExportProgress : (4401/6690) Exporting 'hose01_1'
ExportProgress : (4402/6690) Exporting 'lamp01_1'
ExportProgress : (4403/6690) Exporting 'lamp02_1'
ExportProgress : (4404/6690) Exporting 'mirror01_1'
ExportProgress : (4405/6690) Exporting 'partition01_1'
ExportProgress : (4406/6690) Exporting 'pipe01_1'
ExportProgress : (4407/6690) Exporting 'restroom_ceiling01'
ExportProgress : (4408/6690) Exporting 'restroom_floor01_2'
ExportProgress : (4409/6690) Exporting 'restroom_floor02'
ExportProgress : (4410/6690) Exporting 'restroom_wall01_blue'
ExportProgress : (4411/6690) Exporting 'restroom_wall01_pink'
ExportProgress : (4412/6690) Exporting 'restroom_wall02'
ExportProgress : (4413/6690) Exporting 'shoes01_1'
ExportProgress : (4414/6690) Exporting 'shoes01_2'
ExportProgress : (4415/6690) Exporting 'sink01_1'
ExportProgress : (4416/6690) Exporting 'sink02_1'
ExportProgress : (4417/6690) Exporting 'soap01_1'
ExportProgress : (4418/6690) Exporting 'tape'
ExportProgress : (4419/6690) Exporting 'toilet01_1'
ExportProgress : (4420/6690) Exporting 'toilet02_1'
ExportProgress : (4421/6690) Exporting 'tool01_1'
ExportProgress : (4422/6690) Exporting 'tool02_1'
ExportProgress : (4423/6690) Exporting 'tool03_1'
ExportProgress : (4424/6690) Exporting 'trashcan01_1'
ExportProgress : (4425/6690) Exporting 'window01_1'
ExportProgress : (4426/6690) Exporting 'Brick_A_Gray'
ExportProgress : (4427/6690) Exporting 'Brick_A_White'
ExportProgress : (4428/6690) Exporting 'CardboardBox_A'
ExportProgress : (4429/6690) Exporting 'Concrete_Trim_A'
ExportProgress : (4430/6690) Exporting 'Curtains_A'
ExportProgress : (4431/6690) Exporting 'Decal_Trim_A'
ExportProgress : (4432/6690) Exporting 'Dirt_A'
ExportProgress : (4433/6690) Exporting 'Edge_Trim_A'
ExportProgress : (4434/6690) Exporting 'Fabric_Trim_A_Red'
ExportProgress : (4435/6690) Exporting 'Fabric_Trim_A_White'
ExportProgress : (4436/6690) Exporting 'Glass_B'
ExportProgress : (4437/6690) Exporting 'Glass_C'
ExportProgress : (4438/6690) Exporting 'Interior_A'
ExportProgress : (4439/6690) Exporting 'Interior_B'
ExportProgress : (4440/6690) Exporting 'Metal_Shutter_A'
ExportProgress : (4441/6690) Exporting 'Metal_Trim_A_Beige'
ExportProgress : (4442/6690) Exporting 'Metal_Trim_A_Black'
ExportProgress : (4443/6690) Exporting 'Metal_Trim_A_Gray'
ExportProgress : (4444/6690) Exporting 'Metal_Trim_B_Green'
ExportProgress : (4445/6690) Exporting 'Metal_Trim_B_White'
ExportProgress : (4446/6690) Exporting 'Pipes_A'
ExportProgress : (4447/6690) Exporting 'Plant_A'
ExportProgress : (4448/6690) Exporting 'Plaster_A_White'
ExportProgress : (4449/6690) Exporting 'Plastic_Trim_A_Brown'
ExportProgress : (4450/6690) Exporting 'Plastic_Trim_A_Gray'
ExportProgress : (4451/6690) Exporting 'Plastic_Trim_A_Red'
ExportProgress : (4452/6690) Exporting 'Posters_A'
ExportProgress : (4453/6690) Exporting 'Roof_A'
ExportProgress : (4454/6690) Exporting 'Signs_B'
ExportProgress : (4455/6690) Exporting 'Vents_A'
ExportProgress : (4456/6690) Exporting 'Wood_Trim_A'
ExportProgress : (4457/6690) Exporting 'AE_Auto'
ExportProgress : (4458/6690) Exporting 'AE_Grass_01'
ExportProgress : (4459/6690) Exporting 'AE_Bicycle'
ExportProgress : (4460/6690) Exporting 'AE_Minivan_Street_Body'
ExportProgress : (4461/6690) Exporting 'AE_Minivan_Street_Wheel'
ExportProgress : (4462/6690) Exporting 'AE_Scooter_01'
ExportProgress : (4463/6690) Exporting 'AE_Scooter_Glass'
ExportProgress : (4464/6690) Exporting 'AE_Ceiling'
ExportProgress : (4465/6690) Exporting 'AE_Floor_01'
ExportProgress : (4466/6690) Exporting 'AE_Glass_01'
ExportProgress : (4467/6690) Exporting 'AE_Signboards_01'
ExportProgress : (4468/6690) Exporting 'AE_Wall_Tile_04'
ExportProgress : (4469/6690) Exporting 'AE_Wall_Tile_05'
ExportProgress : (4470/6690) Exporting 'AE_Wallpaper_01'
ExportProgress : (4471/6690) Exporting 'AE_Wallpaper_02'
ExportProgress : (4472/6690) Exporting 'AE_Conditioner_01'
ExportProgress : (4473/6690) Exporting 'AE_Garbage_Сan'
ExportProgress : (4474/6690) Exporting 'AE_Vending_Machine_01'
ExportProgress : (4475/6690) Exporting 'AE_Vending_Machine_02'
ExportProgress : (4476/6690) Exporting 'AE_Wall_Props'
ExportProgress : (4477/6690) Exporting 'AE_Detail'
ExportProgress : (4478/6690) Exporting 'AE_Electric_Post'
ExportProgress : (4479/6690) Exporting 'AE_Electric_Post_Emission'
ExportProgress : (4480/6690) Exporting 'AE_Ground'
ExportProgress : (4481/6690) Exporting 'AE_Road'
ExportProgress : (4482/6690) Exporting 'AE_Road_Decals'
ExportProgress : (4483/6690) Exporting 'AE_Road_Elements_01'
ExportProgress : (4484/6690) Exporting 'AE_Road_Elements_02'
ExportProgress : (4485/6690) Exporting 'AE_Road_Sign'
ExportProgress : (4486/6690) Exporting 'AE_Sidewalk'
ExportProgress : (4487/6690) Exporting 'AE_Tream_Sheets_01'
ExportProgress : (4488/6690) Exporting 'AE_Wires_01'
ExportProgress : (4489/6690) Exporting 'Dust_mtl'
ExportProgress : (4490/6690) Exporting 'MI_ATM'
ExportProgress : (4491/6690) Exporting 'MI_AirConditioner'
ExportProgress : (4492/6690) Exporting 'MI_Asphalt_01'
ExportProgress : (4493/6690) Exporting 'MI_Beer_001'
ExportProgress : (4494/6690) Exporting 'MI_Beer_003'
ExportProgress : (4495/6690) Exporting 'MI_Beer_004'
ExportProgress : (4496/6690) Exporting 'MI_Beer_005'
ExportProgress : (4497/6690) Exporting 'MI_Beer_007'
ExportProgress : (4498/6690) Exporting 'MI_Beer_008'
ExportProgress : (4499/6690) Exporting 'MI_Beer_009'
ExportProgress : (4500/6690) Exporting 'MI_Beer_011'
ExportProgress : (4501/6690) Exporting 'MI_Beer_012'
ExportProgress : (4502/6690) Exporting 'MI_Bento_1'
ExportProgress : (4503/6690) Exporting 'MI_Bento_2'
ExportProgress : (4504/6690) Exporting 'MI_Bricks_01'
ExportProgress : (4505/6690) Exporting 'MI_Camera'
ExportProgress : (4506/6690) Exporting 'MI_Candy_01'
ExportProgress : (4507/6690) Exporting 'MI_Candy_02'
ExportProgress : (4508/6690) Exporting 'MI_Candy_03'
ExportProgress : (4509/6690) Exporting 'MI_Candy_04'
ExportProgress : (4510/6690) Exporting 'MI_Candy_05'
ExportProgress : (4511/6690) Exporting 'MI_Candy_06'
ExportProgress : (4512/6690) Exporting 'MI_Candy_07'
ExportProgress : (4513/6690) Exporting 'MI_Candy_08'
ExportProgress : (4514/6690) Exporting 'MI_Cashregister'
ExportProgress : (4515/6690) Exporting 'MI_Ceil'
ExportProgress : (4516/6690) Exporting 'MI_Ceilinglight_01_Off'
ExportProgress : (4517/6690) Exporting 'MI_Cereal_01'
ExportProgress : (4518/6690) Exporting 'MI_Cereal_02'
ExportProgress : (4519/6690) Exporting 'MI_Cereal_03'
ExportProgress : (4520/6690) Exporting 'MI_Cereal_05'
ExportProgress : (4521/6690) Exporting 'MI_ChipsCylinder_01'
ExportProgress : (4522/6690) Exporting 'MI_ChipsCylinder_02'
ExportProgress : (4523/6690) Exporting 'MI_ChipsCylinder_03'
ExportProgress : (4524/6690) Exporting 'MI_Chips_001'
ExportProgress : (4525/6690) Exporting 'MI_Chips_002'
ExportProgress : (4526/6690) Exporting 'MI_Chips_003'
ExportProgress : (4527/6690) Exporting 'MI_Chips_004'
ExportProgress : (4528/6690) Exporting 'MI_Chips_005'
ExportProgress : (4529/6690) Exporting 'MI_Chips_006'
ExportProgress : (4530/6690) Exporting 'MI_Chips_007'
ExportProgress : (4531/6690) Exporting 'MI_Chips_008'
ExportProgress : (4532/6690) Exporting 'MI_Chips_009'
ExportProgress : (4533/6690) Exporting 'MI_Chips_010'
ExportProgress : (4534/6690) Exporting 'MI_Chips_011'
ExportProgress : (4535/6690) Exporting 'MI_Chips_012'
ExportProgress : (4536/6690) Exporting 'MI_Chips_013'
ExportProgress : (4537/6690) Exporting 'MI_Chips_014'
ExportProgress : (4538/6690) Exporting 'MI_Chips_015'
ExportProgress : (4539/6690) Exporting 'MI_Chuuhai_001'
ExportProgress : (4540/6690) Exporting 'MI_Chuuhai_002'
ExportProgress : (4541/6690) Exporting 'MI_Chuuhai_003'
ExportProgress : (4542/6690) Exporting 'MI_Chuuhai_004'
ExportProgress : (4543/6690) Exporting 'MI_Chuuhai_005'
ExportProgress : (4544/6690) Exporting 'MI_Chuuhai_006'
ExportProgress : (4545/6690) Exporting 'MI_Chuuhai_007'
ExportProgress : (4546/6690) Exporting 'MI_Chuuhai_008'
ExportProgress : (4547/6690) Exporting 'MI_Chuuhai_009'
ExportProgress : (4548/6690) Exporting 'MI_Chuuhai_010'
ExportProgress : (4549/6690) Exporting 'MI_Chuuhai_011'
ExportProgress : (4550/6690) Exporting 'MI_Chuuhai_012'
ExportProgress : (4551/6690) Exporting 'MI_Cigarettes'
ExportProgress : (4552/6690) Exporting 'MI_Conditioner_01'
ExportProgress : (4553/6690) Exporting 'MI_Conditioner_02'
ExportProgress : (4554/6690) Exporting 'MI_Conditioner_03'
ExportProgress : (4555/6690) Exporting 'MI_Conditioner_04'
ExportProgress : (4556/6690) Exporting 'MI_Conditioner_04_02'
ExportProgress : (4557/6690) Exporting 'MI_Conditioner_04_03'
ExportProgress : (4558/6690) Exporting 'MI_Conditioner_05'
ExportProgress : (4559/6690) Exporting 'MI_Cookies_001'
ExportProgress : (4560/6690) Exporting 'MI_Cookies_002'
ExportProgress : (4561/6690) Exporting 'MI_Cookies_003'
ExportProgress : (4562/6690) Exporting 'MI_Cookies_004'
ExportProgress : (4563/6690) Exporting 'MI_Cookies_005'
ExportProgress : (4564/6690) Exporting 'MI_Cookies_006'
ExportProgress : (4565/6690) Exporting 'MI_Cookies_007'
ExportProgress : (4566/6690) Exporting 'MI_Cookies_008'
ExportProgress : (4567/6690) Exporting 'MI_Cookies_009'
ExportProgress : (4568/6690) Exporting 'MI_Cookies_010'
ExportProgress : (4569/6690) Exporting 'MI_Cookies_011'
ExportProgress : (4570/6690) Exporting 'MI_Cookies_012'
ExportProgress : (4571/6690) Exporting 'MI_Counter_Base_Wooden_Light'
ExportProgress : (4572/6690) Exporting 'MI_Counter_Top_Marble'
ExportProgress : (4573/6690) Exporting 'MI_CupNoodles_01'
ExportProgress : (4574/6690) Exporting 'MI_CupNoodles_02'
ExportProgress : (4575/6690) Exporting 'MI_CupNoodles_03'
ExportProgress : (4576/6690) Exporting 'MI_CupNoodles_04'
ExportProgress : (4577/6690) Exporting 'MI_CupNoodles_05'
ExportProgress : (4578/6690) Exporting 'MI_CupNoodles_06'
ExportProgress : (4579/6690) Exporting 'MI_CupNoodles_07'
ExportProgress : (4580/6690) Exporting 'MI_CupNoodles_08'
ExportProgress : (4581/6690) Exporting 'MI_DetergentBag_01'
ExportProgress : (4582/6690) Exporting 'MI_DetergentBag_02'
ExportProgress : (4583/6690) Exporting 'MI_DetergentBag_03'
ExportProgress : (4584/6690) Exporting 'MI_DetergentBag_04'
ExportProgress : (4585/6690) Exporting 'MI_DetergentBag_05'
ExportProgress : (4586/6690) Exporting 'MI_Door_Employee_01'
ExportProgress : (4587/6690) Exporting 'MI_DrinkBottle_001'
ExportProgress : (4588/6690) Exporting 'MI_DrinkBottle_004'
ExportProgress : (4589/6690) Exporting 'MI_DrinkBottle_005'
ExportProgress : (4590/6690) Exporting 'MI_DrinkBottle_006'
ExportProgress : (4591/6690) Exporting 'MI_DrinkBottle_007'
ExportProgress : (4592/6690) Exporting 'MI_DrinkBottle_009'
ExportProgress : (4593/6690) Exporting 'MI_DrinkBottle_011'
ExportProgress : (4594/6690) Exporting 'MI_DrinkBottle_012'
ExportProgress : (4595/6690) Exporting 'MI_Drink_001'
ExportProgress : (4596/6690) Exporting 'MI_Drink_002'
ExportProgress : (4597/6690) Exporting 'MI_Drink_003'
ExportProgress : (4598/6690) Exporting 'MI_Drink_004'
ExportProgress : (4599/6690) Exporting 'MI_Drink_005'
ExportProgress : (4600/6690) Exporting 'MI_Drink_006'
ExportProgress : (4601/6690) Exporting 'MI_Drink_007'
ExportProgress : (4602/6690) Exporting 'MI_Drink_008'
ExportProgress : (4603/6690) Exporting 'MI_Drink_009'
ExportProgress : (4604/6690) Exporting 'MI_Drink_010 - Copy'
ExportProgress : (4605/6690) Exporting 'MI_Drink_010'
ExportProgress : (4606/6690) Exporting 'MI_Drink_011'
ExportProgress : (4607/6690) Exporting 'MI_Drink_012'
ExportProgress : (4608/6690) Exporting 'MI_Drink_013'
ExportProgress : (4609/6690) Exporting 'MI_Drink_014'
ExportProgress : (4610/6690) Exporting 'MI_Drink_015'
ExportProgress : (4611/6690) Exporting 'MI_Drink_018'
ExportProgress : (4612/6690) Exporting 'MI_Foodshelf_01'
ExportProgress : (4613/6690) Exporting 'MI_Freezer'
ExportProgress : (4614/6690) Exporting 'MI_Freezer_02'
ExportProgress : (4615/6690) Exporting 'MI_FrozenFood'
ExportProgress : (4616/6690) Exporting 'MI_FrozenFood_10'
ExportProgress : (4617/6690) Exporting 'MI_FrozenFood_11'
ExportProgress : (4618/6690) Exporting 'MI_FrozenFood_12'
ExportProgress : (4619/6690) Exporting 'MI_FrozenFood_13'
ExportProgress : (4620/6690) Exporting 'MI_FrozenFood_2'
ExportProgress : (4621/6690) Exporting 'MI_FrozenFood_3'
ExportProgress : (4622/6690) Exporting 'MI_FrozenFood_4'
ExportProgress : (4623/6690) Exporting 'MI_FrozenFood_5'
ExportProgress : (4624/6690) Exporting 'MI_FrozenFood_6'
ExportProgress : (4625/6690) Exporting 'MI_FrozenFood_7'
ExportProgress : (4626/6690) Exporting 'MI_FrozenFood_8'
ExportProgress : (4627/6690) Exporting 'MI_FrozenFood_9'
ExportProgress : (4628/6690) Exporting 'MI_GenericBrown'
ExportProgress : (4629/6690) Exporting 'MI_GenericDark'
ExportProgress : (4630/6690) Exporting 'MI_GenericGray'
ExportProgress : (4631/6690) Exporting 'MI_Granola_01'
ExportProgress : (4632/6690) Exporting 'MI_Granola_02'
ExportProgress : (4633/6690) Exporting 'MI_Hairdye_001'
ExportProgress : (4634/6690) Exporting 'MI_Hairdye_002'
ExportProgress : (4635/6690) Exporting 'MI_Hairdye_003'
ExportProgress : (4636/6690) Exporting 'MI_Hairdye_004'
ExportProgress : (4637/6690) Exporting 'MI_Hairdye_005'
ExportProgress : (4638/6690) Exporting 'MI_Hairdye_006'
ExportProgress : (4639/6690) Exporting 'MI_Hairdye_007'
ExportProgress : (4640/6690) Exporting 'MI_Hairdye_008'
ExportProgress : (4641/6690) Exporting 'MI_Hairdye_009'
ExportProgress : (4642/6690) Exporting 'MI_Hairdye_010'
ExportProgress : (4643/6690) Exporting 'MI_Hairdye_011'
ExportProgress : (4644/6690) Exporting 'MI_Hairdye_012'
ExportProgress : (4645/6690) Exporting 'MI_Hairdye_013'
ExportProgress : (4646/6690) Exporting 'MI_Hairdye_014'
ExportProgress : (4647/6690) Exporting 'MI_Hairspray_01'
ExportProgress : (4648/6690) Exporting 'MI_Hairspray_02'
ExportProgress : (4649/6690) Exporting 'MI_Hairspray_03'
ExportProgress : (4650/6690) Exporting 'MI_Hairspray_04'
ExportProgress : (4651/6690) Exporting 'MI_Hairspray_05'
ExportProgress : (4652/6690) Exporting 'MI_Hairspray_06'
ExportProgress : (4653/6690) Exporting 'MI_Hairspray_07'
ExportProgress : (4654/6690) Exporting 'MI_Hairspray_08'
ExportProgress : (4655/6690) Exporting 'MI_Hairspray_09'
ExportProgress : (4656/6690) Exporting 'MI_Hairspray_10'
ExportProgress : (4657/6690) Exporting 'MI_Hairspray_11'
ExportProgress : (4658/6690) Exporting 'MI_Hairspray_12'
ExportProgress : (4659/6690) Exporting 'MI_IceCream'
ExportProgress : (4660/6690) Exporting 'MI_IceCream_2'
ExportProgress : (4661/6690) Exporting 'MI_IceCream_3'
ExportProgress : (4662/6690) Exporting 'MI_IceCream_4'
ExportProgress : (4663/6690) Exporting 'MI_IceCream_5'
ExportProgress : (4664/6690) Exporting 'MI_IceCream_6'
ExportProgress : (4665/6690) Exporting 'MI_IceCream_7'
ExportProgress : (4666/6690) Exporting 'MI_IceCream_8'
ExportProgress : (4667/6690) Exporting 'MI_Magazine_01'
ExportProgress : (4668/6690) Exporting 'MI_Magazine_02'
ExportProgress : (4669/6690) Exporting 'MI_Magazine_03'
ExportProgress : (4670/6690) Exporting 'MI_Magazine_04'
ExportProgress : (4671/6690) Exporting 'MI_Magazine_05'
ExportProgress : (4672/6690) Exporting 'MI_Magazine_06'
ExportProgress : (4673/6690) Exporting 'MI_Magazine_07'
ExportProgress : (4674/6690) Exporting 'MI_Magazine_08'
ExportProgress : (4675/6690) Exporting 'MI_Magazine_09'
ExportProgress : (4676/6690) Exporting 'MI_Magazine_10'
ExportProgress : (4677/6690) Exporting 'MI_Magazine_11'
ExportProgress : (4678/6690) Exporting 'MI_Magazine_12'
ExportProgress : (4679/6690) Exporting 'MI_Magazine_13'
ExportProgress : (4680/6690) Exporting 'MI_Magazine_14'
ExportProgress : (4681/6690) Exporting 'MI_Manga_01'
ExportProgress : (4682/6690) Exporting 'MI_MaskBag_01'
ExportProgress : (4683/6690) Exporting 'MI_MaskBag_02'
ExportProgress : (4684/6690) Exporting 'MI_MaskBag_03'
ExportProgress : (4685/6690) Exporting 'MI_MaskBag_04'
ExportProgress : (4686/6690) Exporting 'MI_MaskBag_05'
ExportProgress : (4687/6690) Exporting 'MI_MaskBag_06'
ExportProgress : (4688/6690) Exporting 'MI_MaskBag_07'
ExportProgress : (4689/6690) Exporting 'MI_MaskBag_08'
ExportProgress : (4690/6690) Exporting 'MI_MaskBag_09'
ExportProgress : (4691/6690) Exporting 'MI_MaskBag_10'
ExportProgress : (4692/6690) Exporting 'MI_Newspaper_01'
ExportProgress : (4693/6690) Exporting 'MI_Newspaper_02 1'
ExportProgress : (4694/6690) Exporting 'MI_Newspaper_02'
ExportProgress : (4695/6690) Exporting 'MI_Newspaper_033'
ExportProgress : (4696/6690) Exporting 'MI_Newspaper_04'
ExportProgress : (4697/6690) Exporting 'MI_Newspaper_05'
ExportProgress : (4698/6690) Exporting 'MI_Newspaper_06'
ExportProgress : (4699/6690) Exporting 'MI_Onigiri_1'
ExportProgress : (4700/6690) Exporting 'MI_Onigiri_2'
ExportProgress : (4701/6690) Exporting 'MI_Onigiri_3'
ExportProgress : (4702/6690) Exporting 'MI_Onigiri_4'
ExportProgress : (4703/6690) Exporting 'MI_Onigiri_5'
ExportProgress : (4704/6690) Exporting 'MI_Pricetag_1654'
ExportProgress : (4705/6690) Exporting 'MI_Pricetag_258'
ExportProgress : (4706/6690) Exporting 'MI_Pricetag_358'
ExportProgress : (4707/6690) Exporting 'MI_Pricetag_678'
ExportProgress : (4708/6690) Exporting 'MI_Pricetag_975'
ExportProgress : (4709/6690) Exporting 'MI_Sandwich_1'
ExportProgress : (4710/6690) Exporting 'MI_Sandwich_2'
ExportProgress : (4711/6690) Exporting 'MI_Sandwich_3'
ExportProgress : (4712/6690) Exporting 'MI_Shampoo_01'
ExportProgress : (4713/6690) Exporting 'MI_Shampoo_02'
ExportProgress : (4714/6690) Exporting 'MI_Shampoo_02_01'
ExportProgress : (4715/6690) Exporting 'MI_Shampoo_03'
ExportProgress : (4716/6690) Exporting 'MI_Shampoo_03_02'
ExportProgress : (4717/6690) Exporting 'MI_Shampoo_04'
ExportProgress : (4718/6690) Exporting 'MI_Shampoo_05'
ExportProgress : (4719/6690) Exporting 'MI_Shelves'
ExportProgress : (4720/6690) Exporting 'MI_Sidewalk_01'
ExportProgress : (4721/6690) Exporting 'MI_Snacks_01'
ExportProgress : (4722/6690) Exporting 'MI_Snacks_02'
ExportProgress : (4723/6690) Exporting 'MI_Snacks_03'
ExportProgress : (4724/6690) Exporting 'MI_Snacks_04'
ExportProgress : (4725/6690) Exporting 'MI_Stands'
ExportProgress : (4726/6690) Exporting 'MI_Sticks_01'
ExportProgress : (4727/6690) Exporting 'MI_Sticks_04'
ExportProgress : (4728/6690) Exporting 'MI_Sticks_05'
ExportProgress : (4729/6690) Exporting 'MI_Sticks_06'
ExportProgress : (4730/6690) Exporting 'MI_Sticks_07'
ExportProgress : (4731/6690) Exporting 'MI_TilesPlain'
ExportProgress : (4732/6690) Exporting 'MI_Tissues_01'
ExportProgress : (4733/6690) Exporting 'MI_Tissues_02'
ExportProgress : (4734/6690) Exporting 'MI_Tissues_03'
ExportProgress : (4735/6690) Exporting 'MI_Tissues_04'
ExportProgress : (4736/6690) Exporting 'MI_Tissues_05'
ExportProgress : (4737/6690) Exporting 'MI_TobaccoShelf'
ExportProgress : (4738/6690) Exporting 'MI_ToiletpaperPack_01'
ExportProgress : (4739/6690) Exporting 'MI_ToiletpaperPack_02'
ExportProgress : (4740/6690) Exporting 'MI_ToiletpaperPack_03'
ExportProgress : (4741/6690) Exporting 'MI_Transparent_02'
ExportProgress : (4742/6690) Exporting 'MI_Transparent_Glass'
ExportProgress : (4743/6690) Exporting 'MI_Trash_01'
ExportProgress : (4744/6690) Exporting 'MI_Trash_02'
ExportProgress : (4745/6690) Exporting 'MI_Trash_03'
ExportProgress : (4746/6690) Exporting 'MI_Umbrella_01'
ExportProgress : (4747/6690) Exporting 'MI_Umbrella_02'
ExportProgress : (4748/6690) Exporting 'MI_Umbrella_04'
ExportProgress : (4749/6690) Exporting 'MI_Umbrella_05'
ExportProgress : (4750/6690) Exporting 'MI_Vitamin_001'
ExportProgress : (4751/6690) Exporting 'MI_Vitamin_002'
ExportProgress : (4752/6690) Exporting 'MI_Vitamin_003'
ExportProgress : (4753/6690) Exporting 'MI_Vitamin_004'
ExportProgress : (4754/6690) Exporting 'MI_Vitamin_005'
ExportProgress : (4755/6690) Exporting 'MI_Vitamin_006'
ExportProgress : (4756/6690) Exporting 'MI_Vitamin_007'
ExportProgress : (4757/6690) Exporting 'MI_Vitamin_008'
ExportProgress : (4758/6690) Exporting 'MI_Vitamin_009'
ExportProgress : (4759/6690) Exporting 'MI_Vitamin_01'
ExportProgress : (4760/6690) Exporting 'MI_Vitamin_010'
ExportProgress : (4761/6690) Exporting 'MI_Vitamin_02'
ExportProgress : (4762/6690) Exporting 'MI_Vitamin_03'
ExportProgress : (4763/6690) Exporting 'MI_Vitamin_04'
ExportProgress : (4764/6690) Exporting 'MI_Vitamin_05'
ExportProgress : (4765/6690) Exporting 'MI_Vitamin_06'
ExportProgress : (4766/6690) Exporting 'M_TilesPlain_02'
ExportProgress : (4767/6690) Exporting 'T_SM_KonbiniSign_01_DefaultMaterial_Albedo_Mat'
ExportProgress : (4768/6690) Exporting 'Dark'
ExportProgress : (4769/6690) Exporting 'Floor_ConcretePlates'
ExportProgress : (4770/6690) Exporting 'Floor_Grass'
ExportProgress : (4771/6690) Exporting 'Floor_PorchPlanks'
ExportProgress : (4772/6690) Exporting 'Moss_Tiled'
ExportProgress : (4773/6690) Exporting 'Pool_Tiles_2 1'
ExportProgress : (4774/6690) Exporting 'In_WallPaper_RedandWood'
ExportProgress : (4775/6690) Exporting 'Wall_HouseWoodPlank_White 1'
ExportProgress : (4776/6690) Exporting 'Background_Bush'
ExportProgress : (4777/6690) Exporting 'Car_Red'
ExportProgress : (4778/6690) Exporting 'Flowerbed'
ExportProgress : (4779/6690) Exporting 'Lamps_On'
ExportProgress : (4780/6690) Exporting 'Plant_BushGrass'
ExportProgress : (4781/6690) Exporting 'Plant_Flowers'
ExportProgress : (4782/6690) Exporting 'Plant_Grass'
ExportProgress : (4783/6690) Exporting 'Plant_Hedgebush'
ExportProgress : (4784/6690) Exporting 'Plant_Treebush'
ExportProgress : (4785/6690) Exporting 'Porch_Props'
ExportProgress : (4786/6690) Exporting 'TableSet'
ExportProgress : (4787/6690) Exporting 'Tree'
ExportProgress : (4788/6690) Exporting 'TreeTrunkTiled'
ExportProgress : (4789/6690) Exporting 'mtl_npc_csl_tshirt_01m_01_02bw'
ExportProgress : (4790/6690) Exporting 'mtl_npc_hmn_uv0_face_01m_01_01'
ExportProgress : (4791/6690) Exporting 'SuitDmat 1'
ExportProgress : (4792/6690) Exporting 'SuitDmat 2'
ExportProgress : (4793/6690) Exporting 'SuitDmat'
ExportProgress : (4794/6690) Exporting 'AE_Floor_02'
ExportProgress : (4795/6690) Exporting 'SexTicket'
ExportProgress : (4796/6690) Exporting 'いぬ救世教'
ExportProgress : (4797/6690) Exporting 'Akita_color'
ExportProgress : (4798/6690) Exporting 'male_casualsuit06_diffuse'
ExportProgress : (4799/6690) Exporting 'npc_homeless_sandals'
ExportProgress : (4800/6690) Exporting 'shoes01_diffuse'
ExportProgress : (4801/6690) Exporting 'Nikuman'
ExportProgress : (4802/6690) Exporting 'SubwayLight'
ExportProgress : (4803/6690) Exporting 'SubwayMetal 1'
ExportProgress : (4804/6690) Exporting 'SubwayMetal'
ExportProgress : (4805/6690) Exporting 'Pillory'
ExportProgress : (4806/6690) Exporting 'DefaultHDTerrainMaterial'
ExportProgress : (4807/6690) Exporting 'New Terrain'
ExportProgress : (4808/6690) Exporting 'soap01_1'
Import : Resource file 'sharedassets1.assets.resS' has been loaded
ExportProgress : (4809/6690) Exporting 'Pool_Tiles_2_d'
ExportProgress : (4810/6690) Exporting 'Office_Props_NM'
ExportProgress : (4811/6690) Exporting 'AE_Sidewalk_MaskMap'
ExportProgress : (4812/6690) Exporting 'lamp01_ILM'
ExportProgress : (4813/6690) Exporting 'toilet01_NRM'
ExportProgress : (4814/6690) Exporting 'Lights_MaskMap'
ExportProgress : (4815/6690) Exporting 'Posters_A_Normal'
ExportProgress : (4816/6690) Exporting 'AE_Wall_Tile_04_N'
ExportProgress : (4817/6690) Exporting 'restroom_wall01_2'
ExportProgress : (4818/6690) Exporting 'AE_Conditioner_01_N'
ExportProgress : (4819/6690) Exporting 'AE_Floor_02_MaskMap'
ExportProgress : (4820/6690) Exporting 'AE_Road_Elements_02_A'
ExportProgress : (4821/6690) Exporting 'partition01_NRM'
ExportProgress : (4822/6690) Exporting 'AE_Wall_Tile_05_MaskMap'
ExportProgress : (4823/6690) Exporting 'Lights_ALB'
ExportProgress : (4824/6690) Exporting 'AE_Wall_Tile_04_A'
ExportProgress : (4825/6690) Exporting 'AE_Vending_Machine_02_A'
ExportProgress : (4826/6690) Exporting 'sink01_NRM'
ExportProgress : (4827/6690) Exporting 'SuitDmat_MaskMap'
ExportProgress : (4828/6690) Exporting 'Grass_pe1jvwp0_MaskMap'
ExportProgress : (4829/6690) Exporting 'door01_NRM'
ExportProgress : (4830/6690) Exporting 'mirror01_1'
ExportProgress : (4831/6690) Exporting 'AE_Electric_Post_N'
ExportProgress : (4832/6690) Exporting 'Grass_pe1jvwp0_normal'
ExportProgress : (4833/6690) Exporting 'LeafsDecal_n'
ExportProgress : (4834/6690) Exporting 'Kitchen_Cabinet_Wood_BaseColor'
ExportProgress : (4835/6690) Exporting 'AE_Floor_02_A'
ExportProgress : (4836/6690) Exporting 'Porch_Props_MaskMap'
ExportProgress : (4837/6690) Exporting 'restroom_floor02_MaskMap'
ExportProgress : (4838/6690) Exporting 'AE_Scooter_E'
ExportProgress : (4839/6690) Exporting 'Wood_Trim_A_MaskMap'
ExportProgress : (4840/6690) Exporting 'Vents_A_BaseColor'
ExportProgress : (4841/6690) Exporting 'AE_Tream_Sheets_01_H'
ExportProgress : (4842/6690) Exporting 'AE_Wires_01_MaskMap'
ExportProgress : (4843/6690) Exporting 'male_casualsuit06_normal'
ExportProgress : (4844/6690) Exporting 'Porch_Props_d'
ExportProgress : (4845/6690) Exporting 'pipe01_1'
ExportProgress : (4846/6690) Exporting 'trashcan01_1'
ExportProgress : (4847/6690) Exporting 'SexTicket'
ExportProgress : (4848/6690) Exporting 'AE_Scooter_N'
ExportProgress : (4849/6690) Exporting 'Plant_Hedgebush_n'
ExportProgress : (4850/6690) Exporting 'Floor_ConcretePlates_n'
ExportProgress : (4851/6690) Exporting 'partition01_1_MaskMap'
ExportProgress : (4852/6690) Exporting 'Roof_A_BaseColor'
ExportProgress : (4853/6690) Exporting 'Posters_A_BaseColor'
ExportProgress : (4854/6690) Exporting 'soap01_1_MaskMap'
ExportProgress : (4855/6690) Exporting 'window01_1'
ExportProgress : (4856/6690) Exporting 'AE_Wallpaper_02_N'
ExportProgress : (4857/6690) Exporting 'Brick_A_BaseColor'
ExportProgress : (4858/6690) Exporting 'floor_grass_n'
ExportProgress : (4859/6690) Exporting 'tool03_1_MaskMap'
ExportProgress : (4860/6690) Exporting 'AE_Garbage_Сan_MaskMap'
ExportProgress : (4861/6690) Exporting 'AE_Wall_Tile_05_N'
ExportProgress : (4862/6690) Exporting 'In_WallPaper_RedandWood_n'
ExportProgress : (4863/6690) Exporting 'Plaster_A_Normal'
ExportProgress : (4864/6690) Exporting 'toilet02_NRM'
ExportProgress : (4865/6690) Exporting 'In_WallPaper_RedandWood_d'
ExportProgress : (4866/6690) Exporting 'Decal_Trim_A_Normal'
ExportProgress : (4867/6690) Exporting 'shoes01_2_MaskMap'
ExportProgress : (4868/6690) Exporting 'Tree_MaskMap'
ExportProgress : (4869/6690) Exporting 'Plant_A_Normal'
ExportProgress : (4870/6690) Exporting 'npc_csl_tshirt_01m_01_01_n'
ExportProgress : (4871/6690) Exporting 'AE_Minivan_Street_Body_N'
ExportProgress : (4872/6690) Exporting 'floor_grass_d'
ExportProgress : (4873/6690) Exporting 'TableSet_n'
ExportProgress : (4874/6690) Exporting 'AE_Road_Decals_A'
ExportProgress : (4875/6690) Exporting 'Concrete_Smooth_N'
ExportProgress : (4876/6690) Exporting 'Toilet_House_BaseColor'
ExportProgress : (4877/6690) Exporting 'tree_n'
ExportProgress : (4878/6690) Exporting 'lamp01_1'
ExportProgress : (4879/6690) Exporting 'Wall_HouseWoodPlank_White_d'
ExportProgress : (4880/6690) Exporting 'male_casualsuit06_diffuse'
ExportProgress : (4881/6690) Exporting 'restroom_wall01_NRM'
ExportProgress : (4882/6690) Exporting 'いぬ救世教'
ExportProgress : (4883/6690) Exporting 'Plant_A_BaseColor'
ExportProgress : (4884/6690) Exporting 'Grass_pe1jvwp0_Albedo'
ExportProgress : (4885/6690) Exporting 'Toilet_House_MaskMap'
ExportProgress : (4886/6690) Exporting 'Metal_Trim_B_MaskMap'
ExportProgress : (4887/6690) Exporting 'AE_Vending_Machine_01_N'
ExportProgress : (4888/6690) Exporting 'AE_Tream_Sheets_01_MaskMap'
ExportProgress : (4889/6690) Exporting 'tool02_NRM'
ExportProgress : (4890/6690) Exporting 'Glass_A_MaskMap'
ExportProgress : (4891/6690) Exporting 'SuitC_COLnew'
ExportProgress : (4892/6690) Exporting 'Floor_PorchPlanks_d'
ExportProgress : (4893/6690) Exporting 'Plant_Flowers_MaskMap'
ExportProgress : (4894/6690) Exporting 'AE_Conditioner_01_A'
ExportProgress : (4895/6690) Exporting 'AE_Bicycle_N'
ExportProgress : (4896/6690) Exporting 'hose01_NRM'
ExportProgress : (4897/6690) Exporting 'AE_Vending_Machine_02_MaskMap'
ExportProgress : (4898/6690) Exporting 'partition01_1'
ExportProgress : (4899/6690) Exporting 'Vents_A_MaskMap'
ExportProgress : (4900/6690) Exporting 'Plant_Hedgebush_d'
ExportProgress : (4901/6690) Exporting 'AE_Electric_Post_A'
ExportProgress : (4902/6690) Exporting 'tool02_1'
ExportProgress : (4903/6690) Exporting 'Posters_A_MaskMap'
ExportProgress : (4904/6690) Exporting 'Signs_B_MaskMap'
ExportProgress : (4905/6690) Exporting 'Plant_Treebush_d'
ExportProgress : (4906/6690) Exporting 'Decal_Trim_A_MaskMap'
ExportProgress : (4907/6690) Exporting 'AE_Vending_Machine_02_N'
ExportProgress : (4908/6690) Exporting 'Akita_Color'
ExportProgress : (4909/6690) Exporting 'LensFlare'
ExportProgress : (4910/6690) Exporting 'Metal_Trim_A_Normal'
ExportProgress : (4911/6690) Exporting 'Decal_Trim_A_BaseColor'
ExportProgress : (4912/6690) Exporting 'AE_Road_Elements_01_N'
ExportProgress : (4913/6690) Exporting 'restroom_wall01_HIG'
ExportProgress : (4914/6690) Exporting 'trashcan01_NRM'
ExportProgress : (4915/6690) Exporting 'Lamps_On_MaskMap'
ExportProgress : (4916/6690) Exporting 'bucket01_NRM'
ExportProgress : (4917/6690) Exporting 'Pipes_A_BaseColor'
ExportProgress : (4918/6690) Exporting 'Pipes_A_MaskMap'
ExportProgress : (4919/6690) Exporting 'AE_Wires_01_N'
ExportProgress : (4920/6690) Exporting 'SuitD_COLnew'
ExportProgress : (4921/6690) Exporting 'Signs_B_BaseColor'
ExportProgress : (4922/6690) Exporting 'sink01_1'
ExportProgress : (4923/6690) Exporting 'bucket01_1'
ExportProgress : (4924/6690) Exporting 'floor01_2_MaskMap'
ExportProgress : (4925/6690) Exporting 'toilet01_1_MaskMap'
ExportProgress : (4926/6690) Exporting 'AE_Wallpaper_A'
ExportProgress : (4927/6690) Exporting 'restroom_wall01_3'
ExportProgress : (4928/6690) Exporting 'shoes01_1_MaskMap'
ExportProgress : (4929/6690) Exporting 'restroom_floor02_1'
ExportProgress : (4930/6690) Exporting 'AE_Bicycle_MaskMap'
ExportProgress : (4931/6690) Exporting 'AE_Wall_Tile_05_A'
ExportProgress : (4932/6690) Exporting 'AE_Ground_MaskMap'
ExportProgress : (4933/6690) Exporting 'AE_Road_Decals_N'
ExportProgress : (4934/6690) Exporting 'trashcan01_1_MaskMap'
ExportProgress : (4935/6690) Exporting 'restroom_wall02_1'
ExportProgress : (4936/6690) Exporting 'Tree_Trunk_Tiled_n'
ExportProgress : (4937/6690) Exporting 'Lamps_d'
ExportProgress : (4938/6690) Exporting 'Metal_Shutter_A_Normal'
ExportProgress : (4939/6690) Exporting 'Grass_Dried_omgra0_normal'
ExportProgress : (4940/6690) Exporting 'Office_Furniture_ALB'
ExportProgress : (4941/6690) Exporting 'AE_Floor_MS'
ExportProgress : (4942/6690) Exporting 'Concrete_Trim_A_Normal'
ExportProgress : (4943/6690) Exporting 'Fabric_Trim_A_Normal'
ExportProgress : (4944/6690) Exporting 'Office_Furniture_NM'
ExportProgress : (4945/6690) Exporting 'door01_2_MaskMap'
ExportProgress : (4946/6690) Exporting 'Metal_Shutter_A_MaskMap'
ExportProgress : (4947/6690) Exporting 'window01_NRM'
ExportProgress : (4948/6690) Exporting 'LeafsDecal_bc'
ExportProgress : (4949/6690) Exporting 'restroom_wall01_pink_MaskMap'
ExportProgress : (4950/6690) Exporting 'tool01_1'
ExportProgress : (4951/6690) Exporting 'Curtains_A'
ExportProgress : (4952/6690) Exporting 'Tree_Trunk_Tiled_d'
ExportProgress : (4953/6690) Exporting 'AE_Road_Elements_01_MaskMap'
ExportProgress : (4954/6690) Exporting 'Floor_ConcretePlates_d'
ExportProgress : (4955/6690) Exporting 'Suit_NMnew'
ExportProgress : (4956/6690) Exporting 'Kitchen_Cabinet_Wood_Normal'
ExportProgress : (4957/6690) Exporting 'shoes01_normal'
ExportProgress : (4958/6690) Exporting 'Lamps_n'
ExportProgress : (4959/6690) Exporting 'Car_Red_MaskMap'
ExportProgress : (4960/6690) Exporting 'AE_Floor_A'
ExportProgress : (4961/6690) Exporting 'Wood_Trim_A_Normal'
ExportProgress : (4962/6690) Exporting 'Office_Props_ALB'
ExportProgress : (4963/6690) Exporting 'Plant_Bush_d'
ExportProgress : (4964/6690) Exporting 'Concrete_Trim_A_BaseColor'
ExportProgress : (4965/6690) Exporting 'AE_Garbage_can_A'
ExportProgress : (4966/6690) Exporting 'Porch_Props_n'
ExportProgress : (4967/6690) Exporting 'Car_Red_n'
ExportProgress : (4968/6690) Exporting 'Plaster_A_MaskMap'
ExportProgress : (4969/6690) Exporting 'Metal_Trim_B_Normal'
ExportProgress : (4970/6690) Exporting 'lamp02_1'
ExportProgress : (4971/6690) Exporting 'Flowerbed_d'
ExportProgress : (4972/6690) Exporting 'tool01_NRM'
ExportProgress : (4973/6690) Exporting 'Lamps_si'
ExportProgress : (4974/6690) Exporting 'restroom_floor01_2_MaskMap'
ExportProgress : (4975/6690) Exporting 'Car_Red_d'
ExportProgress : (4976/6690) Exporting 'いぬ救世教_N'
ExportProgress : (4977/6690) Exporting 'door01_2'
ExportProgress : (4978/6690) Exporting 'Plant_A_MaskMap'
ExportProgress : (4979/6690) Exporting 'Dirt_A_Normal'
ExportProgress : (4980/6690) Exporting 'Edge_Trim_A_BaseColor'
ExportProgress : (4981/6690) Exporting 'AE_Wallpaper_N'
ExportProgress : (4982/6690) Exporting 'lamp01_NRM'
ExportProgress : (4983/6690) Exporting 'AE_Vending_Machine_01_MaskMap'
ExportProgress : (4984/6690) Exporting 'Brick_A_MaskMap'
ExportProgress : (4985/6690) Exporting 'Ferns_Normal'
ExportProgress : (4986/6690) Exporting 'AE_Minivan_Street_Wheel_N'
ExportProgress : (4987/6690) Exporting 'Metal_Trim_A_MaskMap'
ExportProgress : (4988/6690) Exporting 'Plant_Treebush_MaskMap'
ExportProgress : (4989/6690) Exporting 'Background_Bush_n'
ExportProgress : (4990/6690) Exporting 'Kitchen_Cabinet_Wood_MaskMap'
ExportProgress : (4991/6690) Exporting 'Plant_Grass_MaskMap'
ExportProgress : (4992/6690) Exporting 'AE_Road_Elements_02_N'
ExportProgress : (4993/6690) Exporting 'Background_Bush_MaskMap'
ExportProgress : (4994/6690) Exporting 'restroom_tile01_2'
ExportProgress : (4995/6690) Exporting 'Fabric_Trim_A_MaskMap'
ExportProgress : (4996/6690) Exporting 'AE_Signboards_01_N'
ExportProgress : (4997/6690) Exporting 'restroom_ceiling01_MaskMap'
ExportProgress : (4998/6690) Exporting 'AE_Ground_N'
ExportProgress : (4999/6690) Exporting 'AE_Wall_Props_N'
ExportProgress : (5000/6690) Exporting 'AE_Floor_N'
ExportProgress : (5001/6690) Exporting 'tool03_1'
ExportProgress : (5002/6690) Exporting 'Couch_Fabric_BaseColor'
ExportProgress : (5003/6690) Exporting 'Plant_Treebush_n'
ExportProgress : (5004/6690) Exporting 'lamp01_1_MaskMap'
ExportProgress : (5005/6690) Exporting 'Fabric_Trim_A_BaseColor'
ExportProgress : (5006/6690) Exporting 'window01_1_MaskMap'
ExportProgress : (5007/6690) Exporting 'Flowerbed_n'
ExportProgress : (5008/6690) Exporting 'restroom_wall03_NRM'
ExportProgress : (5009/6690) Exporting 'Roof_A_Normal'
ExportProgress : (5010/6690) Exporting 'Paper_ALB'
ExportProgress : (5011/6690) Exporting 'sink02_NRM'
ExportProgress : (5012/6690) Exporting 'AE_Conditioner_01_MaskMap'
ExportProgress : (5013/6690) Exporting 'T_SM_KonbiniSign_01_DefaultMaterial_Albedo_Mat_MaskMap'
ExportProgress : (5014/6690) Exporting 'AE_Wallpaper_02_A'
ExportProgress : (5015/6690) Exporting 'Couch_Fabric_Normal'
ExportProgress : (5016/6690) Exporting 'CardboardBox_A_MaskMap'
ExportProgress : (5017/6690) Exporting 'Metal_Trim_B_BaseColor'
ExportProgress : (5018/6690) Exporting 'Suit_SPnew'
ExportProgress : (5019/6690) Exporting 'pipe01_NRM'
ExportProgress : (5020/6690) Exporting 'T_Ceilinglight_Emissive'
ExportProgress : (5021/6690) Exporting 'mtl_npc_hmn_uv0_face_01m_01_01_MaskMap'
ExportProgress : (5022/6690) Exporting 'AE_Ground_A'
ExportProgress : (5023/6690) Exporting 'Plaster_A_BaseColor'
ExportProgress : (5024/6690) Exporting 'Akita_color_MaskMap'
ExportProgress : (5025/6690) Exporting 'Plant_Bush_n'
ExportProgress : (5026/6690) Exporting 'Plant_BushGrass_MaskMap'
ExportProgress : (5027/6690) Exporting 'toilet02_1_MaskMap'
ExportProgress : (5028/6690) Exporting 'T_Sticks_05'
ExportProgress : (5029/6690) Exporting 'T_Newspaper_01_Normal'
ExportProgress : (5030/6690) Exporting 'T_SM_KonbiniSign_01_DefaultMaterial_Emissive'
ExportProgress : (5031/6690) Exporting 'T_Chips_12'
ExportProgress : (5032/6690) Exporting 'T_TilesPlain_Albedo_'
ExportProgress : (5033/6690) Exporting 'T_Masks_09'
ExportProgress : (5034/6690) Exporting 'T_Counter_01_Counter_Marble_Normal'
ExportProgress : (5035/6690) Exporting 'T_Bottle_02'
ExportProgress : (5036/6690) Exporting 'T_CupNoodles_02_Albedo'
ExportProgress : (5037/6690) Exporting 'T_Packs_Normal'
ExportProgress : (5038/6690) Exporting 'T_ToiletpaperBag_02'
ExportProgress : (5039/6690) Exporting 'T_IceCream_01_Normal'
ExportProgress : (5040/6690) Exporting 'T_Sandwich_01'
ExportProgress : (5041/6690) Exporting 'T_Chips_14'
ExportProgress : (5042/6690) Exporting 'T_Granola_01'
ExportProgress : (5043/6690) Exporting 'T_Vitamin_03'
ExportProgress : (5044/6690) Exporting 'T_Conditioner_05'
ExportProgress : (5045/6690) Exporting 'T_CupNoodles_05_Albedo'
ExportProgress : (5046/6690) Exporting 'T_FrozenFood_02'
ExportProgress : (5047/6690) Exporting 'T_Candy_08'
ExportProgress : (5048/6690) Exporting 'T_DetergentBag_01'
ExportProgress : (5049/6690) Exporting 'T_Beer_012'
ExportProgress : (5050/6690) Exporting 'T_Sandwich_02'
ExportProgress : (5051/6690) Exporting 'T_Beer_007'
ExportProgress : (5052/6690) Exporting 'T_Price_975'
ExportProgress : (5053/6690) Exporting 'T_ChipsCylindrical_02'
ExportProgress : (5054/6690) Exporting 'T_Chuuhai_009'
ExportProgress : (5055/6690) Exporting 'T_DetergentBag_04'
ExportProgress : (5056/6690) Exporting 'T_Hairspray_01_Normal'
ExportProgress : (5057/6690) Exporting 'T_Drink_009'
ExportProgress : (5058/6690) Exporting 'T_Sandwich_Normal'
ExportProgress : (5059/6690) Exporting 'T_Onigiri_05'
ExportProgress : (5060/6690) Exporting 'T_Drink_007'
ExportProgress : (5061/6690) Exporting 'T_SM_Door_Employee_01_Door_Normal'
ExportProgress : (5062/6690) Exporting 'T_Conditioner_02'
ExportProgress : (5063/6690) Exporting 'T_Chuuhai_011'
ExportProgress : (5064/6690) Exporting 'T_Cookies_01'
ExportProgress : (5065/6690) Exporting 'T_Candy_10'
ExportProgress : (5066/6690) Exporting 'T_Cookies_09'
ExportProgress : (5067/6690) Exporting 'T_Candy_01'
ExportProgress : (5068/6690) Exporting 'T_Masks_02'
ExportProgress : (5069/6690) Exporting 'T_Beer_004'
ExportProgress : (5070/6690) Exporting 'T_Magazine_10'
ExportProgress : (5071/6690) Exporting 'T_Bottle_11'
ExportProgress : (5072/6690) Exporting 'T_Chuuhai_010'
ExportProgress : (5073/6690) Exporting 'T_Ex_Asphalt_Albedo'
ExportProgress : (5074/6690) Exporting 'T_Bottle_01'
ExportProgress : (5075/6690) Exporting 'T_Newspaper_05'
ExportProgress : (5076/6690) Exporting 'T_Freezer_01_Albedo'
ExportProgress : (5077/6690) Exporting 'T_Concrete_Floor_Honed_normal'
ExportProgress : (5078/6690) Exporting 'T_FrozenFood_04'
ExportProgress : (5079/6690) Exporting 'T_Drink_010'
ExportProgress : (5080/6690) Exporting 'T_Foodshelf_01_Albedo'
ExportProgress : (5081/6690) Exporting 'T_Bento_01_Albedo'
ExportProgress : (5082/6690) Exporting 'T_Bottle_08'
ExportProgress : (5083/6690) Exporting 'T_IceCream_02'
ExportProgress : (5084/6690) Exporting 'T_Newspaper_06'
ExportProgress : (5085/6690) Exporting 'T_Newspaper_04'
ExportProgress : (5086/6690) Exporting 'T_Masks_07'
ExportProgress : (5087/6690) Exporting 'T_Umbrella_White_Normal'
ExportProgress : (5088/6690) Exporting 'T_Cup_01'
ExportProgress : (5089/6690) Exporting 'T_Chuuhai_006'
ExportProgress : (5090/6690) Exporting 'T_Drink_006'
ExportProgress : (5091/6690) Exporting 'T_Conditioner_01'
ExportProgress : (5092/6690) Exporting 'T_Shampoo_01'
ExportProgress : (5093/6690) Exporting 'T_Magazine_01_Normal'
ExportProgress : (5094/6690) Exporting 'T_Bottle_18'
ExportProgress : (5095/6690) Exporting 'T_Cookies_04'
ExportProgress : (5096/6690) Exporting 'T_Candy_07'
ExportProgress : (5097/6690) Exporting 'T_Counter_01_Wooden_Normal'
ExportProgress : (5098/6690) Exporting 'T_FrozenFood_12'
ExportProgress : (5099/6690) Exporting 'T_Cup_02'
ExportProgress : (5100/6690) Exporting 'T_Candy_05'
ExportProgress : (5101/6690) Exporting 'T_Sidewalk_Straight_01_Concrete_Albedo'
ExportProgress : (5102/6690) Exporting 'T_Bottle_07'
ExportProgress : (5103/6690) Exporting 'T_Bottle_12'
ExportProgress : (5104/6690) Exporting 'T_IceCream_07'
ExportProgress : (5105/6690) Exporting 'T_Cookies_03'
ExportProgress : (5106/6690) Exporting 'T_Chuuhai_007'
ExportProgress : (5107/6690) Exporting 'T_Sticks_04'
ExportProgress : (5108/6690) Exporting 'T_DetergentBag_02'
ExportProgress : (5109/6690) Exporting 'T_Granola_02'
ExportProgress : (5110/6690) Exporting 'T_Maskbag_01_Normal'
ExportProgress : (5111/6690) Exporting 'T_Bottle_05'
ExportProgress : (5112/6690) Exporting 'T_Chips_02'
ExportProgress : (5113/6690) Exporting 'T_Bento_01_Brown_Albedo'
ExportProgress : (5114/6690) Exporting 'T_Tissuebox_01_Normal'
ExportProgress : (5115/6690) Exporting 'T_CashRegister_Normal'
ExportProgress : (5116/6690) Exporting 'T_Shelf_01_Normal'
ExportProgress : (5117/6690) Exporting 'T_Chips_01_Normal'
ExportProgress : (5118/6690) Exporting 'T_Hairspray_11'
ExportProgress : (5119/6690) Exporting 'T_Hairspray_09'
ExportProgress : (5120/6690) Exporting 'T_Candy_11'
ExportProgress : (5121/6690) Exporting 'T_Cookies_02'
ExportProgress : (5122/6690) Exporting 'T_Magazine_12'
ExportProgress : (5123/6690) Exporting 'T_Chips_15'
ExportProgress : (5124/6690) Exporting 'T_Stands_Albedo'
ExportProgress : (5125/6690) Exporting 'T_Bottle_06'
ExportProgress : (5126/6690) Exporting 'T_Candy_13'
ExportProgress : (5127/6690) Exporting 'T_Chips_05'
ExportProgress : (5128/6690) Exporting 'T_Newspaper_02'
ExportProgress : (5129/6690) Exporting 'T_Chips_03'
ExportProgress : (5130/6690) Exporting 'T_Manga_Normal'
ExportProgress : (5131/6690) Exporting 'T_Chuuhai_012'
ExportProgress : (5132/6690) Exporting 'T_Magazine_14'
ExportProgress : (5133/6690) Exporting 'T_Masks_04'
ExportProgress : (5134/6690) Exporting 'T_Hairspray_10'
ExportProgress : (5135/6690) Exporting 'T_Sticks_07'
ExportProgress : (5136/6690) Exporting 'T_Foodshelf_01_Normal'
ExportProgress : (5137/6690) Exporting 'T_Umbrella_White_Albedo'
ExportProgress : (5138/6690) Exporting 'T_Hairspray_12'
ExportProgress : (5139/6690) Exporting 'T_Shampoo_04'
ExportProgress : (5140/6690) Exporting 'T_Cereals_02'
ExportProgress : (5141/6690) Exporting 'T_Can_01_Normal'
ExportProgress : (5142/6690) Exporting 'T_Conditioner_03'
ExportProgress : (5143/6690) Exporting 'T_CupNoodles_01_Normal'
ExportProgress : (5144/6690) Exporting 'T_Vitamin_06'
ExportProgress : (5145/6690) Exporting 'T_Chuuhai_004'
ExportProgress : (5146/6690) Exporting 'T_Detergent_Bag_01_Normal'
ExportProgress : (5147/6690) Exporting 'T_IceCream_04'
ExportProgress : (5148/6690) Exporting 'T_Shelf_Tobacco_Normal'
ExportProgress : (5149/6690) Exporting 'T_Shampoo_03'
ExportProgress : (5150/6690) Exporting 'T_Ceilinglight_Normal'
ExportProgress : (5151/6690) Exporting 'T_ToiletpaperBag_03'
ExportProgress : (5152/6690) Exporting 'T_Beer_005'
ExportProgress : (5153/6690) Exporting 'T_Bento_01_Normal'
ExportProgress : (5154/6690) Exporting 'T_Bottle_10'
ExportProgress : (5155/6690) Exporting 'T_Masks_10'
ExportProgress : (5156/6690) Exporting 'T_Hairspray_06'
ExportProgress : (5157/6690) Exporting 'T_Price_1654'
ExportProgress : (5158/6690) Exporting 'T_Hairspray_04'
ExportProgress : (5159/6690) Exporting 'T_Chips_08'
ExportProgress : (5160/6690) Exporting 'T_Shampoo_02'
ExportProgress : (5161/6690) Exporting 'T_Drink_005'
ExportProgress : (5162/6690) Exporting 'T_Trash_Normal'
ExportProgress : (5163/6690) Exporting 'T_Candybag_01_Normal'
ExportProgress : (5164/6690) Exporting 'T_FrozenFood_05'
ExportProgress : (5165/6690) Exporting 'T_Chuuhai_005'
ExportProgress : (5166/6690) Exporting 'T_SurveillanceCamera_Normal'
ExportProgress : (5167/6690) Exporting 'T_Price_258'
ExportProgress : (5168/6690) Exporting 'T_Candy_18'
ExportProgress : (5169/6690) Exporting 'T_ChipsCylindrical_03'
ExportProgress : (5170/6690) Exporting 'T_Hairspray_01'
ExportProgress : (5171/6690) Exporting 'T_CupNoodles_01_Albedo'
ExportProgress : (5172/6690) Exporting 'T_Generic_Normal'
ExportProgress : (5173/6690) Exporting 'T_FrozenFood_07'
ExportProgress : (5174/6690) Exporting 'T_Hairspray_07'
ExportProgress : (5175/6690) Exporting 'T_ATM_Albedo'
ExportProgress : (5176/6690) Exporting 'T_Onigiri_Normal'
ExportProgress : (5177/6690) Exporting 'T_Ceilinglight_Albedo'
ExportProgress : (5178/6690) Exporting 'T_CupNoodles_08_Albedo'
ExportProgress : (5179/6690) Exporting 'T_Chips_Normal'
ExportProgress : (5180/6690) Exporting 'T_Masks_06'
ExportProgress : (5181/6690) Exporting 'T_Ex_Bricks_Albedo'
ExportProgress : (5182/6690) Exporting 'T_Drink_012'
ExportProgress : (5183/6690) Exporting 'T_Newspaper_03'
ExportProgress : (5184/6690) Exporting 'T_ShampooTube_01_Normal'
ExportProgress : (5185/6690) Exporting 'T_Candy_06'
ExportProgress : (5186/6690) Exporting 'T_TilesPlain_Normal'
ExportProgress : (5187/6690) Exporting 'T_FrozenFood_06'
ExportProgress : (5188/6690) Exporting 'T_CupNoodles_07_Albedo'
ExportProgress : (5189/6690) Exporting 'T_Candy_04'
ExportProgress : (5190/6690) Exporting 'T_SurveillanceCamera_Albedo'
ExportProgress : (5191/6690) Exporting 'T_Tissues_04'
ExportProgress : (5192/6690) Exporting 'T_IceCream_06'
ExportProgress : (5193/6690) Exporting 'T_Stands_Normal'
ExportProgress : (5194/6690) Exporting 'T_CerealBox_01_Normal'
ExportProgress : (5195/6690) Exporting 'T_DetergentBag_03'
ExportProgress : (5196/6690) Exporting 'T_SM_KonbiniSign_01_DefaultMaterial_Albedo'
ExportProgress : (5197/6690) Exporting 'T_Counter_01_Counter_Marble_Albedo'
ExportProgress : (5198/6690) Exporting 'T_ATM_Normal'
ExportProgress : (5199/6690) Exporting 'T_Tissues_02'
ExportProgress : (5200/6690) Exporting 'T_Chuuhai_003'
ExportProgress : (5201/6690) Exporting 'T_Umbrella_WhiteHandle_Albedo'
ExportProgress : (5202/6690) Exporting 'T_Chips_06'
ExportProgress : (5203/6690) Exporting 'T_Candy_15'
ExportProgress : (5204/6690) Exporting 'T_FrozenFood_10'
ExportProgress : (5205/6690) Exporting 'T_Beer_011'
ExportProgress : (5206/6690) Exporting 'T_Magazine_02'
ExportProgress : (5207/6690) Exporting 'T_Cookies_06'
ExportProgress : (5208/6690) Exporting 'T_Candy_17'
ExportProgress : (5209/6690) Exporting 'T_Candy_03'
ExportProgress : (5210/6690) Exporting 'T_Tissues_05'
ExportProgress : (5211/6690) Exporting 'T_Beer_001'
ExportProgress : (5212/6690) Exporting 'T_Candy_12'
ExportProgress : (5213/6690) Exporting 'T_Packs_Albedo'
ExportProgress : (5214/6690) Exporting 'T_FrozenFood_13'
ExportProgress : (5215/6690) Exporting 'T_Bottle_03'
ExportProgress : (5216/6690) Exporting 'T_Manga_Albedo'
ExportProgress : (5217/6690) Exporting 'T_Freezer_02_Bronze_Normal'
ExportProgress : (5218/6690) Exporting 'T_Cookies_05'
ExportProgress : (5219/6690) Exporting 'T_Sticks_06'
ExportProgress : (5220/6690) Exporting 'T_Magazine_03'
ExportProgress : (5221/6690) Exporting 'T_FrozenFood_11'
ExportProgress : (5222/6690) Exporting 'T_sticks_01_Normal'
ExportProgress : (5223/6690) Exporting 'T_Beer_008'
ExportProgress : (5224/6690) Exporting 'T_Bottle_13'
ExportProgress : (5225/6690) Exporting 'T_Bottle_01_Normal'
ExportProgress : (5226/6690) Exporting 'T_Bottle_04'
ExportProgress : (5227/6690) Exporting 'T_SM_Door_Employee_01_Door_Albedo'
ExportProgress : (5228/6690) Exporting 'T_FrozenFood_03'
ExportProgress : (5229/6690) Exporting 'T_Sandwich_03'
ExportProgress : (5230/6690) Exporting 'T_Umbrella_Plain_Normal'
ExportProgress : (5231/6690) Exporting 'T_FrozenFood_08'
ExportProgress : (5232/6690) Exporting 'T_Vitamin_05'
ExportProgress : (5233/6690) Exporting 'T_DetergentBag_05'
ExportProgress : (5234/6690) Exporting 'T_Chips_11'
ExportProgress : (5235/6690) Exporting 'T_AirConditioner_Albedo'
ExportProgress : (5236/6690) Exporting 'T_Chips_13'
ExportProgress : (5237/6690) Exporting 'T_Masks_08'
ExportProgress : (5238/6690) Exporting 'T_Drink_001'
ExportProgress : (5239/6690) Exporting 'T_Shelf_Tobacco_Albedo'
ExportProgress : (5240/6690) Exporting 'T_Onigiri_01'
ExportProgress : (5241/6690) Exporting 'T_ToiletpaperBag_01_Albedo'
ExportProgress : (5242/6690) Exporting 'T_Masks_05'
ExportProgress : (5243/6690) Exporting 'T_Bottle_14'
ExportProgress : (5244/6690) Exporting 'T_Vitamin_01_Normal'
ExportProgress : (5245/6690) Exporting 'T_Cookies_08'
ExportProgress : (5246/6690) Exporting 'T_Onigiri_03'
ExportProgress : (5247/6690) Exporting 'T_Price_358'
ExportProgress : (5248/6690) Exporting 'T_Cereals_01'
ExportProgress : (5249/6690) Exporting 'T_Drink_004'
ExportProgress : (5250/6690) Exporting 'T_Conditioner_04'
ExportProgress : (5251/6690) Exporting 'T_Umbrella_Plain_Black_Albedo'
ExportProgress : (5252/6690) Exporting 'T_Vitamin_04'
ExportProgress : (5253/6690) Exporting 'T_Cereals_03'
ExportProgress : (5254/6690) Exporting 'T_FrozenFood_01_Normal'
ExportProgress : (5255/6690) Exporting 'T_Trash_Burnable_Albedo'
ExportProgress : (5256/6690) Exporting 'T_Vitamin_02'
ExportProgress : (5257/6690) Exporting 'T_Shampoo_05'
ExportProgress : (5258/6690) Exporting 'T_IceCream_08'
ExportProgress : (5259/6690) Exporting 'T_Candy_09'
ExportProgress : (5260/6690) Exporting 'T_Trash_OtherSM_Albedo'
ExportProgress : (5261/6690) Exporting 'T_AirConditioner_Normal'
ExportProgress : (5262/6690) Exporting 'T_Bottle_15'
ExportProgress : (5263/6690) Exporting 'T_Beer_003'
ExportProgress : (5264/6690) Exporting 'T_Chuuhai_008'
ExportProgress : (5265/6690) Exporting 'T_CupNoodles_04_Albedo'
ExportProgress : (5266/6690) Exporting 'T_IceCream_05'
ExportProgress : (5267/6690) Exporting 'T_Counter_01_Wooden_Dark_Albedo'
ExportProgress : (5268/6690) Exporting 'T_Bottle_09'
ExportProgress : (5269/6690) Exporting 'T_Tissues_01'
ExportProgress : (5270/6690) Exporting 'T_Onigiri_02'
ExportProgress : (5271/6690) Exporting 'T_Sticks_01'
ExportProgress : (5272/6690) Exporting 'T_Onigiri_04'
ExportProgress : (5273/6690) Exporting 'T_Hairspray_02'
ExportProgress : (5274/6690) Exporting 'T_FrozenFood_01'
ExportProgress : (5275/6690) Exporting 'T_CashRegister_albedo'
ExportProgress : (5276/6690) Exporting 'T_ToiletpaperBag_01_Normal'
ExportProgress : (5277/6690) Exporting 'T_Chips_09'
ExportProgress : (5278/6690) Exporting 'T_Ex_Asphalt_Normal'
ExportProgress : (5279/6690) Exporting 'T_Chips_10'
ExportProgress : (5280/6690) Exporting 'T_Hairspray_05'
ExportProgress : (5281/6690) Exporting 'T_Umbrella_Plain_White_Albedo'
ExportProgress : (5282/6690) Exporting 'T_Magazine_01'
ExportProgress : (5283/6690) Exporting 'T_Concrete_Floor_Honed_Albedo'
ExportProgress : (5284/6690) Exporting 'T_Masks_03'
ExportProgress : (5285/6690) Exporting 'T_Cookies_13'
ExportProgress : (5286/6690) Exporting 'T_Chuuhai_002'
ExportProgress : (5287/6690) Exporting 'T_Masks_01'
ExportProgress : (5288/6690) Exporting 'T_Cup_03'
ExportProgress : (5289/6690) Exporting 'T_Cookies_11'
ExportProgress : (5290/6690) Exporting 'T_Price_678'
ExportProgress : (5291/6690) Exporting 'T_Sidewalk_Straight_01_Concrete_Normal'
ExportProgress : (5292/6690) Exporting 'T_Cereals_05'
ExportProgress : (5293/6690) Exporting 'T_CupNoodles_06_Albedo'
ExportProgress : (5294/6690) Exporting 'T_Newspaper_01'
ExportProgress : (5295/6690) Exporting 'T_Cup_04'
ExportProgress : (5296/6690) Exporting 'T_Drink_011'
ExportProgress : (5297/6690) Exporting 'T_Vitamin_01'
ExportProgress : (5298/6690) Exporting 'T_Candy_02'
ExportProgress : (5299/6690) Exporting 'T_IceCream_03'
ExportProgress : (5300/6690) Exporting 'T_IceCream_01'
ExportProgress : (5301/6690) Exporting 'T_CupNoodles_03_Albedo'
ExportProgress : (5302/6690) Exporting 'T_Chuuhai_001'
ExportProgress : (5303/6690) Exporting 'T_Beer_009'
ExportProgress : (5304/6690) Exporting 'T_Chips_04'
ExportProgress : (5305/6690) Exporting 'T_Hairspray_08'
ExportProgress : (5306/6690) Exporting 'T_Trash_PetBottleSM_Albedo'
ExportProgress : (5307/6690) Exporting 'T_Ex_Bricks_Normal'
ExportProgress : (5308/6690) Exporting 'T_ChipsCylindrical_01'
ExportProgress : (5309/6690) Exporting 'T_Hairspray_03'
ExportProgress : (5310/6690) Exporting 'T_Shelf_01_Albedo'
ExportProgress : (5311/6690) Exporting 'T_Chips_01_Albedo'
ExportProgress : (5312/6690) Exporting 'T_Tissues_03'
ExportProgress : (5313/6690) Exporting 'T_Chips_07'
ExportProgress : (5314/6690) Exporting 'T_FrozenFood_09'
ExportProgress : (5315/6690) Exporting 'T_SM_KonbiniSign_01_DefaultMaterial_Normal'
ExportProgress : (5316/6690) Exporting 'T_Freezer_01_Normal'
ExportProgress : (5317/6690) Exporting 'T_Candy_14'
ExportProgress : (5318/6690) Exporting 'T_Cookies_07'
ExportProgress : (5319/6690) Exporting 'T_Cookies_12'
ExportProgress : (5320/6690) Exporting 'T_Candy_16'
ExportProgress : (5321/6690) Exporting 'T_Freezer_02_Bronze_Albedo'
ExportProgress : (5322/6690) Exporting 'AE_Detail_MaskMap'
ExportProgress : (5323/6690) Exporting 'AE_Detail_N'
ExportProgress : (5324/6690) Exporting 'AE_Signboards_01_E'
ExportProgress : (5325/6690) Exporting 'soap01_NRM'
ExportProgress : (5326/6690) Exporting 'tool02_1_MaskMap'
ExportProgress : (5327/6690) Exporting 'sink01_1_MaskMap'
ExportProgress : (5328/6690) Exporting 'shoes01_NRM'
ExportProgress : (5329/6690) Exporting 'restroom_wall01_blue_MaskMap'
ExportProgress : (5330/6690) Exporting 'TableSet_MaskMap'
ExportProgress : (5331/6690) Exporting 'Pool_Tiles_2_n'
ExportProgress : (5332/6690) Exporting 'Dirt_A_BaseColor'
ExportProgress : (5333/6690) Exporting 'AE_Scooter_01_MaskMap'
ExportProgress : (5334/6690) Exporting 'AE_Wall_Props_MaskMap'
ExportProgress : (5335/6690) Exporting 'AE_Road_Elements_01_A'
ExportProgress : (5336/6690) Exporting 'AE_Tream_Sheets_01_N'
ExportProgress : (5337/6690) Exporting 'AE_Minivan_Street_Wheel_MaskMap'
ExportProgress : (5338/6690) Exporting 'mtl_npc_csl_tshirt_01m_01_02bw_MaskMap'
ExportProgress : (5339/6690) Exporting 'Flowerbed_MaskMap'
ExportProgress : (5340/6690) Exporting 'SpotsDecals_bc'
ExportProgress : (5341/6690) Exporting 'DustBig'
ExportProgress : (5342/6690) Exporting 'AE_Signboards_01_MaskMap'
ExportProgress : (5343/6690) Exporting 'AE_Minivan_Street_Body_MaskMap'
ExportProgress : (5344/6690) Exporting 'AE_Electric_Post_Emission_MaskMap'
ExportProgress : (5345/6690) Exporting 'AE_Wall_Props_A'
ExportProgress : (5346/6690) Exporting 'Toilet_House_Normal'
ExportProgress : (5347/6690) Exporting 'In_WallPaper_RedandWood_MaskMap'
ExportProgress : (5348/6690) Exporting 'npc_csl_tshirt_01m_01_02bw_c'
ExportProgress : (5349/6690) Exporting 'Wood_Trim_A_BaseColor'
ExportProgress : (5350/6690) Exporting 'AE_Minivan_Street_Wheel_A'
ExportProgress : (5351/6690) Exporting 'Edge_Trim_A_Normal'
ExportProgress : (5352/6690) Exporting 'Couch_Fabric_MaskMap'
ExportProgress : (5353/6690) Exporting 'tool03_NRM'
ExportProgress : (5354/6690) Exporting 'tool01_1_MaskMap'
ExportProgress : (5355/6690) Exporting 'Background_Bush_d'
ExportProgress : (5356/6690) Exporting 'AE_Road_Sign_A'
ExportProgress : (5357/6690) Exporting 'AE_Sidewalk_A'
ExportProgress : (5358/6690) Exporting 'LeaksDecals_bc'
ExportProgress : (5359/6690) Exporting 'Plant_Flowers_d'
ExportProgress : (5360/6690) Exporting 'shoes01_1'
ExportProgress : (5361/6690) Exporting 'Akita_Normal'
ExportProgress : (5362/6690) Exporting 'pipe01_1_MaskMap'
ExportProgress : (5363/6690) Exporting 'Plastic_Trim_A_BaseColor'
ExportProgress : (5364/6690) Exporting 'AE_Bicycle_A'
ExportProgress : (5365/6690) Exporting 'Moss_Tiled_d'
ExportProgress : (5366/6690) Exporting 'Floor_PorchPlanks_n'
ExportProgress : (5367/6690) Exporting 'AE_Road_A'
ExportProgress : (5368/6690) Exporting 'AE_Scooter_A'
ExportProgress : (5369/6690) Exporting 'AE_Wires_01_A'
ExportProgress : (5370/6690) Exporting 'AE_Tream_Sheets_01_A'
ExportProgress : (5371/6690) Exporting 'AE_Detail_A'
ExportProgress : (5372/6690) Exporting 'AE_Electric_Post_MaskMap'
ExportProgress : (5373/6690) Exporting 'Pipes_A_Normal'
ExportProgress : (5374/6690) Exporting 'Roof_A_MaskMap'
ExportProgress : (5375/6690) Exporting 'AE_Minivan_Street_Body_A'
ExportProgress : (5376/6690) Exporting 'restroom_wall02_MaskMap'
ExportProgress : (5377/6690) Exporting 'Ferns_MaskMap'
ExportProgress : (5378/6690) Exporting 'Office_Props_MaskMap'
ExportProgress : (5379/6690) Exporting 'AE_Minivan_Street_Wheel_E'
ExportProgress : (5380/6690) Exporting 'LIghts_EMISS'
ExportProgress : (5381/6690) Exporting 'TableSet_d'
ExportProgress : (5382/6690) Exporting 'Ferns_Thickness'
ExportProgress : (5383/6690) Exporting 'toilet01_1'
ExportProgress : (5384/6690) Exporting 'Metal_Trim_A_BaseColor'
ExportProgress : (5385/6690) Exporting 'Glass_A_BaseColor_2'
ExportProgress : (5386/6690) Exporting 'restroom_wall03_1'
ExportProgress : (5387/6690) Exporting 'Signs_B_Normal'
ExportProgress : (5388/6690) Exporting 'tree_d'
ExportProgress : (5389/6690) Exporting 'CardboardBox_A_BaseColor'
ExportProgress : (5390/6690) Exporting 'restroom_tile01_NRM'
ExportProgress : (5391/6690) Exporting 'Lights_NM'
ExportProgress : (5392/6690) Exporting 'bucket01_1_MaskMap'
ExportProgress : (5393/6690) Exporting 'AE_Road_N'
ExportProgress : (5394/6690) Exporting 'AE_Sidewalk_N'
ExportProgress : (5395/6690) Exporting 'CardboardBox_A_Normal'
ExportProgress : (5396/6690) Exporting 'AE_Garbage_can_N'
ExportProgress : (5397/6690) Exporting 'sink02_1_MaskMap'
ExportProgress : (5398/6690) Exporting 'Moss_Tiled_n'
ExportProgress : (5399/6690) Exporting 'Brick_A_Normal'
ExportProgress : (5400/6690) Exporting 'Edge_Trim_A_MaskMap'
ExportProgress : (5401/6690) Exporting 'AE_Signboards_01_A'
ExportProgress : (5402/6690) Exporting 'lamp02_1_MaskMap'
ExportProgress : (5403/6690) Exporting 'shoes01_diffuse'
ExportProgress : (5404/6690) Exporting 'Ferns_Albedo_Opacity'
ExportProgress : (5405/6690) Exporting 'Plastic_Trim_A_MaskMap'
ExportProgress : (5406/6690) Exporting 'Metal_Shutter_A_BaseColor'
ExportProgress : (5407/6690) Exporting 'hose01_1'
ExportProgress : (5408/6690) Exporting 'Carpet_C_BaseColor'
ExportProgress : (5409/6690) Exporting 'AE_Scooter_Glass_MaskMap'
ExportProgress : (5410/6690) Exporting 'AE_Electric_Post_E'
ExportProgress : (5411/6690) Exporting 'Vents_A_Normal'
ExportProgress : (5412/6690) Exporting 'AE_Vending_Machine_01_A'
ExportProgress : (5413/6690) Exporting 'AE_Grass_01_A'
ExportProgress : (5414/6690) Exporting 'Dirt_A_MaskMap'
ExportProgress : (5415/6690) Exporting 'Concrete_Trim_A_MaskMap'
ExportProgress : (5416/6690) Exporting 'lamp02_ILM'
ExportProgress : (5417/6690) Exporting 'Grass_Dried_omgra0_Albedo'
ExportProgress : (5418/6690) Exporting 'toilet02_1'
ExportProgress : (5419/6690) Exporting 'sink02_1'
ExportProgress : (5420/6690) Exporting 'Plant_Flowers_n'
ExportProgress : (5421/6690) Exporting 'Plastic_Trim_A_Normal'
ExportProgress : (5422/6690) Exporting 'Office_Furniture_MaskMap'
ExportProgress : (5423/6690) Exporting 'AE_Floor_02_N'
ExportProgress : (5424/6690) Exporting 'mirror01_1_MaskMap'
ExportProgress : (5425/6690) Exporting 'AE_Wires_04_LOD0'
ExportProgress : (5426/6690) Exporting 'AE_Wires_01_LOD0'
ExportProgress : (5427/6690) Exporting 'Window_J'
ExportProgress : (5428/6690) Exporting 'CardboardBox_Car'
ExportProgress : (5429/6690) Exporting 'Nikuman_LOD1'
ExportProgress : (5430/6690) Exporting 'Electrical_C'
ExportProgress : (5431/6690) Exporting 'Cage'
ExportProgress : (5432/6690) Exporting 'AE_Plastic_Pipe_02'
ExportProgress : (5433/6690) Exporting 'Window_K'
ExportProgress : (5434/6690) Exporting 'FatCloth_LOD0'
ExportProgress : (5435/6690) Exporting 'AE_Wires_05_LOD2'
ExportProgress : (5436/6690) Exporting 'AE_Tablet_01'
ExportProgress : (5437/6690) Exporting 'AE_Tablet_04'
ExportProgress : (5438/6690) Exporting 'Wall_150x300'
ExportProgress : (5439/6690) Exporting 'AE_Wires_06_LOD1'
ExportProgress : (5440/6690) Exporting 'AE_Grass_01'
ExportProgress : (5441/6690) Exporting 'AE_Fence_04_LOD1'
ExportProgress : (5442/6690) Exporting 'Window_G'
ExportProgress : (5443/6690) Exporting 'AE_Electric_Box_03_LOD0'
ExportProgress : (5444/6690) Exporting 'FP_vase_A'
ExportProgress : (5445/6690) Exporting 'lock'
ExportProgress : (5446/6690) Exporting 'Vent_B'
ExportProgress : (5447/6690) Exporting 'CardboardBox_A'
ExportProgress : (5448/6690) Exporting 'AE_Gas_Meter_01_LOD2'
ExportProgress : (5449/6690) Exporting 'AE_Wires_09_LOD0'
ExportProgress : (5450/6690) Exporting 'AE_Wires_09_LOD2'
ExportProgress : (5451/6690) Exporting 'AE_Poster_01'
ExportProgress : (5452/6690) Exporting 'Sign_B_5'
ExportProgress : (5453/6690) Exporting 'AE_Fence_04_LOD0'
ExportProgress : (5454/6690) Exporting 'AE_Tablet_07'
ExportProgress : (5455/6690) Exporting 'Nikuman_LOD0'
ExportProgress : (5456/6690) Exporting 'Shelf_B'
ExportProgress : (5457/6690) Exporting 'Crate_A'
ExportProgress : (5458/6690) Exporting 'Door_D'
ExportProgress : (5459/6690) Exporting 'AE_Wires_07_LOD2'
ExportProgress : (5460/6690) Exporting 'AE_Poster_03'
ExportProgress : (5461/6690) Exporting 'AE_Wires_09_LOD1'
ExportProgress : (5462/6690) Exporting 'Basement_table'
ExportProgress : (5463/6690) Exporting 'AE_Plastic_Pipe_04'
ExportProgress : (5464/6690) Exporting 'partition01_2'
ExportProgress : (5465/6690) Exporting 'SuitGEO01'
ExportProgress : (5466/6690) Exporting 'Pipe_B'
ExportProgress : (5467/6690) Exporting 'AE_Electric_Box_05_LOD1'
ExportProgress : (5468/6690) Exporting 'AE_Wires_05_LOD1'
ExportProgress : (5469/6690) Exporting 'SubwayStop.001'
ExportProgress : (5470/6690) Exporting 'Vent_A'
ExportProgress : (5471/6690) Exporting 'Sign_B_7'
ExportProgress : (5472/6690) Exporting 'Lamp_wall_toilet'
ExportProgress : (5473/6690) Exporting 'AE_Tablet_08'
ExportProgress : (5474/6690) Exporting 'AE_Tablet_10'
ExportProgress : (5475/6690) Exporting 'AE_Electric_Box_03_LOD1'
ExportProgress : (5476/6690) Exporting 'AE_Tablet_09'
ExportProgress : (5477/6690) Exporting 'AE_Wires_03_LOD1'
ExportProgress : (5478/6690) Exporting 'Kitcabinet_full_cabinet'
ExportProgress : (5479/6690) Exporting 'AE_Scooter_01_LOD0.001'
ExportProgress : (5480/6690) Exporting 'Carpet_toilet'
ExportProgress : (5481/6690) Exporting 'AE_Tablet_13'
ExportProgress : (5482/6690) Exporting 'Body_LOD0'
ExportProgress : (5483/6690) Exporting 'Pot_A'
ExportProgress : (5484/6690) Exporting 'AE_Electric_Box_04_LOD0'
ExportProgress : (5485/6690) Exporting 'AE_Wires_01_LOD1'
ExportProgress : (5486/6690) Exporting 'AE_Electric_Box_05_LOD2'
ExportProgress : (5487/6690) Exporting 'AE_Wires_02_LOD2'
ExportProgress : (5488/6690) Exporting 'AE_Wires_07_LOD0'
ExportProgress : (5489/6690) Exporting 'AE_Tablet_11'
ExportProgress : (5490/6690) Exporting 'AE_Fence_05'
ExportProgress : (5491/6690) Exporting 'AE_Wires_04_LOD1'
ExportProgress : (5492/6690) Exporting 'Edge_100'
ExportProgress : (5493/6690) Exporting 'AE_Scooter_01_LOD0'
ExportProgress : (5494/6690) Exporting 'AE_Wires_05_LOD0'
ExportProgress : (5495/6690) Exporting 'npc_csl_tshirt_01m_torso_lod0'
ExportProgress : (5496/6690) Exporting 'AE_Poster_04'
ExportProgress : (5497/6690) Exporting 'Balcony_E'
ExportProgress : (5498/6690) Exporting 'GlassesMESH'
ExportProgress : (5499/6690) Exporting 'toilet02'
ExportProgress : (5500/6690) Exporting 'pipe01_2'
ExportProgress : (5501/6690) Exporting 'AE_Pipes_Angle_05_LOD0'
ExportProgress : (5502/6690) Exporting 'AE_Garbage_Сan_01_LOD0'
ExportProgress : (5503/6690) Exporting 'AE_Road_hatch_08'
ExportProgress : (5504/6690) Exporting 'tool02_plunger1'
ExportProgress : (5505/6690) Exporting 'AE_Canopy_01_LOD0'
ExportProgress : (5506/6690) Exporting 'LeaksDecal04'
ExportProgress : (5507/6690) Exporting 'AE_Sidewalk_01_05'
ExportProgress : (5508/6690) Exporting 'AE_Pipes_Angle_01_LOD0'
ExportProgress : (5509/6690) Exporting 'sink02'
ExportProgress : (5510/6690) Exporting 'AE_Street_Fence_01'
ExportProgress : (5511/6690) Exporting 'tool03_holder1'
ExportProgress : (5512/6690) Exporting 'AE_Road_Marking_10'
ExportProgress : (5513/6690) Exporting 'mirror01'
ExportProgress : (5514/6690) Exporting 'Wall_Light_2'
ExportProgress : (5515/6690) Exporting 'trashcan01'
ExportProgress : (5516/6690) Exporting 'floor01_2'
ExportProgress : (5517/6690) Exporting 'AE_Sidewalk_01_(0.5)'
ExportProgress : (5518/6690) Exporting 'AE_Sidewalk_Descent_02'
ExportProgress : (5519/6690) Exporting 'AE_Road_Sign_Pole_10_LOD0'
ExportProgress : (5520/6690) Exporting 'AE_Stone_04'
ExportProgress : (5521/6690) Exporting 'AE_Road_Sign_Pole_07_LOD0'
ExportProgress : (5522/6690) Exporting 'AE_Sidewalk_Descent_01'
ExportProgress : (5523/6690) Exporting 'Plant_FlowersRedBush'
ExportProgress : (5524/6690) Exporting 'AE_Flower_Pot_07_LOD0'
ExportProgress : (5525/6690) Exporting 'tool02_drain'
ExportProgress : (5526/6690) Exporting 'AE_Road_Marking_05'
ExportProgress : (5527/6690) Exporting 'AE_Metal_Corner_LOD0'
ExportProgress : (5528/6690) Exporting 'Flowerbed_High_2x'
ExportProgress : (5529/6690) Exporting 'AE_Pipes_02_LOD0'
ExportProgress : (5530/6690) Exporting 'pipe01_1'
ExportProgress : (5531/6690) Exporting 'AE_Road_Marking_12'
ExportProgress : (5532/6690) Exporting 'poster01_1'
ExportProgress : (5533/6690) Exporting 'AE_Flower_Pot_09_LOD0'
ExportProgress : (5534/6690) Exporting 'AE_Sidewalk_02'
ExportProgress : (5535/6690) Exporting 'Folder_Big_Blue'
ExportProgress : (5536/6690) Exporting 'Magazine_3'
ExportProgress : (5537/6690) Exporting 'AE_Stand_01'
ExportProgress : (5538/6690) Exporting 'SpotsDecal03'
ExportProgress : (5539/6690) Exporting 'AE_Electricity_Meter_01_LOD0'
ExportProgress : (5540/6690) Exporting 'AE_Pipes_Angle_02_LOD0'
ExportProgress : (5541/6690) Exporting 'handle'
ExportProgress : (5542/6690) Exporting 'AE_Road_Sign_03_LOD0'
ExportProgress : (5543/6690) Exporting 'Porch_Stool'
ExportProgress : (5544/6690) Exporting 'toilet01'
ExportProgress : (5545/6690) Exporting 'Tree_Trunk'
ExportProgress : (5546/6690) Exporting 'AE_Decals_05'
ExportProgress : (5547/6690) Exporting 'AE_Road_02_Angle'
ExportProgress : (5548/6690) Exporting 'Car_COL'
ExportProgress : (5549/6690) Exporting 'Stepler'
ExportProgress : (5550/6690) Exporting 'AE_Сurbstone_04'
ExportProgress : (5551/6690) Exporting 'AE_Road_04'
ExportProgress : (5552/6690) Exporting 'AE_Road_03'
ExportProgress : (5553/6690) Exporting 'AE_Road_Marking_09'
ExportProgress : (5554/6690) Exporting 'Wall_Clock'
ExportProgress : (5555/6690) Exporting 'AE_Сurbstone_01'
ExportProgress : (5556/6690) Exporting 'AE_Mailbox_01_LOD0'
ExportProgress : (5557/6690) Exporting 'hose01_2'
ExportProgress : (5558/6690) Exporting 'SpotsDecal05'
ExportProgress : (5559/6690) Exporting 'AE_Signboards_02'
ExportProgress : (5560/6690) Exporting 'AE_Flower_Pot_05_LOD0'
ExportProgress : (5561/6690) Exporting 'AE_Road_Marking_08'
ExportProgress : (5562/6690) Exporting 'AE_Sidewalk_03'
ExportProgress : (5563/6690) Exporting 'AE_Signboards_04'
ExportProgress : (5564/6690) Exporting 'AE_Door_01_LOD0.001'
ExportProgress : (5565/6690) Exporting 'Telephone'
ExportProgress : (5566/6690) Exporting 'AE_Canopy_04_LOD0'
ExportProgress : (5567/6690) Exporting 'tool01_brush'
ExportProgress : (5568/6690) Exporting 'Light_Hemispherical'
ExportProgress : (5569/6690) Exporting 'floor01_1'
ExportProgress : (5570/6690) Exporting 'poster01_2'
ExportProgress : (5571/6690) Exporting 'AE_Water_Meter_01_LOD0'
ExportProgress : (5572/6690) Exporting 'Lamp_Garden_Pilar_COL'
ExportProgress : (5573/6690) Exporting 'AE_Canopy_03_LOD0'
ExportProgress : (5574/6690) Exporting 'AE_Street_Fence_02'
ExportProgress : (5575/6690) Exporting 'AE_Decals_04'
ExportProgress : (5576/6690) Exporting 'tool03_holder3'
ExportProgress : (5577/6690) Exporting 'AE_Road_Marking_06'
ExportProgress : (5578/6690) Exporting 'AE_Canopy_02_LOD0'
ExportProgress : (5579/6690) Exporting 'AE_Scooter_01_LOD0'
ExportProgress : (5580/6690) Exporting 'shoe01_R'
ExportProgress : (5581/6690) Exporting 'AE_Signboards_01_LOD0'
ExportProgress : (5582/6690) Exporting 'AE_Stone_03'
ExportProgress : (5583/6690) Exporting 'AE_Sidewalk_01'
ExportProgress : (5584/6690) Exporting 'AE_Pipes_07_LOD0'
ExportProgress : (5585/6690) Exporting 'Tree_Grate'
ExportProgress : (5586/6690) Exporting 'Flowerbed_Low_2x'
ExportProgress : (5587/6690) Exporting 'Paper_Pile_2'
ExportProgress : (5588/6690) Exporting 'AE_Sidewalk_02_05'
ExportProgress : (5589/6690) Exporting 'AE_Road_01_025'
ExportProgress : (5590/6690) Exporting 'AE_Pipes_01_LOD0'
ExportProgress : (5591/6690) Exporting 'AE_Tactile_Pavement_02'
ExportProgress : (5592/6690) Exporting 'AE_Cone_02'
ExportProgress : (5593/6690) Exporting 'Frame_Stand_1'
ExportProgress : (5594/6690) Exporting 'shadow_women'
ExportProgress : (5595/6690) Exporting 'window01_bar'
ExportProgress : (5596/6690) Exporting 'wall_men'
ExportProgress : (5597/6690) Exporting 'Plant_Treebush'
ExportProgress : (5598/6690) Exporting 'AE_Tactile_Pavement_05'
ExportProgress : (5599/6690) Exporting 'AE_Road_Marking_04'
ExportProgress : (5600/6690) Exporting 'door01_2_door'
ExportProgress : (5601/6690) Exporting 'AE_Sidewalk_02_Angle_01'
ExportProgress : (5602/6690) Exporting 'AE_House_12_LOD0'
ExportProgress : (5603/6690) Exporting 'AE_Bottle_Сrate_LOD0'
ExportProgress : (5604/6690) Exporting 'AE_Сurbstone_02'
ExportProgress : (5605/6690) Exporting 'AE_Stone_02'
ExportProgress : (5606/6690) Exporting 'AE_Sidewalk_02_(0.5)'
ExportProgress : (5607/6690) Exporting 'AE_Road_Marking_01'
ExportProgress : (5608/6690) Exporting 'Plant_Lily'
ExportProgress : (5609/6690) Exporting 'AE_Road_01_Angle'
ExportProgress : (5610/6690) Exporting 'Plant_Punjab'
ExportProgress : (5611/6690) Exporting 'AE_Road_Сrossing_01'
ExportProgress : (5612/6690) Exporting 'lamp02'
ExportProgress : (5613/6690) Exporting 'AE_Сurbstone_Descent_01'
ExportProgress : (5614/6690) Exporting 'wall_women'
ExportProgress : (5615/6690) Exporting 'AE_House_11_LOD0'
ExportProgress : (5616/6690) Exporting 'Hanger_Stand'
ExportProgress : (5617/6690) Exporting 'AE_Mailbox_02_LOD0'
ExportProgress : (5618/6690) Exporting 'AE_Road_Marking_07'
ExportProgress : (5619/6690) Exporting 'AE_Garbage_Сan_03_LOD0'
ExportProgress : (5620/6690) Exporting 'tool03_trashcan'
ExportProgress : (5621/6690) Exporting 'AE_Stone_01'
ExportProgress : (5622/6690) Exporting 'Desk_1'
ExportProgress : (5623/6690) Exporting 'AE_Decals_02'
ExportProgress : (5624/6690) Exporting 'AE_Electricity_Meter_04_LOD0'
ExportProgress : (5625/6690) Exporting 'LeafsDecal'
ExportProgress : (5626/6690) Exporting 'AE_Road_Sign_02_LOD0'
ExportProgress : (5627/6690) Exporting 'sink01'
ExportProgress : (5628/6690) Exporting 'AE_Pipes_04_LOD0'
ExportProgress : (5629/6690) Exporting 'Akita'
ExportProgress : (5630/6690) Exporting 'Plant_Grass'
ExportProgress : (5631/6690) Exporting 'Floor_Porch_3x2'
ExportProgress : (5632/6690) Exporting 'Book_Holder_Face'
ExportProgress : (5633/6690) Exporting 'AE_Road_03_Angle'
ExportProgress : (5634/6690) Exporting 'AE_Pipes_03_LOD0'
ExportProgress : (5635/6690) Exporting 'tool01_deckbrush'
ExportProgress : (5636/6690) Exporting 'AE_Stand_02'
ExportProgress : (5637/6690) Exporting 'AE_Road_hatch_06'
ExportProgress : (5638/6690) Exporting 'AE_Road_Marking_02'
ExportProgress : (5639/6690) Exporting 'AE_Road_Sign_Pole_08_LOD0'
ExportProgress : (5640/6690) Exporting 'AE_Showcase_02_Door_01.001'
ExportProgress : (5641/6690) Exporting 'RoundTable_COL'
ExportProgress : (5642/6690) Exporting 'Flower_Yellow_01'
ExportProgress : (5643/6690) Exporting 'AE_Road_hatch_05'
ExportProgress : (5644/6690) Exporting 'tool03_roll'
ExportProgress : (5645/6690) Exporting 'AE_Road_Sign_Pole_06_LOD0'
ExportProgress : (5646/6690) Exporting 'SM_Bento_01_LOD0'
ExportProgress : (5647/6690) Exporting 'SM_Newspaper_01_LOD0'
ExportProgress : (5648/6690) Exporting 'SM_Freezer_02_Door_LOD0'
ExportProgress : (5649/6690) Exporting 'SM_Counter_01_withShelf'
ExportProgress : (5650/6690) Exporting 'SM_Shelf_04'
ExportProgress : (5651/6690) Exporting 'SM_Freezer_01_Dense_LOD0'
ExportProgress : (5652/6690) Exporting 'SM_Candybag_01_LOD0'
ExportProgress : (5653/6690) Exporting 'SM_Hairspray_01_LOD0'
ExportProgress : (5654/6690) Exporting 'SM_Magazine_01_LOD0'
ExportProgress : (5655/6690) Exporting 'SM_Manga_03_LOD0'
ExportProgress : (5656/6690) Exporting 'SM_Manga_02_LOD0'
ExportProgress : (5657/6690) Exporting 'SM_Freezer_01_LOD0'
ExportProgress : (5658/6690) Exporting 'SM_Can_01_LOD0'
ExportProgress : (5659/6690) Exporting 'SM_Freezer_02_Shelf_LOD0'
ExportProgress : (5660/6690) Exporting 'SM_CupNoodles_01_LOD0'
ExportProgress : (5661/6690) Exporting 'SM_Counter_01_Small'
ExportProgress : (5662/6690) Exporting 'SM_Foodshelf_01_LOD0'
ExportProgress : (5663/6690) Exporting 'SM_Tag_01_LOD0'
ExportProgress : (5664/6690) Exporting 'SM_CeilingLight_02'
ExportProgress : (5665/6690) Exporting 'SM_Chips_Cylinder_LOD0'
ExportProgress : (5666/6690) Exporting 'SM_Sandwich_LOD0'
ExportProgress : (5667/6690) Exporting 'SM_FrontWindows_01_LOD0'
ExportProgress : (5668/6690) Exporting 'SM_KonbiniSign_01_LOD0'
ExportProgress : (5669/6690) Exporting 'SM_Chips_01_LOD0'
ExportProgress : (5670/6690) Exporting 'SM_Counter_01_Corner_Smooth'
ExportProgress : (5671/6690) Exporting 'SM_Shelf_08'
ExportProgress : (5672/6690) Exporting 'SM_Shelf_07_LOD0'
ExportProgress : (5673/6690) Exporting 'SM_CerealBox_01_LOD0'
ExportProgress : (5674/6690) Exporting 'SM_Door_Employee_01_LOD0'
ExportProgress : (5675/6690) Exporting 'SM_Bottle_04_LOD0'
ExportProgress : (5676/6690) Exporting 'SM_Trash_01_LOD0'
ExportProgress : (5677/6690) Exporting 'SM_ATM_LOD0'
ExportProgress : (5678/6690) Exporting 'SM_FrozenFood_01_LOD0'
ExportProgress : (5679/6690) Exporting 'SM_Bottle_02_LOD0'
ExportProgress : (5680/6690) Exporting 'SM_Bottle_03_LOD0'
ExportProgress : (5681/6690) Exporting 'SM_Sidewalk_Straight_01_LOD0'
ExportProgress : (5682/6690) Exporting 'SM_Freezer_01_Wide_Dense_LOD0'
ExportProgress : (5683/6690) Exporting 'SM_Freezer_01_Wide_LOD0'
ExportProgress : (5684/6690) Exporting 'SM_Shelf_10_LOD0'
ExportProgress : (5685/6690) Exporting 'SM_NewspaperStand_LOD0'
ExportProgress : (5686/6690) Exporting 'SM_Bento_02_LOD0'
ExportProgress : (5687/6690) Exporting 'SM_AirConditioner_Ceiling_LOD0'
ExportProgress : (5688/6690) Exporting 'SM_Chips_03_LOD0'
ExportProgress : (5689/6690) Exporting 'SM_Shelf_03'
ExportProgress : (5690/6690) Exporting 'SM_KombiniGeo_LOD0'
ExportProgress : (5691/6690) Exporting 'SM_Umbrella_LOD0'
ExportProgress : (5692/6690) Exporting 'SM_CashRegister_LOD0'
ExportProgress : (5693/6690) Exporting 'SM_Shelf_01'
ExportProgress : (5694/6690) Exporting 'SM_Shelf_Tobacco_LOD0'
ExportProgress : (5695/6690) Exporting 'SM_ToiletpaperBag_01_LOD0'
ExportProgress : (5696/6690) Exporting 'SM_Maskbag_01_LOD0'
ExportProgress : (5697/6690) Exporting 'SM_Manga_01_LOD0'
ExportProgress : (5698/6690) Exporting 'SM_ShampooTube_01_LOD0'
ExportProgress : (5699/6690) Exporting 'SM_Detergent_Bag_01_LOD0'
ExportProgress : (5700/6690) Exporting 'SM_Freezer_02_LOD0'
ExportProgress : (5701/6690) Exporting 'SM_Sidewalk_Corner_LOD0'
ExportProgress : (5702/6690) Exporting 'SM_IceCream_01_LOD0'
ExportProgress : (5703/6690) Exporting 'SM_Tissuebox_01_LOD0'
ExportProgress : (5704/6690) Exporting 'SM_Shelf_Tobacco_02_LOD0'
ExportProgress : (5705/6690) Exporting 'SM_sticks_01_LOD0'
ExportProgress : (5706/6690) Exporting 'SM_Bottle_06_LOD0'
ExportProgress : (5707/6690) Exporting 'SM_Freezer_02_Empty_LOD0'
ExportProgress : (5708/6690) Exporting 'SM_Onigiri_LOD0'
ExportProgress : (5709/6690) Exporting 'SM_UmbrellaStand_LOD0'
ExportProgress : (5710/6690) Exporting 'SM_Umbrella_Small_LOD0'
ExportProgress : (5711/6690) Exporting 'SM_Counter_01'
ExportProgress : (5712/6690) Exporting 'SM_Shelf_02'
ExportProgress : (5713/6690) Exporting 'SM_Vitamin_01_LOD0'
ExportProgress : (5714/6690) Exporting 'SM_Bottle_01_LOD0'
ExportProgress : (5715/6690) Exporting 'SM_Counter_01_Corner_LOD0'
ExportProgress : (5716/6690) Exporting 'SM_Manga_04_LOD0'
ExportProgress : (5717/6690) Exporting 'SM_Generic_01_LOD0'
ExportProgress : (5718/6690) Exporting 'SM_Surveillance_Camera_LOD0'
ExportProgress : (5719/6690) Exporting 'AE_Road_hatch_07'
ExportProgress : (5720/6690) Exporting 'door01_1_door'
ExportProgress : (5721/6690) Exporting 'partition01_2'
ExportProgress : (5722/6690) Exporting 'AE_Road_hatch_02'
ExportProgress : (5723/6690) Exporting 'AE_House_02_LOD0'
ExportProgress : (5724/6690) Exporting 'AE_Road_Sign_Pole_01_LOD0'
ExportProgress : (5725/6690) Exporting 'Couch_Fabric_1seat_COL'
ExportProgress : (5726/6690) Exporting 'partition01_4'
ExportProgress : (5727/6690) Exporting 'tool03_holder2'
ExportProgress : (5728/6690) Exporting 'AE_Road_Marking_03'
ExportProgress : (5729/6690) Exporting 'bucket01_2'
ExportProgress : (5730/6690) Exporting 'bar'
ExportProgress : (5731/6690) Exporting 'AE_Pipes_05_LOD0'
ExportProgress : (5732/6690) Exporting 'AE_Stand_03'
ExportProgress : (5733/6690) Exporting 'AE_Signboards_05'
ExportProgress : (5734/6690) Exporting 'Frame_Wall_4'
ExportProgress : (5735/6690) Exporting 'AE_Pipes_Angle_03_LOD0'
ExportProgress : (5736/6690) Exporting 'soap01'
ExportProgress : (5737/6690) Exporting 'AE_Garbage_Сan_02_LOD0'
ExportProgress : (5738/6690) Exporting 'AE_Door_04_LOD0.002'
ExportProgress : (5739/6690) Exporting 'AE_Flower_Pot_04_LOD0'
ExportProgress : (5740/6690) Exporting 'AE_Ventilation system_02_LOD0'
ExportProgress : (5741/6690) Exporting 'tool01_detergent'
ExportProgress : (5742/6690) Exporting 'Magazine_Row_2'
ExportProgress : (5743/6690) Exporting 'AE_Gas_Meter_01_LOD0'
ExportProgress : (5744/6690) Exporting 'Cabinet'
ExportProgress : (5745/6690) Exporting 'AE_Flower_Pot_03_LOD0'
ExportProgress : (5746/6690) Exporting 'AE_Road_02'
ExportProgress : (5747/6690) Exporting 'AE_Sidewalk_01_Angle_01'
ExportProgress : (5748/6690) Exporting 'AE_Bracing_01_LOD0'
ExportProgress : (5749/6690) Exporting 'AE_Pipes_06_LOD0'
ExportProgress : (5750/6690) Exporting 'Background_Bush_6x'
ExportProgress : (5751/6690) Exporting 'AE_Road_01'
ExportProgress : (5752/6690) Exporting 'Calculator'
ExportProgress : (5753/6690) Exporting 'AE_Electricity_Meter_02_LOD0'
ExportProgress : (5754/6690) Exporting 'AE_Electricity_Meter_03_LOD0'
ExportProgress : (5755/6690) Exporting 'LeaksDecal08'
ExportProgress : (5756/6690) Exporting 'Lamp_Garden_Pilar'
ExportProgress : (5757/6690) Exporting 'lamp01_switch'
ExportProgress : (5758/6690) Exporting 'AE_Ventilation system_01_LOD0'
ExportProgress : (5759/6690) Exporting 'AE_Ventilation system_03_LOD0'
ExportProgress : (5760/6690) Exporting 'Lamp_Street_Low'
ExportProgress : (5761/6690) Exporting 'partition01_1'
ExportProgress : (5762/6690) Exporting 'AE_Road_Sign_Pole_09_LOD0'
ExportProgress : (5763/6690) Exporting 'AE_Road_hatch_04'
ExportProgress : (5764/6690) Exporting 'AE_Cone_01'
ExportProgress : (5765/6690) Exporting 'Flower_Red_01'
ExportProgress : (5766/6690) Exporting 'Plant_Fern'
ExportProgress : (5767/6690) Exporting 'Tree_Grate'
ExportProgress : (5768/6690) Exporting 'AE_Minivan_Street_LOD0'
ExportProgress : (5769/6690) Exporting 'RoundTable'
ExportProgress : (5770/6690) Exporting 'AE_Road_hatch_03'
ExportProgress : (5771/6690) Exporting 'AE_Road_Marking_11'
ExportProgress : (5772/6690) Exporting 'partition01_3'
ExportProgress : (5773/6690) Exporting 'Plant_HedgeBush'
ExportProgress : (5774/6690) Exporting 'AE_Pipes_Angle_06_LOD0'
ExportProgress : (5775/6690) Exporting 'AE_Sidewalk_03_Angle_01'
ExportProgress : (5776/6690) Exporting 'shadow_men'
ExportProgress : (5777/6690) Exporting 'lamp01'
ExportProgress : (5778/6690) Exporting 'hose01_1'
ExportProgress : (5779/6690) Exporting 'AE_Road_hatch_01'
ExportProgress : (5780/6690) Exporting 'AE_Pipes_08_LOD0'
ExportProgress : (5781/6690) Exporting 'AE_Pipes_Angle_05_LOD1'
ExportProgress : (5782/6690) Exporting 'AE_Garbage_Сan_01_LOD1'
ExportProgress : (5783/6690) Exporting 'AE_Pipes_Angle_01_LOD1'
ExportProgress : (5784/6690) Exporting 'AE_Vending_Machine_01_LOD0'
ExportProgress : (5785/6690) Exporting 'AE_Road_Sign_Pole_07_LOD1'
ExportProgress : (5786/6690) Exporting 'AE_Flower_Pot_07_LOD1'
ExportProgress : (5787/6690) Exporting 'AE_Pipes_02_LOD1'
ExportProgress : (5788/6690) Exporting 'Car'
ExportProgress : (5789/6690) Exporting 'AE_Flower_Pot_09_LOD1'
ExportProgress : (5790/6690) Exporting 'AE_Electricity_Meter_01_LOD1'
ExportProgress : (5791/6690) Exporting 'AE_Pipes_Angle_02_LOD1'
ExportProgress : (5792/6690) Exporting 'bucket01_1'
ExportProgress : (5793/6690) Exporting 'AE_Road_Sign_03_LOD1'
ExportProgress : (5794/6690) Exporting 'Tree_Grate'
ExportProgress : (5795/6690) Exporting 'AE_Vending_Machine_03_LOD0'
ExportProgress : (5796/6690) Exporting 'AE_Mailbox_01_LOD1'
ExportProgress : (5797/6690) Exporting 'AE_Flower_Pot_05_LOD1'
ExportProgress : (5798/6690) Exporting 'AE_Bicycle_01_LOD0'
ExportProgress : (5799/6690) Exporting 'AE_Door_01_LOD1.001'
ExportProgress : (5800/6690) Exporting 'AE_Canopy_04_LOD1'
ExportProgress : (5801/6690) Exporting 'AE_Pipes_09_LOD1'
ExportProgress : (5802/6690) Exporting 'AE_Water_Meter_01_LOD1'
ExportProgress : (5803/6690) Exporting 'AE_Canopy_03_LOD1'
ExportProgress : (5804/6690) Exporting 'AE_Flower_Pot_01_LOD0'
ExportProgress : (5805/6690) Exporting 'AE_Canopy_02_LOD1'
ExportProgress : (5806/6690) Exporting 'AE_Scooter_01_LOD1'
ExportProgress : (5807/6690) Exporting 'shoe01_L'
ExportProgress : (5808/6690) Exporting 'AE_Pipes_07_LOD1'
ExportProgress : (5809/6690) Exporting 'Tree_Trunk'
ExportProgress : (5810/6690) Exporting 'AE_Pipes_01_LOD1'
ExportProgress : (5811/6690) Exporting 'floor'
ExportProgress : (5812/6690) Exporting 'door01_2_frame'
ExportProgress : (5813/6690) Exporting 'AE_House_12_LOD1'
ExportProgress : (5814/6690) Exporting 'AE_Bottle_Сrate_LOD1'
ExportProgress : (5815/6690) Exporting 'AE_Flower_Pot_02_LOD0'
ExportProgress : (5816/6690) Exporting 'floor'
ExportProgress : (5817/6690) Exporting 'AE_House_11_LOD1'
ExportProgress : (5818/6690) Exporting 'AE_Mailbox_02_LOD1'
ExportProgress : (5819/6690) Exporting 'AE_Garbage_Сan_03_LOD1'
ExportProgress : (5820/6690) Exporting 'Desk_1_Drawer'
ExportProgress : (5821/6690) Exporting 'AE_Electricity_Meter_04_LOD1'
ExportProgress : (5822/6690) Exporting 'AE_Road_Sign_02_LOD1'
ExportProgress : (5823/6690) Exporting 'AE_Pipes_04_LOD1'
ExportProgress : (5824/6690) Exporting 'AE_Pipes_03_LOD1'
ExportProgress : (5825/6690) Exporting 'AE_Road_Sign_Pole_08_LOD1'
ExportProgress : (5826/6690) Exporting 'AE_House_06_LOD0'
ExportProgress : (5827/6690) Exporting 'AE_Road_Sign_Pole_06_LOD1'
ExportProgress : (5828/6690) Exporting 'SM_Bento_01_LOD1'
ExportProgress : (5829/6690) Exporting 'SM_Newspaper_01_LOD1'
ExportProgress : (5830/6690) Exporting 'SM_Freezer_02_Door_LOD1'
ExportProgress : (5831/6690) Exporting 'SM_Freezer_01_Dense_LOD1'
ExportProgress : (5832/6690) Exporting 'SM_Candybag_01_LOD1'
ExportProgress : (5833/6690) Exporting 'SM_Hairspray_01_LOD1'
ExportProgress : (5834/6690) Exporting 'SM_Magazine_01_LOD1'
ExportProgress : (5835/6690) Exporting 'SM_Manga_03_LOD1'
ExportProgress : (5836/6690) Exporting 'SM_Manga_02_LOD1'
ExportProgress : (5837/6690) Exporting 'SM_Freezer_01_LOD1'
ExportProgress : (5838/6690) Exporting 'SM_Can_01_LOD1'
ExportProgress : (5839/6690) Exporting 'SM_Freezer_02_Shelf_LOD1'
ExportProgress : (5840/6690) Exporting 'SM_CupNoodles_01_LOD1'
ExportProgress : (5841/6690) Exporting 'SM_Foodshelf_01_LOD1'
ExportProgress : (5842/6690) Exporting 'SM_Tag_01_LOD1'
ExportProgress : (5843/6690) Exporting 'SM_Chips_Cylinder_LOD1'
ExportProgress : (5844/6690) Exporting 'SM_Sandwich_LOD1'
ExportProgress : (5845/6690) Exporting 'SM_FrontWindows_01_LOD1'
ExportProgress : (5846/6690) Exporting 'SM_KonbiniSign_01_LOD1'
ExportProgress : (5847/6690) Exporting 'SM_Chips_01_LOD1'
ExportProgress : (5848/6690) Exporting 'SM_Shelf_07_LOD1'
ExportProgress : (5849/6690) Exporting 'SM_CerealBox_01_LOD1'
ExportProgress : (5850/6690) Exporting 'SM_Door_Employee_01_LOD1'
ExportProgress : (5851/6690) Exporting 'SM_Bottle_04_LOD1'
ExportProgress : (5852/6690) Exporting 'SM_Trash_01_LOD1'
ExportProgress : (5853/6690) Exporting 'SM_ATM_LOD1'
ExportProgress : (5854/6690) Exporting 'SM_FrozenFood_01_LOD1'
ExportProgress : (5855/6690) Exporting 'SM_Bottle_02_LOD1'
ExportProgress : (5856/6690) Exporting 'SM_Bottle_03_LOD1'
ExportProgress : (5857/6690) Exporting 'SM_Sidewalk_Straight_01_LOD1'
ExportProgress : (5858/6690) Exporting 'SM_Freezer_01_Wide_Dense_LOD1'
ExportProgress : (5859/6690) Exporting 'SM_Freezer_01_Wide_LOD1'
ExportProgress : (5860/6690) Exporting 'SM_Shelf_10_LOD1'
ExportProgress : (5861/6690) Exporting 'SM_NewspaperStand_LOD1'
ExportProgress : (5862/6690) Exporting 'SM_Bento_02_LOD1'
ExportProgress : (5863/6690) Exporting 'SM_AirConditioner_Ceiling_LOD1'
ExportProgress : (5864/6690) Exporting 'SM_Chips_03_LOD1'
ExportProgress : (5865/6690) Exporting 'SM_KombiniGeo_LOD1'
ExportProgress : (5866/6690) Exporting 'SM_Umbrella_LOD1'
ExportProgress : (5867/6690) Exporting 'SM_CashRegister_LOD1'
ExportProgress : (5868/6690) Exporting 'SM_Shelf_Tobacco_LOD1'
ExportProgress : (5869/6690) Exporting 'SM_ToiletpaperBag_01_LOD1'
ExportProgress : (5870/6690) Exporting 'SM_Maskbag_01_LOD1'
ExportProgress : (5871/6690) Exporting 'SM_Manga_01_LOD1'
ExportProgress : (5872/6690) Exporting 'SM_ShampooTube_01_LOD1'
ExportProgress : (5873/6690) Exporting 'SM_Detergent_Bag_01_LOD1'
ExportProgress : (5874/6690) Exporting 'SM_Freezer_02_LOD1'
ExportProgress : (5875/6690) Exporting 'SM_Sidewalk_Corner_LOD1'
ExportProgress : (5876/6690) Exporting 'SM_IceCream_01_LOD1'
ExportProgress : (5877/6690) Exporting 'SM_Tissuebox_01_LOD1'
ExportProgress : (5878/6690) Exporting 'SM_Shelf_Tobacco_02_LOD1'
ExportProgress : (5879/6690) Exporting 'SM_sticks_01_LOD1'
ExportProgress : (5880/6690) Exporting 'SM_Bottle_06_LOD1'
ExportProgress : (5881/6690) Exporting 'SM_Freezer_02_Empty_LOD1'
ExportProgress : (5882/6690) Exporting 'SM_Onigiri_LOD1'
ExportProgress : (5883/6690) Exporting 'SM_UmbrellaStand_LOD1'
ExportProgress : (5884/6690) Exporting 'SM_Umbrella_Small_LOD1'
ExportProgress : (5885/6690) Exporting 'SM_Vitamin_01_LOD1'
ExportProgress : (5886/6690) Exporting 'SM_Bottle_01_LOD1'
ExportProgress : (5887/6690) Exporting 'SM_Counter_01_Corner_LOD1'
ExportProgress : (5888/6690) Exporting 'SM_Manga_04_LOD1'
ExportProgress : (5889/6690) Exporting 'SM_Generic_01_LOD1'
ExportProgress : (5890/6690) Exporting 'SM_Surveillance_Camera_LOD1'
ExportProgress : (5891/6690) Exporting 'AE_Vending_Machine_02_LOD0'
ExportProgress : (5892/6690) Exporting 'door01_1_frame'
ExportProgress : (5893/6690) Exporting 'door'
ExportProgress : (5894/6690) Exporting 'AE_Door_02_05_LOD0.001'
ExportProgress : (5895/6690) Exporting 'door'
ExportProgress : (5896/6690) Exporting 'AE_Pipes_05_LOD1'
ExportProgress : (5897/6690) Exporting 'AE_Garbage_Сan_02_LOD1'
ExportProgress : (5898/6690) Exporting 'AE_Door_02_01_LOD0.001'
ExportProgress : (5899/6690) Exporting 'AE_Flower_Pot_04_LOD1'
ExportProgress : (5900/6690) Exporting 'AE_Gas_Meter_01_LOD1'
ExportProgress : (5901/6690) Exporting 'Cabinet_Drawer_3'
ExportProgress : (5902/6690) Exporting 'AE_Flower_Pot_03_LOD1'
ExportProgress : (5903/6690) Exporting 'AE_Bracing_01_LOD1'
ExportProgress : (5904/6690) Exporting 'AE_Electricity_Meter_02_LOD1'
ExportProgress : (5905/6690) Exporting 'AE_Electricity_Meter_03_LOD1'
ExportProgress : (5906/6690) Exporting 'AE_Flower_Pot_06_LOD0'
ExportProgress : (5907/6690) Exporting 'door'
ExportProgress : (5908/6690) Exporting 'AE_Road_Sign_Pole_09_LOD1'
ExportProgress : (5909/6690) Exporting 'AE_Bicycle_02_LOD0'
ExportProgress : (5910/6690) Exporting 'TreeSmall_Skinned'
ExportProgress : (5911/6690) Exporting 'AE_Minivan_Street_LOD1'
ExportProgress : (5912/6690) Exporting 'AE_Conditioner_02_LOD0'
ExportProgress : (5913/6690) Exporting 'door'
ExportProgress : (5914/6690) Exporting 'AE_Pipes_Angle_06_LOD1'
ExportProgress : (5915/6690) Exporting 'AE_Vending_Machine_04_LOD0'
ExportProgress : (5916/6690) Exporting 'AE_Pipes_08_LOD1'
ExportProgress : (5917/6690) Exporting 'AE_Garbage_Сan_01_LOD2'
ExportProgress : (5918/6690) Exporting 'AE_Canopy_01_LOD1'
ExportProgress : (5919/6690) Exporting 'AE_Vending_Machine_01_LOD1'
ExportProgress : (5920/6690) Exporting 'AE_Road_Sign_Pole_10_LOD1'
ExportProgress : (5921/6690) Exporting 'AE_Road_Sign_Pole_07_LOD2'
ExportProgress : (5922/6690) Exporting 'AE_Electricity_Meter_01_LOD2'
ExportProgress : (5923/6690) Exporting 'Tree_Groundplane'
ExportProgress : (5924/6690) Exporting 'AE_Vending_Machine_03_LOD1'
ExportProgress : (5925/6690) Exporting 'AE_Bicycle_01_LOD1'
ExportProgress : (5926/6690) Exporting 'AE_Garage_Door_01_LOD0.002'
ExportProgress : (5927/6690) Exporting 'AE_Canopy_04_LOD2'
ExportProgress : (5928/6690) Exporting 'AE_Pipes_09_LOD0'
ExportProgress : (5929/6690) Exporting 'AE_Bicycle_03_LOD0'
ExportProgress : (5930/6690) Exporting 'AE_Water_Meter_01_LOD2'
ExportProgress : (5931/6690) Exporting 'AE_Flower_Pot_01_LOD1'
ExportProgress : (5932/6690) Exporting 'AE_Scooter_01_LOD2'
ExportProgress : (5933/6690) Exporting 'AE_House_03_LOD0'
ExportProgress : (5934/6690) Exporting 'Tree_Groundplane'
ExportProgress : (5935/6690) Exporting 'ceiling'
ExportProgress : (5936/6690) Exporting 'AE_Flower_Pot_02_LOD1'
ExportProgress : (5937/6690) Exporting 'ceiling'
ExportProgress : (5938/6690) Exporting 'AE_Electricity_Meter_04_LOD2'
ExportProgress : (5939/6690) Exporting 'AE_Road_Sign_Pole_08_LOD2'
ExportProgress : (5940/6690) Exporting 'AE_Conditioner_01_LOD0'
ExportProgress : (5941/6690) Exporting 'AE_House_06_LOD1'
ExportProgress : (5942/6690) Exporting 'AE_Road_Sign_Pole_06_LOD2'
ExportProgress : (5943/6690) Exporting 'SM_Bento_01_LOD2'
ExportProgress : (5944/6690) Exporting 'SM_Newspaper_01_LOD2'
ExportProgress : (5945/6690) Exporting 'SM_Freezer_02_Door_LOD2'
ExportProgress : (5946/6690) Exporting 'SM_Counter_01_withShelf_ConvexHulls'
ExportProgress : (5947/6690) Exporting 'SM_Shelf_04_ConvexHulls'
ExportProgress : (5948/6690) Exporting 'SM_Freezer_01_Dense_LOD2'
ExportProgress : (5949/6690) Exporting 'SM_Candybag_01_LOD2'
ExportProgress : (5950/6690) Exporting 'SM_Hairspray_01_LOD2'
ExportProgress : (5951/6690) Exporting 'SM_Magazine_01_LOD2'
ExportProgress : (5952/6690) Exporting 'SM_Manga_03_LOD2'
ExportProgress : (5953/6690) Exporting 'SM_Manga_02_LOD2'
ExportProgress : (5954/6690) Exporting 'SM_Freezer_01_LOD2'
ExportProgress : (5955/6690) Exporting 'SM_Can_01_LOD2'
ExportProgress : (5956/6690) Exporting 'SM_Freezer_02_Shelf_LOD2'
ExportProgress : (5957/6690) Exporting 'SM_CupNoodles_01_LOD2'
ExportProgress : (5958/6690) Exporting 'SM_Counter_01_Small_ConvexHulls'
ExportProgress : (5959/6690) Exporting 'SM_Foodshelf_01_LOD2'
ExportProgress : (5960/6690) Exporting 'SM_Tag_01_LOD2'
ExportProgress : (5961/6690) Exporting 'SM_CeilingLight_02_ConvexHulls'
ExportProgress : (5962/6690) Exporting 'SM_Chips_Cylinder_LOD2'
ExportProgress : (5963/6690) Exporting 'SM_Sandwich_LOD2'
ExportProgress : (5964/6690) Exporting 'SM_FrontWindows_01_LOD2'
ExportProgress : (5965/6690) Exporting 'SM_KonbiniSign_01_LOD2'
ExportProgress : (5966/6690) Exporting 'SM_Chips_01_LOD2'
ExportProgress : (5967/6690) Exporting 'SM_Counter_01_Corner_Smooth_ConvexHulls'
ExportProgress : (5968/6690) Exporting 'SM_Shelf_08_ConvexHulls'
ExportProgress : (5969/6690) Exporting 'SM_Shelf_07_LOD2'
ExportProgress : (5970/6690) Exporting 'SM_CerealBox_01_LOD2'
ExportProgress : (5971/6690) Exporting 'SM_Door_Employee_01_LOD2'
ExportProgress : (5972/6690) Exporting 'SM_Bottle_04_LOD2'
ExportProgress : (5973/6690) Exporting 'SM_Trash_01_LOD2'
ExportProgress : (5974/6690) Exporting 'SM_ATM_LOD2'
ExportProgress : (5975/6690) Exporting 'SM_FrozenFood_01_LOD2'
ExportProgress : (5976/6690) Exporting 'SM_Bottle_02_LOD2'
ExportProgress : (5977/6690) Exporting 'SM_Bottle_03_LOD2'
ExportProgress : (5978/6690) Exporting 'SM_Sidewalk_Straight_01_LOD2'
ExportProgress : (5979/6690) Exporting 'SM_Freezer_01_Wide_Dense_LOD2'
ExportProgress : (5980/6690) Exporting 'SM_Freezer_01_Wide_LOD2'
ExportProgress : (5981/6690) Exporting 'SM_Shelf_10_LOD2'
ExportProgress : (5982/6690) Exporting 'SM_NewspaperStand_LOD2'
ExportProgress : (5983/6690) Exporting 'SM_Bento_02_LOD2'
ExportProgress : (5984/6690) Exporting 'SM_AirConditioner_Ceiling_LOD2'
ExportProgress : (5985/6690) Exporting 'SM_Chips_03_LOD2'
ExportProgress : (5986/6690) Exporting 'SM_Shelf_03_ConvexHulls'
ExportProgress : (5987/6690) Exporting 'SM_KombiniGeo_LOD2'
ExportProgress : (5988/6690) Exporting 'SM_Umbrella_LOD2'
ExportProgress : (5989/6690) Exporting 'SM_CashRegister_LOD2'
ExportProgress : (5990/6690) Exporting 'SM_Shelf_01_ConvexHulls'
ExportProgress : (5991/6690) Exporting 'SM_Shelf_Tobacco_LOD2'
ExportProgress : (5992/6690) Exporting 'SM_ToiletpaperBag_01_LOD2'
ExportProgress : (5993/6690) Exporting 'SM_Maskbag_01_LOD2'
ExportProgress : (5994/6690) Exporting 'SM_Manga_01_LOD2'
ExportProgress : (5995/6690) Exporting 'SM_ShampooTube_01_LOD2'
ExportProgress : (5996/6690) Exporting 'SM_Detergent_Bag_01_LOD2'
ExportProgress : (5997/6690) Exporting 'SM_Freezer_02_LOD2'
ExportProgress : (5998/6690) Exporting 'SM_Sidewalk_Corner_LOD2'
ExportProgress : (5999/6690) Exporting 'SM_IceCream_01_LOD2'
ExportProgress : (6000/6690) Exporting 'SM_Tissuebox_01_LOD2'
ExportProgress : (6001/6690) Exporting 'SM_Shelf_Tobacco_02_LOD2'
ExportProgress : (6002/6690) Exporting 'SM_sticks_01_LOD2'
ExportProgress : (6003/6690) Exporting 'SM_Bottle_06_LOD2'
ExportProgress : (6004/6690) Exporting 'SM_Freezer_02_Empty_LOD2'
ExportProgress : (6005/6690) Exporting 'SM_Onigiri_LOD2'
ExportProgress : (6006/6690) Exporting 'SM_UmbrellaStand_LOD2'
ExportProgress : (6007/6690) Exporting 'SM_Umbrella_Small_LOD2'
ExportProgress : (6008/6690) Exporting 'SM_Counter_01_ConvexHulls'
ExportProgress : (6009/6690) Exporting 'SM_Shelf_02_ConvexHulls'
ExportProgress : (6010/6690) Exporting 'SM_Vitamin_01_LOD2'
ExportProgress : (6011/6690) Exporting 'SM_Bottle_01_LOD2'
ExportProgress : (6012/6690) Exporting 'SM_Counter_01_Corner_LOD2'
ExportProgress : (6013/6690) Exporting 'SM_Manga_04_LOD2'
ExportProgress : (6014/6690) Exporting 'SM_Generic_01_LOD2'
ExportProgress : (6015/6690) Exporting 'SM_Surveillance_Camera_LOD2'
ExportProgress : (6016/6690) Exporting 'AE_Vending_Machine_02_LOD1'
ExportProgress : (6017/6690) Exporting 'lock'
ExportProgress : (6018/6690) Exporting 'AE_Door_02_05_LOD0.002'
ExportProgress : (6019/6690) Exporting 'AE_Road_Sign_Pole_01_LOD1'
ExportProgress : (6020/6690) Exporting 'lock'
ExportProgress : (6021/6690) Exporting 'AE_Garbage_Сan_02_LOD2'
ExportProgress : (6022/6690) Exporting 'AE_Door_02_01_LOD0.002'
ExportProgress : (6023/6690) Exporting 'Cabinet_Drawer_3'
ExportProgress : (6024/6690) Exporting 'AE_Flower_Pot_06_LOD1'
ExportProgress : (6025/6690) Exporting 'lock'
ExportProgress : (6026/6690) Exporting 'AE_Road_Sign_Pole_09_LOD2'
ExportProgress : (6027/6690) Exporting 'AE_Bicycle_02_LOD1'
ExportProgress : (6028/6690) Exporting 'AE_Minivan_Street_LOD2'
ExportProgress : (6029/6690) Exporting 'AE_Conditioner_02_LOD1'
ExportProgress : (6030/6690) Exporting 'lock'
ExportProgress : (6031/6690) Exporting 'AE_Vending_Machine_04_LOD1'
ExportProgress : (6032/6690) Exporting 'AE_Vending_Machine_01_LOD2'
ExportProgress : (6033/6690) Exporting 'AE_Wire_02_LOD0'
ExportProgress : (6034/6690) Exporting 'AE_Road_Sign_Pole_10_LOD2'
ExportProgress : (6035/6690) Exporting 'AE_Wire_02_LOD0'
ExportProgress : (6036/6690) Exporting 'AE_Vending_Machine_03_LOD2'
ExportProgress : (6037/6690) Exporting 'AE_Bicycle_01_LOD2'
ExportProgress : (6038/6690) Exporting 'AE_Garage_Door_01_LOD1.001'
ExportProgress : (6039/6690) Exporting 'AE_Bicycle_03_LOD1'
ExportProgress : (6040/6690) Exporting 'AE_Scooter_01_LOD3'
ExportProgress : (6041/6690) Exporting 'AE_House_03_LOD1'
ExportProgress : (6042/6690) Exporting 'AE_Conditioner_01_LOD1'
ExportProgress : (6043/6690) Exporting 'SM_Bento_01_LOD3'
ExportProgress : (6044/6690) Exporting 'SM_Newspaper_01_LOD3'
ExportProgress : (6045/6690) Exporting 'SM_Freezer_02_Door_LOD3'
ExportProgress : (6046/6690) Exporting 'SM_Freezer_01_Dense_LOD3'
ExportProgress : (6047/6690) Exporting 'SM_Candybag_01_LOD3'
ExportProgress : (6048/6690) Exporting 'SM_Hairspray_01_LOD3'
ExportProgress : (6049/6690) Exporting 'SM_Magazine_01_LOD3'
ExportProgress : (6050/6690) Exporting 'SM_Manga_03_LOD3'
ExportProgress : (6051/6690) Exporting 'SM_Manga_02_LOD3'
ExportProgress : (6052/6690) Exporting 'SM_Freezer_01_LOD3'
ExportProgress : (6053/6690) Exporting 'SM_Can_01_LOD3'
ExportProgress : (6054/6690) Exporting 'SM_Freezer_02_Shelf_LOD3'
ExportProgress : (6055/6690) Exporting 'SM_CupNoodles_01_LOD3'
ExportProgress : (6056/6690) Exporting 'SM_Foodshelf_01_LOD3'
ExportProgress : (6057/6690) Exporting 'SM_Tag_01_LOD3'
ExportProgress : (6058/6690) Exporting 'SM_Chips_Cylinder_LOD3'
ExportProgress : (6059/6690) Exporting 'SM_Sandwich_LOD3'
ExportProgress : (6060/6690) Exporting 'SM_FrontWindows_01_LOD3'
ExportProgress : (6061/6690) Exporting 'SM_KonbiniSign_01_LOD3'
ExportProgress : (6062/6690) Exporting 'SM_Chips_01_LOD3'
ExportProgress : (6063/6690) Exporting 'SM_Shelf_07_LOD3'
ExportProgress : (6064/6690) Exporting 'SM_CerealBox_01_LOD3'
ExportProgress : (6065/6690) Exporting 'SM_Door_Employee_01_LOD3'
ExportProgress : (6066/6690) Exporting 'SM_Bottle_04_LOD3'
ExportProgress : (6067/6690) Exporting 'SM_Trash_01_LOD3'
ExportProgress : (6068/6690) Exporting 'SM_ATM_LOD3'
ExportProgress : (6069/6690) Exporting 'SM_FrozenFood_01_LOD3'
ExportProgress : (6070/6690) Exporting 'SM_Bottle_02_LOD3'
ExportProgress : (6071/6690) Exporting 'SM_Bottle_03_LOD3'
ExportProgress : (6072/6690) Exporting 'SM_Sidewalk_Straight_01_LOD3'
ExportProgress : (6073/6690) Exporting 'SM_Freezer_01_Wide_Dense_LOD3'
ExportProgress : (6074/6690) Exporting 'SM_Freezer_01_Wide_LOD3'
ExportProgress : (6075/6690) Exporting 'SM_Shelf_10_LOD3'
ExportProgress : (6076/6690) Exporting 'SM_NewspaperStand_LOD3'
ExportProgress : (6077/6690) Exporting 'SM_Bento_02_LOD3'
ExportProgress : (6078/6690) Exporting 'SM_AirConditioner_Ceiling_LOD3'
ExportProgress : (6079/6690) Exporting 'SM_Chips_03_LOD3'
ExportProgress : (6080/6690) Exporting 'SM_KombiniGeo_LOD3'
ExportProgress : (6081/6690) Exporting 'SM_Umbrella_LOD3'
ExportProgress : (6082/6690) Exporting 'SM_CashRegister_LOD3'
ExportProgress : (6083/6690) Exporting 'SM_Shelf_Tobacco_LOD3'
ExportProgress : (6084/6690) Exporting 'SM_ToiletpaperBag_01_LOD3'
ExportProgress : (6085/6690) Exporting 'SM_Maskbag_01_LOD3'
ExportProgress : (6086/6690) Exporting 'SM_Manga_01_LOD3'
ExportProgress : (6087/6690) Exporting 'SM_ShampooTube_01_LOD3'
ExportProgress : (6088/6690) Exporting 'SM_Detergent_Bag_01_LOD3'
ExportProgress : (6089/6690) Exporting 'SM_Freezer_02_LOD3'
ExportProgress : (6090/6690) Exporting 'SM_Sidewalk_Corner_LOD3'
ExportProgress : (6091/6690) Exporting 'SM_IceCream_01_LOD3'
ExportProgress : (6092/6690) Exporting 'SM_Tissuebox_01_LOD3'
ExportProgress : (6093/6690) Exporting 'SM_Shelf_Tobacco_02_LOD3'
ExportProgress : (6094/6690) Exporting 'SM_sticks_01_LOD3'
ExportProgress : (6095/6690) Exporting 'SM_Bottle_06_LOD3'
ExportProgress : (6096/6690) Exporting 'SM_Freezer_02_Empty_LOD3'
ExportProgress : (6097/6690) Exporting 'SM_Onigiri_LOD3'
ExportProgress : (6098/6690) Exporting 'SM_UmbrellaStand_LOD3'
ExportProgress : (6099/6690) Exporting 'SM_Umbrella_Small_LOD3'
ExportProgress : (6100/6690) Exporting 'SM_Vitamin_01_LOD3'
ExportProgress : (6101/6690) Exporting 'SM_Bottle_01_LOD3'
ExportProgress : (6102/6690) Exporting 'SM_Counter_01_Corner_LOD3'
ExportProgress : (6103/6690) Exporting 'SM_Manga_04_LOD3'
ExportProgress : (6104/6690) Exporting 'SM_Generic_01_LOD3'
ExportProgress : (6105/6690) Exporting 'SM_Surveillance_Camera_LOD3'
ExportProgress : (6106/6690) Exporting 'AE_Vending_Machine_02_LOD2'
ExportProgress : (6107/6690) Exporting 'AE_Door_02_05_LOD0.005'
ExportProgress : (6108/6690) Exporting 'AE_House_05_LOD0'
ExportProgress : (6109/6690) Exporting 'Cabinet_Drawer_1'
ExportProgress : (6110/6690) Exporting 'AE_Traffic_Light_03_LOD0'
ExportProgress : (6111/6690) Exporting 'AE_Bicycle_02_LOD2'
ExportProgress : (6112/6690) Exporting 'AE_Minivan_Street_LOD3'
ExportProgress : (6113/6690) Exporting 'AE_Conditioner_02_LOD2'
ExportProgress : (6114/6690) Exporting 'AE_Vending_Machine_04_LOD2'
ExportProgress : (6115/6690) Exporting 'AE_Wire_01_LOD0'
ExportProgress : (6116/6690) Exporting 'AE_Wire_01_LOD0'
ExportProgress : (6117/6690) Exporting 'AE_Door_02_07_LOD0.001'
ExportProgress : (6118/6690) Exporting 'AE_Bicycle_03_LOD2'
ExportProgress : (6119/6690) Exporting 'AE_Wire_02_LOD0'
ExportProgress : (6120/6690) Exporting 'AE_Conditioner_01_LOD2'
ExportProgress : (6121/6690) Exporting 'SM_Freezer_02_Door_ConvexHulls'
ExportProgress : (6122/6690) Exporting 'SM_Freezer_01_Dense_ConvexHulls'
ExportProgress : (6123/6690) Exporting 'SM_Freezer_01_ConvexHulls'
ExportProgress : (6124/6690) Exporting 'SM_Freezer_02_Shelf_ConvexHulls'
ExportProgress : (6125/6690) Exporting 'SM_Foodshelf_01_ConvexHulls'
ExportProgress : (6126/6690) Exporting 'SM_KonbiniSign_01_ConvexHulls'
ExportProgress : (6127/6690) Exporting 'SM_Shelf_07_ConvexHulls'
ExportProgress : (6128/6690) Exporting 'SM_Door_Employee_01_ConvexHulls'
ExportProgress : (6129/6690) Exporting 'SM_Trash_01_ConvexHulls'
ExportProgress : (6130/6690) Exporting 'SM_ATM_ConvexHulls'
ExportProgress : (6131/6690) Exporting 'SM_Sidewalk_Straight_01_ConvexHulls'
ExportProgress : (6132/6690) Exporting 'SM_Freezer_01_Wide_Dense_ConvexHulls'
ExportProgress : (6133/6690) Exporting 'SM_Freezer_01_Wide_ConvexHulls'
ExportProgress : (6134/6690) Exporting 'SM_Shelf_10_ConvexHulls'
ExportProgress : (6135/6690) Exporting 'SM_NewspaperStand_ConvexHulls'
ExportProgress : (6136/6690) Exporting 'SM_AirConditioner_Ceiling_ConvexHulls'
ExportProgress : (6137/6690) Exporting 'SM_CashRegister_ConvexHulls'
ExportProgress : (6138/6690) Exporting 'SM_Shelf_Tobacco_ConvexHulls'
ExportProgress : (6139/6690) Exporting 'SM_Freezer_02_ConvexHulls'
ExportProgress : (6140/6690) Exporting 'SM_Sidewalk_Corner_ConvexHulls'
ExportProgress : (6141/6690) Exporting 'SM_Shelf_Tobacco_02_ConvexHulls'
ExportProgress : (6142/6690) Exporting 'SM_Freezer_02_Empty_ConvexHulls'
ExportProgress : (6143/6690) Exporting 'SM_UmbrellaStand_ConvexHulls'
ExportProgress : (6144/6690) Exporting 'SM_Counter_01_Corner_ConvexHulls'
ExportProgress : (6145/6690) Exporting 'SM_Surveillance_Camera_ConvexHulls'
ExportProgress : (6146/6690) Exporting 'AE_Door_02_05_LOD0.003'
ExportProgress : (6147/6690) Exporting 'AE_Road_Sign_Pole_01_LOD2'
ExportProgress : (6148/6690) Exporting 'AE_House_05_LOD1'
ExportProgress : (6149/6690) Exporting 'Cabinet_Drawer_2'
ExportProgress : (6150/6690) Exporting 'AE_Traffic_Light_03_LOD1'
ExportProgress : (6151/6690) Exporting 'Tree_Groundplane'
ExportProgress : (6152/6690) Exporting 'AE_Electric_Post_02_LOD0'
ExportProgress : (6153/6690) Exporting 'AE_Electric_Post_03_LOD0'
ExportProgress : (6154/6690) Exporting 'AE_House_04_LOD0'
ExportProgress : (6155/6690) Exporting 'AE_Electric_Post_01_LOD0'
ExportProgress : (6156/6690) Exporting 'AE_Door_02_05_LOD0.004'
ExportProgress : (6157/6690) Exporting 'Cabinet_Drawer_4'
ExportProgress : (6158/6690) Exporting 'AE_Traffic_Light_03_LOD2'
ExportProgress : (6159/6690) Exporting 'AE_Wire_02_LOD1'
ExportProgress : (6160/6690) Exporting 'AE_Wire_02_LOD1'
ExportProgress : (6161/6690) Exporting 'AE_House_04_LOD1'
ExportProgress : (6162/6690) Exporting 'AE_Wire_01_LOD0'
ExportProgress : (6163/6690) Exporting 'AE_Door_02_LOD0.001'
ExportProgress : (6164/6690) Exporting 'Fern_Var3_LOD0'
ExportProgress : (6165/6690) Exporting 'AE_Wire_01_LOD1'
ExportProgress : (6166/6690) Exporting 'AE_Wire_01_LOD1'
ExportProgress : (6167/6690) Exporting 'AE_Electric_Post_01_LOD1'
ExportProgress : (6168/6690) Exporting 'AE_Door_02_LOD1.001'
ExportProgress : (6169/6690) Exporting 'Fern_Var3_LOD1'
ExportProgress : (6170/6690) Exporting 'AE_Electric_Post_02_LOD1'
ExportProgress : (6171/6690) Exporting 'AE_Electric_Post_03_LOD1'
ExportProgress : (6172/6690) Exporting 'AE_Door_03_LOD0.002'
ExportProgress : (6173/6690) Exporting 'AE_Wire_02_LOD1'
ExportProgress : (6174/6690) Exporting 'Fern_Var3_LOD2'
ExportProgress : (6175/6690) Exporting 'AE_Electric_Post_02_LOD2'
ExportProgress : (6176/6690) Exporting 'AE_Electric_Post_03_LOD2'
ExportProgress : (6177/6690) Exporting 'AE_Door_03_LOD1.002'
ExportProgress : (6178/6690) Exporting 'AE_Wire_01_LOD1'
ExportProgress : (6179/6690) Exporting 'AE_Door_02_04_LOD0.005'
ExportProgress : (6180/6690) Exporting 'AE_Electric_Post_01_LOD2'
ExportProgress : (6181/6690) Exporting 'AE_Door_02_04_LOD0.006'
ExportProgress : (6182/6690) Exporting 'AE_Door_02_04_LOD0.007'
ExportProgress : (6183/6690) Exporting 'AE_Door_02_04_LOD0.008'
ExportProgress : (6184/6690) Exporting 'AE_Door_05_LOD0.002'
ExportProgress : (6185/6690) Exporting 'AE_Door_05_LOD1.002'
ExportProgress : (6186/6690) Exporting 'AE_House_01_LOD0'
ExportProgress : (6187/6690) Exporting 'AE_House_01_LOD1'
ExportProgress : (6188/6690) Exporting 'AE_House_01_LOD0.001'
ExportProgress : (6189/6690) Exporting 'AE_Traffic_Light_01_LOD0'
ExportProgress : (6190/6690) Exporting 'AE_Traffic_Light_01_LOD1'
ExportProgress : (6191/6690) Exporting 'AE_Traffic_Light_01_LOD2'
ExportProgress : (6192/6690) Exporting 'AE_Road_Sign_Pole_01_LOD0'
ExportProgress : (6193/6690) Exporting 'AE_Road_Sign_Pole_01_LOD1'
ExportProgress : (6194/6690) Exporting 'AE_Road_Sign_Pole_01_LOD2'
ExportProgress : (6195/6690) Exporting 'AE_House_02_LOD1.002'
ExportProgress : (6196/6690) Exporting 'AE_Wires_06_LOD0'
ExportProgress : (6197/6690) Exporting 'AE_Fence_04_LOD2'
ExportProgress : (6198/6690) Exporting 'AE_Electric_Box_04_LOD1'
ExportProgress : (6199/6690) Exporting 'AE_Electric_Box_02'
ExportProgress : (6200/6690) Exporting 'Couch_1seat'
ExportProgress : (6201/6690) Exporting 'Wall_100x300'
ExportProgress : (6202/6690) Exporting 'AE_Ventilation system_04'
ExportProgress : (6203/6690) Exporting 'AE_Plastic_Pipe_05'
ExportProgress : (6204/6690) Exporting 'Plant_A'
ExportProgress : (6205/6690) Exporting 'AE_Plastic_Pipe_01'
ExportProgress : (6206/6690) Exporting 'AE_Plastic_Pipe_03'
ExportProgress : (6207/6690) Exporting 'AE_Air_Conditioning_Support'
ExportProgress : (6208/6690) Exporting 'homeless_sandals.l'
ExportProgress : (6209/6690) Exporting 'CardboardBox_B.001'
ExportProgress : (6210/6690) Exporting 'Cylinder'
ExportProgress : (6211/6690) Exporting 'Cylinder'
ExportProgress : (6212/6690) Exporting 'Bench_A'
ExportProgress : (6213/6690) Exporting 'tape'
ExportProgress : (6214/6690) Exporting 'Nikuman_LOD2'
ExportProgress : (6215/6690) Exporting 'CardboardBox_C'
ExportProgress : (6216/6690) Exporting 'AE_Wires_02_LOD0'
ExportProgress : (6217/6690) Exporting 'AE_Electric_Box_05_LOD0'
ExportProgress : (6218/6690) Exporting 'Garage_A.1'
ExportProgress : (6219/6690) Exporting 'AE_Wires_07_LOD1'
ExportProgress : (6220/6690) Exporting 'AE_Wires_08_LOD2'
ExportProgress : (6221/6690) Exporting 'AE_Wires_04_LOD2'
ExportProgress : (6222/6690) Exporting 'AE_Fence_07'
ExportProgress : (6223/6690) Exporting 'AE_Wires_08_LOD1'
ExportProgress : (6224/6690) Exporting 'Basement_metal_pilar'
ExportProgress : (6225/6690) Exporting 'Pipe_F'
ExportProgress : (6226/6690) Exporting 'AE_Fence_06'
ExportProgress : (6227/6690) Exporting 'AE_Tablet_12'
ExportProgress : (6228/6690) Exporting 'To_towel_table_B'
ExportProgress : (6229/6690) Exporting 'Table_A'
ExportProgress : (6230/6690) Exporting 'AE_Tablet_14'
ExportProgress : (6231/6690) Exporting 'AE_Tablet_02'
ExportProgress : (6232/6690) Exporting 'AE_Electric_Box_04_LOD0.001'
ExportProgress : (6233/6690) Exporting 'SubwayStop.002'
ExportProgress : (6234/6690) Exporting 'AE_Wires_02_LOD1'
ExportProgress : (6235/6690) Exporting 'T_shampoo'
ExportProgress : (6236/6690) Exporting 'AE_Fence_02'
ExportProgress : (6237/6690) Exporting 'AE_Ventilation_System_05'
ExportProgress : (6238/6690) Exporting 'AE_Fence_01'
ExportProgress : (6239/6690) Exporting 'AE_Wires_03_LOD0'
ExportProgress : (6240/6690) Exporting 'npc_csl_breeches_01_lod0'
ExportProgress : (6241/6690) Exporting 'AE_Wires_01_LOD2'
ExportProgress : (6242/6690) Exporting 'T_toiletpaper_solo'
ExportProgress : (6243/6690) Exporting 'door'
ExportProgress : (6244/6690) Exporting 'AE_Wires_08_LOD0'
ExportProgress : (6245/6690) Exporting 'AE_Fence_03'
ExportProgress : (6246/6690) Exporting 'Awning_E'
ExportProgress : (6247/6690) Exporting 'AE_Ventilation_System_06'
ExportProgress : (6248/6690) Exporting 'Garage_paperbag'
ExportProgress : (6249/6690) Exporting 'Vent_C'
ExportProgress : (6250/6690) Exporting 'AE_Ground'
ExportProgress : (6251/6690) Exporting 'homeless_sandals.static'
ExportProgress : (6252/6690) Exporting 'Window_F'
ExportProgress : (6253/6690) Exporting 'AE_Road_Marking_13'
ExportProgress : (6254/6690) Exporting 'AE_Electric_Box_01'
ExportProgress : (6255/6690) Exporting 'AE_Poster_02'
ExportProgress : (6256/6690) Exporting 'AE_Wires_03_LOD2'
ExportProgress : (6257/6690) Exporting 'Hair_LOD0'
ExportProgress : (6258/6690) Exporting 'AE_Electric_Box_04_LOD2'
ExportProgress : (6259/6690) Exporting 'Wall_300x300'
ExportProgress : (6260/6690) Exporting 'homeless_sandals.r'
ExportProgress : (6261/6690) Exporting 'Extension_E'
ExportProgress : (6262/6690) Exporting 'Window_H'
ExportProgress : (6263/6690) Exporting 'AE_Road_Marking_14'
ExportProgress : (6264/6690) Exporting 'Awning_D'
ExportProgress : (6265/6690) Exporting 'AE_Wires_06_LOD2'
ExportProgress : (6266/6690) Exporting 'Shader Graphs/Dark'
ExportProgress : (6267/6690) Exporting 'Shader Graphs/FakeInterior'
ExportProgress : (6268/6690) Exporting 'Hidden/HDRP/TerrainLit_BasemapGen'
ExportProgress : (6269/6690) Exporting 'Hidden/HDRP/TerrainLit_Basemap'
ExportProgress : (6270/6690) Exporting 'HDRP/TerrainLit'
ExportProgress : (6271/6690) Exporting 'PixelMultiply'
ExportProgress : (6272/6690) Exporting 'mixamo.com'
ExportProgress : (6273/6690) Exporting 'WalkDogMale'
ExportProgress : (6274/6690) Exporting 'CarWhip'
ExportProgress : (6275/6690) Exporting 'Petplay_shoes'
ExportProgress : (6276/6690) Exporting 'SitBoss'
ExportProgress : (6277/6690) Exporting 'WalkDogMaleIdle'
ExportProgress : (6278/6690) Exporting 'Whip_1'
ExportProgress : (6279/6690) Exporting 'TreeLargeSplit_Anim'
ExportProgress : (6280/6690) Exporting 'TreeSmall_Anim'
ExportProgress : (6281/6690) Exporting 'Arm_Dog|Idle_1'
ExportProgress : (6282/6690) Exporting 'Arm_Dog|Lie_end'
ExportProgress : (6283/6690) Exporting 'Arm_Dog|Lie_loop_2'
ExportProgress : (6284/6690) Exporting 'Arm_Dog|Lie_Sleep_loop'
ExportProgress : (6285/6690) Exporting 'Arm_Dog|Lie_start'
ExportProgress : (6286/6690) Exporting 'Hitted_6'
ExportProgress : (6287/6690) Exporting 'StepOnMetal2'
ExportProgress : (6288/6690) Exporting 'Hitted_8'
ExportProgress : (6289/6690) Exporting 'Hitted_12'
ExportProgress : (6290/6690) Exporting 'Whip_3'
ExportProgress : (6291/6690) Exporting 'Whip_2'
ExportProgress : (6292/6690) Exporting 'StepOnMetal1'
ExportProgress : (6293/6690) Exporting 'Whip_1'
ExportProgress : (6294/6690) Exporting 'Hitted_9'
ExportProgress : (6295/6690) Exporting 'Whip_5'
ExportProgress : (6296/6690) Exporting 'Hitted_10'
ExportProgress : (6297/6690) Exporting 'Hitted_11'
ExportProgress : (6298/6690) Exporting 'StepOnMetal3'
ExportProgress : (6299/6690) Exporting 'Whip_4'
ExportProgress : (6300/6690) Exporting 'ReflectionProbe-5'
ExportProgress : (6301/6690) Exporting 'ReflectionProbe-1'
ExportProgress : (6302/6690) Exporting 'ReflectionProbe-2'
ExportProgress : (6303/6690) Exporting 'Interior_A'
ExportProgress : (6304/6690) Exporting 'ReflectionProbe-3'
ExportProgress : (6305/6690) Exporting 'Interior_B'
ExportProgress : (6306/6690) Exporting 'ReflectionProbe-4'
ExportProgress : (6307/6690) Exporting 'greenwich_park_03_2k'
ExportProgress : (6308/6690) Exporting 'Akita_RMAvatar'
ExportProgress : (6309/6690) Exporting 'NPC'
ExportProgress : (6310/6690) Exporting 'Dog'
ExportProgress : (6311/6690) Exporting 'Dog_Sleep'
ExportProgress : (6312/6690) Exporting 'SitBoss'
ExportProgress : (6313/6690) Exporting 'WalkDogMale'
ExportProgress : (6314/6690) Exporting 'Whipper'
ExportProgress : (6315/6690) Exporting 'Lens'
ExportProgress : (6316/6690) Exporting 'Wood'
ExportProgress : (6317/6690) Exporting 'NavMesh'
ExportProgress : (6318/6690) Exporting 'OcclusionCullingData'
ExportProgress : (6319/6690) Exporting 'ShowcaseSettings'
ExportProgress : (6320/6690) Exporting 'NewLayer'
ExportProgress : (6321/6690) Exporting 'NewLayer 1'
ExportProgress : (6322/6690) Exporting 'NewLayer'
ExportProgress : (6323/6690) Exporting 'layer_Grass_Dried_omgra0_AlbedoGrass_Dried_omgra0_normalcc0f254a2c535401'
ExportProgress : (6324/6690) Exporting 'HomelessNPC'
ExportProgress : (6325/6690) Exporting 'ManInBlackBase'
ExportProgress : (6326/6690) Exporting 'ManInBlackBoss'
ExportProgress : (6327/6690) Exporting 'MeetDog'
ExportProgress : (6328/6690) Exporting 'ParkPetplay_1'
ExportProgress : (6329/6690) Exporting 'RemoveDog'
ExportProgress : (6330/6690) Exporting 'SexTicket'
ExportProgress : (6331/6690) Exporting 'SorryToHomeless'
ExportProgress : (6332/6690) Exporting 'StayAtMaleTolietFuck'
ExportProgress : (6333/6690) Exporting 'TalkToRescueDog'
ExportProgress : (6334/6690) Exporting 'TalkToRescueDogBack'
ExportProgress : (6335/6690) Exporting 'AreaLightCookieViewer'
ExportProgress : (6336/6690) Exporting 'Splash Screen Unity Logo'
Import : Resource file 'globalgamemanagers.assets.resS' has been loaded
ExportProgress : (6337/6690) Exporting 'LDR_LLL1_1'
ExportProgress : (6338/6690) Exporting 'LDR_RGB1_19'
ExportProgress : (6339/6690) Exporting 'LDR_LLL1_24'
ExportProgress : (6340/6690) Exporting 'ScramblingTile8SPP'
ExportProgress : (6341/6690) Exporting 'LDR_RGB1_15'
ExportProgress : (6342/6690) Exporting 'LDR_RGB1_2'
ExportProgress : (6343/6690) Exporting 'RankingTile256SPP'
ExportProgress : (6344/6690) Exporting 'LDR_RGB1_18'
ExportProgress : (6345/6690) Exporting 'LDR_RGB1_16'
ExportProgress : (6346/6690) Exporting 'Thin01'
ExportProgress : (6347/6690) Exporting 'LDR_RGB1_10'
ExportProgress : (6348/6690) Exporting 'LDR_LLL1_3'
ExportProgress : (6349/6690) Exporting 'OwenScrambledNoise256'
ExportProgress : (6350/6690) Exporting 'LDR_RGB1_21'
ExportProgress : (6351/6690) Exporting 'LDR_LLL1_9'
ExportProgress : (6352/6690) Exporting 'Large01'
ExportProgress : (6353/6690) Exporting 'LDR_RGB1_12'
ExportProgress : (6354/6690) Exporting 'LDR_LLL1_28'
ExportProgress : (6355/6690) Exporting 'LDR_RGB1_11'
ExportProgress : (6356/6690) Exporting 'LDR_LLL1_27'
ExportProgress : (6357/6690) Exporting 'LDR_RGB1_27'
ExportProgress : (6358/6690) Exporting 'ColorGradient'
ExportProgress : (6359/6690) Exporting 'LDR_LLL1_14'
ExportProgress : (6360/6690) Exporting 'DefaultCloudMap'
ExportProgress : (6361/6690) Exporting 'Medium01'
ExportProgress : (6362/6690) Exporting 'LDR_RGB1_7'
ExportProgress : (6363/6690) Exporting 'LDR_LLL1_17'
ExportProgress : (6364/6690) Exporting 'ScramblingTile1SPP'
ExportProgress : (6365/6690) Exporting 'LDR_RGB1_3'
ExportProgress : (6366/6690) Exporting 'LDR_LLL1_4'
ExportProgress : (6367/6690) Exporting 'Medium05'
ExportProgress : (6368/6690) Exporting 'LDR_LLL1_18'
ExportProgress : (6369/6690) Exporting 'Medium04'
ExportProgress : (6370/6690) Exporting 'LDR_RGB1_29'
ExportProgress : (6371/6690) Exporting 'LDR_LLL1_11'
ExportProgress : (6372/6690) Exporting 'LDR_RGB1_28'
ExportProgress : (6373/6690) Exporting 'ScramblingTile256SPP'
ExportProgress : (6374/6690) Exporting 'LDR_LLL1_2'
ExportProgress : (6375/6690) Exporting 'LDR_LLL1_7'
ExportProgress : (6376/6690) Exporting 'LDR_RGB1_8'
ExportProgress : (6377/6690) Exporting 'LDR_LLL1_6'
ExportProgress : (6378/6690) Exporting 'AreaTex'
ExportProgress : (6379/6690) Exporting 'LDR_LLL1_19'
ExportProgress : (6380/6690) Exporting 'LDR_LLL1_5'
ExportProgress : (6381/6690) Exporting 'LDR_RGB1_25'
ExportProgress : (6382/6690) Exporting 'LDR_LLL1_22'
ExportProgress : (6383/6690) Exporting 'LDR_LLL1_26'
ExportProgress : (6384/6690) Exporting 'LDR_RGB1_20'
ExportProgress : (6385/6690) Exporting 'LDR_RGB1_6'
ExportProgress : (6386/6690) Exporting 'Medium06'
ExportProgress : (6387/6690) Exporting 'Large02'
ExportProgress : (6388/6690) Exporting 'LDR_RGB1_4'
ExportProgress : (6389/6690) Exporting 'DebugFont'
ExportProgress : (6390/6690) Exporting 'LDR_LLL1_12'
ExportProgress : (6391/6690) Exporting 'LDR_LLL1_31'
ExportProgress : (6392/6690) Exporting 'LDR_RGB1_22'
ExportProgress : (6393/6690) Exporting 'LDR_RGB1_13'
ExportProgress : (6394/6690) Exporting 'RankingTile8SPP'
ExportProgress : (6395/6690) Exporting 'OwenScrambledNoise4'
ExportProgress : (6396/6690) Exporting 'LDR_RGB1_0'
ExportProgress : (6397/6690) Exporting 'LDR_RGB1_23'
ExportProgress : (6398/6690) Exporting 'LDR_LLL1_10'
ExportProgress : (6399/6690) Exporting 'LDR_RGB1_17'
ExportProgress : (6400/6690) Exporting 'LDR_LLL1_15'
ExportProgress : (6401/6690) Exporting 'LDR_RGB1_14'
ExportProgress : (6402/6690) Exporting 'LDR_LLL1_21'
ExportProgress : (6403/6690) Exporting 'Thin02'
ExportProgress : (6404/6690) Exporting 'Medium02'
ExportProgress : (6405/6690) Exporting 'FoamSurface'
ExportProgress : (6406/6690) Exporting 'ScrambleNoise'
ExportProgress : (6407/6690) Exporting 'LDR_RGB1_30'
ExportProgress : (6408/6690) Exporting 'LDR_LLL1_13'
ExportProgress : (6409/6690) Exporting 'LDR_LLL1_30'
ExportProgress : (6410/6690) Exporting 'LDR_RGB1_24'
ExportProgress : (6411/6690) Exporting 'LDR_RGB1_26'
ExportProgress : (6412/6690) Exporting 'SearchTex'
ExportProgress : (6413/6690) Exporting 'LDR_LLL1_23'
ExportProgress : (6414/6690) Exporting 'CloudLutRainAO'
ExportProgress : (6415/6690) Exporting 'Medium03'
ExportProgress : (6416/6690) Exporting 'DefaultMatcap'
ExportProgress : (6417/6690) Exporting 'LDR_LLL1_25'
ExportProgress : (6418/6690) Exporting 'LDR_RGB1_9'
ExportProgress : (6419/6690) Exporting 'LDR_LLL1_0'
ExportProgress : (6420/6690) Exporting 'LDR_LLL1_16'
ExportProgress : (6421/6690) Exporting 'RankingTile1SPP'
ExportProgress : (6422/6690) Exporting 'LDR_RGB1_5'
ExportProgress : (6423/6690) Exporting 'LDR_LLL1_20'
ExportProgress : (6424/6690) Exporting 'LDR_LLL1_29'
ExportProgress : (6425/6690) Exporting 'LDR_RGB1_31'
ExportProgress : (6426/6690) Exporting 'LDR_RGB1_1'
ExportProgress : (6427/6690) Exporting 'LDR_LLL1_8'
ExportProgress : (6428/6690) Exporting 'Rectangle'
ExportProgress : (6429/6690) Exporting 'Sphere'
ExportProgress : (6430/6690) Exporting 'Mesh'
ExportProgress : (6431/6690) Exporting 'Cylinder'
ExportProgress : (6432/6690) Exporting 'Shader Graphs/Water'
ExportProgress : (6433/6690) Exporting 'Shader Graphs/SolidColor'
ExportProgress : (6434/6690) Exporting 'HDRP/DefaultFogVolume'
ExportProgress : (6435/6690) Exporting 'Hidden/HDRP/Sky/CloudLayer'
ExportProgress : (6436/6690) Exporting 'Hidden/PostProcessing/Debug/Waveform'
ExportProgress : (6437/6690) Exporting 'Hidden/HDRP/Deferred'
ExportProgress : (6438/6690) Exporting 'Hidden/HDRP/DLSSBiasColorMask'
ExportProgress : (6439/6690) Exporting 'Hidden/HDRP/ApplyDistortion'
ExportProgress : (6440/6690) Exporting 'Hidden/HDRP/CameraMotionVectors'
ExportProgress : (6441/6690) Exporting 'Hidden/HDRP/CompositeUI'
ExportProgress : (6442/6690) Exporting 'Hidden/VoxelizeShader'
ExportProgress : (6443/6690) Exporting 'Hidden/HDRP/DebugExposure'
ExportProgress : (6444/6690) Exporting 'Hidden/HDRP/GGXConvolve'
ExportProgress : (6445/6690) Exporting 'Hidden/HDRP/preIntegratedFGD_GGXDisneyDiffuse'
ExportProgress : (6446/6690) Exporting 'Hidden/HDRP/VolumetricCloudsCombine'
ExportProgress : (6447/6690) Exporting 'Hidden/HDRP/WaterCaustics'
ExportProgress : (6448/6690) Exporting 'Hidden/HDRP/UpsampleTransparent'
ExportProgress : (6449/6690) Exporting 'Hidden/HDRP/Sky/GradientSky'
ExportProgress : (6450/6690) Exporting 'Hidden/HDRP/CombineLighting'
ExportProgress : (6451/6690) Exporting 'Hidden/ColorPyramidPS'
ExportProgress : (6452/6690) Exporting 'Hidden/HDRP/PreIntegratedFGD_Marschner'
ExportProgress : (6453/6690) Exporting 'Hidden/HDRP/OpaqueAtmosphericScattering'
ExportProgress : (6454/6690) Exporting 'Hidden/HDRP/ClearBlack'
ExportProgress : (6455/6690) Exporting 'Hidden/VFX/Empty'
ExportProgress : (6456/6690) Exporting 'Hidden/Core/FallbackError'
ExportProgress : (6457/6690) Exporting 'Hidden/HDRP/MaterialLoading'
ExportProgress : (6458/6690) Exporting 'Hidden/HDRP/ProbeVolumeDebug'
ExportProgress : (6459/6690) Exporting 'Hidden/HDRP/preIntegratedFGD_CharlieFabricLambert'
ExportProgress : (6460/6690) Exporting 'Hidden/HDRP/CopyStencilBuffer'
ExportProgress : (6461/6690) Exporting 'Hidden/HDRP/TemporalAA'
ExportProgress : (6462/6690) Exporting 'Hidden/HDRP/CopyDepthBuffer'
ExportProgress : (6463/6690) Exporting 'Hidden/HDRP/DebugViewMaterialGBuffer'
ExportProgress : (6464/6690) Exporting 'Hidden/HDRP/XROcclusionMesh'
ExportProgress : (6465/6690) Exporting 'Hidden/HDRP/IntegrateHDRI'
ExportProgress : (6466/6690) Exporting 'Hidden/Shader/ChromaKeying'
ExportProgress : (6467/6690) Exporting 'Hidden/Shader/AlphaInjection'
ExportProgress : (6468/6690) Exporting 'Hidden/DebugVTBlit'
ExportProgress : (6469/6690) Exporting 'Hidden/HDRP/CharlieConvolve'
ExportProgress : (6470/6690) Exporting 'Hidden/CubeToPano'
ExportProgress : (6471/6690) Exporting 'Hidden/HDRP/FinalPass'
ExportProgress : (6472/6690) Exporting 'Hidden/HDRP/DownsampleDepth'
ExportProgress : (6473/6690) Exporting 'HDRP/Lit'
ExportProgress : (6474/6690) Exporting 'Hidden/HDRP/DepthValues'
ExportProgress : (6475/6690) Exporting 'Hidden/HDRP/MaterialError'
ExportProgress : (6476/6690) Exporting 'Hidden/PostProcessing/Debug/Vectorscope'
ExportProgress : (6477/6690) Exporting 'Hidden/HDRP/CustomPassUtils'
ExportProgress : (6478/6690) Exporting 'Hidden/HDRP/DebugColorPicker'
ExportProgress : (6479/6690) Exporting 'Hidden/HDRP/DebugLocalVolumetricFogAtlas'
ExportProgress : (6480/6690) Exporting 'Hidden/HDRP/LensFlareDataDriven'
ExportProgress : (6481/6690) Exporting 'Hidden/HDRP/FallbackError'
ExportProgress : (6482/6690) Exporting 'Hidden/HDRP/DebugLightVolumes'
ExportProgress : (6483/6690) Exporting 'Hidden/HDRP/ClearStencilBuffer'
ExportProgress : (6484/6690) Exporting 'Hidden/ScriptableRenderPipeline/DebugDisplayHDShadowMap'
ExportProgress : (6485/6690) Exporting 'Hidden/PostProcessing/SubpixelMorphologicalAntialiasing'
ExportProgress : (6486/6690) Exporting 'Hidden/HDRP/DebugHDR'
ExportProgress : (6487/6690) Exporting 'Hidden/HDRP/Sky/HDRISky'
ExportProgress : (6488/6690) Exporting 'Hidden/HDRP/CustomClear'
ExportProgress : (6489/6690) Exporting 'Hidden/HDRP/Sky/PbrSky'
ExportProgress : (6490/6690) Exporting 'Hidden/HDRP/PreIntegratedFGD_CookTorrance'
ExportProgress : (6491/6690) Exporting 'Hidden/HDRP/BlitColorAndDepth'
ExportProgress : (6492/6690) Exporting 'Hidden/HDRP/ScreenSpaceShadows'
ExportProgress : (6493/6690) Exporting 'Hidden/HDRP/DebugDisplayLatlong'
ExportProgress : (6494/6690) Exporting 'Hidden/CoreResources/FilterAreaLightCookies'
ExportProgress : (6495/6690) Exporting 'HDRP/Unlit'
ExportProgress : (6496/6690) Exporting 'Hidden/HDRP/DebugViewTiles'
ExportProgress : (6497/6690) Exporting 'Hidden/ScriptableRenderPipeline/ShadowBlit'
ExportProgress : (6498/6690) Exporting 'Hidden/HDRP/CustomPassRenderersUtils'
ExportProgress : (6499/6690) Exporting 'Hidden/HDRP/DebugBlitQuad'
ExportProgress : (6500/6690) Exporting 'Hidden/BlitCubemap'
ExportProgress : (6501/6690) Exporting 'Hidden/HDRP/PreIntegratedFGD_Ward'
ExportProgress : (6502/6690) Exporting 'Hidden/SRP/BlitCubeTextureFace'
ExportProgress : (6503/6690) Exporting 'Hidden/Shader Graph/FallbackError'
ExportProgress : (6504/6690) Exporting 'Hidden/HDRP/ProbeVolumeOffsetDebug'
ExportProgress : (6505/6690) Exporting 'Hidden/HDRP/ColorResolve'
ExportProgress : (6506/6690) Exporting 'Hidden/HDRP/DeferredTile'
ExportProgress : (6507/6690) Exporting 'Hidden/HDRP/Blit'
ExportProgress : (6508/6690) Exporting 'Hidden/ScriptableRenderPipeline/ShadowClear'
ExportProgress : (6509/6690) Exporting 'Hidden/HDRP/XRMirrorView'
ExportProgress : (6510/6690) Exporting 'Hidden/HDRP/DebugFullScreen'
ExportProgress : (6511/6690) Exporting 'Hidden/HDRP/MotionVecResolve'
ExportProgress : (6512/6690) Exporting 'Hidden/HDRP/Material/Decal/DecalNormalBuffer'
ExportProgress : (6513/6690) Exporting 'FourierTransform'
ExportProgress : (6514/6690) Exporting 'DepthOfFieldCoC'
ExportProgress : (6515/6690) Exporting 'LensFlareMergeOcclusionDataDriven'
ExportProgress : (6516/6690) Exporting 'BakeCloudTexture'
ExportProgress : (6517/6690) Exporting 'Deferred'
ExportProgress : (6518/6690) Exporting 'lightlistbuild-clustered'
ExportProgress : (6519/6690) Exporting 'PaniniProjection'
ExportProgress : (6520/6690) Exporting 'BloomBlur'
ExportProgress : (6521/6690) Exporting 'FXAA'
ExportProgress : (6522/6690) Exporting 'ApplyExposure'
ExportProgress : (6523/6690) Exporting 'DepthOfFieldCoCDilate'
ExportProgress : (6524/6690) Exporting 'lightlistbuild-clearatomic'
ExportProgress : (6525/6690) Exporting 'DoFGather'
ExportProgress : (6526/6690) Exporting 'HistogramExposure'
ExportProgress : (6527/6690) Exporting 'VFXCopyBuffer'
ExportProgress : (6528/6690) Exporting 'BloomPrefilter'
ExportProgress : (6529/6690) Exporting 'VolumetricMaterial'
ExportProgress : (6530/6690) Exporting 'MotionBlur'
ExportProgress : (6531/6690) Exporting 'GTAOSpatialDenoise'
ExportProgress : (6532/6690) Exporting 'DepthOfFieldMipSafe'
ExportProgress : (6533/6690) Exporting 'GTAOTemporalDenoise'
ExportProgress : (6534/6690) Exporting 'DownsampleVTFeedback'
ExportProgress : (6535/6690) Exporting 'MotionBlurGenTilePass'
ExportProgress : (6536/6690) Exporting 'LutBuilder3D'
ExportProgress : (6537/6690) Exporting 'DepthOfFieldPreCombineFar'
ExportProgress : (6538/6690) Exporting 'ContactShadows'
ExportProgress : (6539/6690) Exporting 'BakeCloudShadows'
ExportProgress : (6540/6690) Exporting 'DepthOfFieldGather'
ExportProgress : (6541/6690) Exporting 'DepthOfFieldCoCReproject'
ExportProgress : (6542/6690) Exporting 'HairMultipleScatteringPreIntegration'
ExportProgress : (6543/6690) Exporting 'BlitAndExpose'
ExportProgress : (6544/6690) Exporting 'MomentShadows'
ExportProgress : (6545/6690) Exporting 'builddispatchindirect'
ExportProgress : (6546/6690) Exporting 'DebugHistogramImage'
ExportProgress : (6547/6690) Exporting 'ContrastAdaptiveSharpen'
ExportProgress : (6548/6690) Exporting 'BloomUpsample'
ExportProgress : (6549/6690) Exporting 'MotionBlurNeighborhoodTilePass'
ExportProgress : (6550/6690) Exporting 'lightlistbuild-bigtile'
ExportProgress : (6551/6690) Exporting 'DebugWaveform'
ExportProgress : (6552/6690) Exporting 'DepthPyramid'
ExportProgress : (6553/6690) Exporting 'lightlistbuild'
ExportProgress : (6554/6690) Exporting 'ResolveStencilBuffer'
ExportProgress : (6555/6690) Exporting 'GTAO'
ExportProgress : (6556/6690) Exporting 'BilateralUpsample'
ExportProgress : (6557/6690) Exporting 'GenSdfRayMap'
ExportProgress : (6558/6690) Exporting 'DepthOfFieldClearIndirectArgs'
ExportProgress : (6559/6690) Exporting 'DebugVectorscope'
ExportProgress : (6560/6690) Exporting 'CloudMapGenerator'
ExportProgress : (6561/6690) Exporting 'AmbientProbeConvolution'
ExportProgress : (6562/6690) Exporting 'InScatteredRadiancePrecomputation'
ExportProgress : (6563/6690) Exporting 'scrbound'
ExportProgress : (6564/6690) Exporting 'TemporalFilter'
ExportProgress : (6565/6690) Exporting 'ClearLightLists'
ExportProgress : (6566/6690) Exporting 'DoFCircleOfConfusion'
ExportProgress : (6567/6690) Exporting 'DoFMinMaxDilate'
ExportProgress : (6568/6690) Exporting 'ComputeGgxIblSampleData'
ExportProgress : (6569/6690) Exporting 'DepthOfFieldKernel'
ExportProgress : (6570/6690) Exporting 'SkyLUTGenerator'
ExportProgress : (6571/6690) Exporting 'GTAOCopyHistory'
ExportProgress : (6572/6690) Exporting 'ClearDebugBuffer'
ExportProgress : (6573/6690) Exporting 'Texture3DAtlas'
ExportProgress : (6574/6690) Exporting 'NaNKiller'
ExportProgress : (6575/6690) Exporting 'VFXFillIndirectArgs'
ExportProgress : (6576/6690) Exporting 'DepthOfFieldTileMax'
ExportProgress : (6577/6690) Exporting 'UpdateStrips'
ExportProgress : (6578/6690) Exporting 'ScreenSpaceGlobalIllumination'
ExportProgress : (6579/6690) Exporting 'Exposure'
ExportProgress : (6580/6690) Exporting 'GTAOBlurAndUpsample'
ExportProgress : (6581/6690) Exporting 'PlanarReflectionFiltering'
ExportProgress : (6582/6690) Exporting 'ProbeVolumeBlendStates'
ExportProgress : (6583/6690) Exporting 'GPUCopy'
ExportProgress : (6584/6690) Exporting 'EncodeBC6H'
ExportProgress : (6585/6690) Exporting 'SubsurfaceScattering'
ExportProgress : (6586/6690) Exporting 'VolumetricLighting'
ExportProgress : (6587/6690) Exporting 'DiffuseDenoiser'
ExportProgress : (6588/6690) Exporting 'BuildProbabilityTables'
ExportProgress : (6589/6690) Exporting 'VolumeVoxelization'
ExportProgress : (6590/6690) Exporting 'AlphaCopy'
ExportProgress : (6591/6690) Exporting 'DoFCoCMinMax'
ExportProgress : (6592/6690) Exporting 'DepthOfFieldCombine'
ExportProgress : (6593/6690) Exporting 'MotionBlurMergeTilePass'
ExportProgress : (6594/6690) Exporting 'ClearUIntTextureArray'
ExportProgress : (6595/6690) Exporting 'ScreenSpaceReflections'
ExportProgress : (6596/6690) Exporting 'DepthOfFieldMip'
ExportProgress : (6597/6690) Exporting 'DoFCombine'
ExportProgress : (6598/6690) Exporting 'WaterLighting'
ExportProgress : (6599/6690) Exporting 'GenerateMaxZ'
ExportProgress : (6600/6690) Exporting 'Sort'
ExportProgress : (6601/6690) Exporting 'GroundIrradiancePrecomputation'
ExportProgress : (6602/6690) Exporting 'Accumulation'
ExportProgress : (6603/6690) Exporting 'MotionBlurMotionVecPrep'
ExportProgress : (6604/6690) Exporting 'VolumetricLightingFiltering'
ExportProgress : (6605/6690) Exporting 'EdgeAdaptiveSpatialUpsampling'
ExportProgress : (6606/6690) Exporting 'DebugHDRxyMapping'
ExportProgress : (6607/6690) Exporting 'UberPost'
ExportProgress : (6608/6690) Exporting 'DepthOfFieldPrefilter'
ExportProgress : (6609/6690) Exporting 'WaterSimulation'
ExportProgress : (6610/6690) Exporting 'DebugLightVolumes'
ExportProgress : (6611/6690) Exporting 'VolumetricClouds'
ExportProgress : (6612/6690) Exporting 'ClearBuffer2D'
ExportProgress : (6613/6690) Exporting 'EVSMBlur'
ExportProgress : (6614/6690) Exporting 'materialflags'
ExportProgress : (6615/6690) Exporting 'cleardispatchindirect'
ExportProgress : (6616/6690) Exporting 'DefaultHDRISky'
ExportProgress : (6617/6690) Exporting 'EmptyScriptExportCollection'
Export : Exporting scripts...
ExportProgress : (6618/6690) Exporting 'WorleyNoise128RGBA'
ExportProgress : (6619/6690) Exporting 'PerlinNoise32RGB'
ExportProgress : (6620/6690) Exporting 'EyeCausticLUT16R'
ExportProgress : (6621/6690) Exporting 'WorleyNoise32RGB'
ExportProgress : (6622/6690) Exporting 'Sprite'
ExportProgress : (6623/6690) Exporting 'MotionBlur'
ExportProgress : (6624/6690) Exporting 'GradientSky'
ExportProgress : (6625/6690) Exporting 'GlobalIllumination'
ExportProgress : (6626/6690) Exporting 'ColorAdjustments'
ExportProgress : (6627/6690) Exporting 'ContactShadows'
ExportProgress : (6628/6690) Exporting 'IrisDiffusionProfile 25mm'
ExportProgress : (6629/6690) Exporting 'ScleraDiffusionProfile 25mm'
ExportProgress : (6630/6690) Exporting 'DiffusionProfileFoliage'
ExportProgress : (6631/6690) Exporting 'HDRP Balanced'
ExportProgress : (6632/6690) Exporting 'HDRP High Fidelity'
ExportProgress : (6633/6690) Exporting 'HDRP Performant'
ExportProgress : (6634/6690) Exporting 'HDRP Super Low'
ExportProgress : (6635/6690) Exporting 'DefaultSettingsVolumeProfile'
ExportProgress : (6636/6690) Exporting 'HDRenderPipelineGlobalSettings'
ExportProgress : (6637/6690) Exporting 'SemenDiffusionProfile'
ExportProgress : (6638/6690) Exporting 'SkinDiffusionProfile'
ExportProgress : (6639/6690) Exporting 'DefaultLookDevProfile'
ExportProgress : (6640/6690) Exporting 'HDRenderPipelineRuntimeResources'
ExportProgress : (6641/6690) Exporting 'defaultDiffusionProfile'
ExportProgress : (6642/6690) Exporting 'RuntimeResources'
ExportProgress : (6643/6690) Exporting 'Bloom'
ExportProgress : (6644/6690) Exporting 'AmbientOcclusion'
ExportProgress : (6645/6690) Exporting 'HDShadowSettings'
ExportProgress : (6646/6690) Exporting 'VisualEnvironment'
ExportProgress : (6647/6690) Exporting 'Bloom'
ExportProgress : (6648/6690) Exporting 'Exposure'
ExportProgress : (6649/6690) Exporting 'DiffusionProfileList'
ExportProgress : (6650/6690) Exporting 'AmbientOcclusion'
ExportProgress : (6651/6690) Exporting 'Tonemapping'
ExportProgress : (6652/6690) Exporting 'HDShadowSettings'
ExportProgress : (6653/6690) Exporting 'Tonemapping'
ExportProgress : (6654/6690) Exporting 'HotelScene'
ExportProgress : (6655/6690) Exporting 'ClassroomScene'
ExportProgress : (6656/6690) Exporting 'SubwayScene'
ExportProgress : (6657/6690) Exporting 'PunishmentRoomScene'
ExportProgress : (6658/6690) Exporting 'RoomScene'
ExportProgress : (6659/6690) Exporting 'StreetScene'
ExportProgress : (6660/6690) Exporting 'StartScene'
ExportProgress : (6661/6690) Exporting 'PlayerSettings'
ExportProgress : (6662/6690) Exporting 'InputManager'
ExportProgress : (6663/6690) Exporting 'TagManager'
ExportProgress : (6664/6690) Exporting 'AudioManager'
ExportProgress : (6665/6690) Exporting 'GraphicsSettings'
ExportProgress : (6666/6690) Exporting 'TimeManager'
ExportProgress : (6667/6690) Exporting 'DelayedCallManager'
ExportProgress : (6668/6690) Exporting 'PhysicsManager'
ExportProgress : (6669/6690) Exporting 'QualitySettings'
ExportProgress : (6670/6690) Exporting 'NavMeshProjectSettings'
ExportProgress : (6671/6690) Exporting 'Physics2DSettings'
ExportProgress : (6672/6690) Exporting 'RuntimeInitializeOnLoadManager'
ExportProgress : (6673/6690) Exporting 'StreamingManager'
ExportProgress : (6674/6690) Exporting 'VFXManager'
ExportProgress : (6675/6690) Exporting 'EditorBuildSettings'
ExportProgress : (6676/6690) Exporting 'EditorSettings'
ExportProgress : (6677/6690) Exporting 'LightingData'
ExportProgress : (6678/6690) Exporting 'HotelScene (SceneAsset)'
ExportProgress : (6679/6690) Exporting 'LightingData'
ExportProgress : (6680/6690) Exporting 'ClassroomScene (SceneAsset)'
ExportProgress : (6681/6690) Exporting 'LightingData'
ExportProgress : (6682/6690) Exporting 'SubwayScene (SceneAsset)'
ExportProgress : (6683/6690) Exporting 'LightingData'
ExportProgress : (6684/6690) Exporting 'PunishmentRoomScene (SceneAsset)'
ExportProgress : (6685/6690) Exporting 'LightingData'
ExportProgress : (6686/6690) Exporting 'RoomScene (SceneAsset)'
ExportProgress : (6687/6690) Exporting 'LightingData'
ExportProgress : (6688/6690) Exporting 'StreetScene (SceneAsset)'
ExportProgress : (6689/6690) Exporting 'LightingData'
ExportProgress : (6690/6690) Exporting 'StartScene (SceneAsset)'
Export : Finished exporting assets
Export : Copying streaming assets...
Export : Saving game assemblies...
Export : Finished post-export
